order_id,product_id,add_to_cart_order
762,21137,1
762,41220,2
762,15872,3
762,30391,4
844,14992,1
844,21405,2
844,11182,3
844,28289,4
844,9387,5
844,18599,6
844,31766,7
1077,13176,1
1077,39922,2
1077,5258,3
1077,21137,4
1119,6046,1
1119,47626,2
1119,18465,3
1119,27104,4
1119,8424,5
1119,15937,6
1275,6046,1
1275,48679,2
1275,5450,3
1275,31506,4
1275,18761,5
1682,21050,1
1682,22935,2
1682,16953,3
1682,46720,4
1682,16823,5
1682,41220,6
1682,5876,7
1682,39993,8
1721,38689,1
1721,27845,2
1721,22260,3
1721,5134,4
1721,6104,5
1721,14197,6
1851,7131,1
1851,33911,2
1851,40233,3
2115,35887,1
2115,20995,2
2115,31766,3
2115,44910,4
2530,4957,1
2530,33754,2
2603,13176,1
2603,47672,2
2603,27966,3
2603,18531,4
2603,42701,5
2711,9387,1
2711,17122,2
2711,27325,3
2711,3873,4
2737,12481,1
2737,6187,2
2737,49610,3
2936,24184,1
2936,24964,2
2936,30489,3
2985,2120,1
2985,4562,2
2985,20378,3
2985,37107,4
2985,26209,5
2985,5876,6
2985,43772,7
2985,26369,8
3068,5258,1
3068,16797,2
3752,13535,1
3752,38768,2
3752,44683,3
3817,38772,1
3817,28934,2
3817,41787,3
3817,43961,4
3817,25890,5
4361,30827,1
4361,44683,2
4361,37687,3
4361,46802,4
4468,43295,1
4468,9076,2
4468,27521,3
4468,260,4
4468,5794,5
4998,25466,1
4998,27966,2
4998,24838,3
5117,21137,1
5117,44632,2
5117,3952,3
5117,27336,4
5117,45007,5
5117,36011,6
5117,46616,7
5117,37646,8
5117,1695,9
5356,26088,1
5356,15680,2
5356,196,3
5356,35561,4
5368,10,1
5368,4138,2
5368,33198,3
5437,31506,1
5437,34243,2
5611,31683,1
5611,16254,2
5611,11520,3
5611,38689,4
5611,45066,5
5611,25753,6
5611,34969,7
5611,28934,8
5611,32864,9
5611,42736,10
5728,2078,1
5728,33000,2
5728,29801,3
5728,33290,4
5728,6210,5
5981,44632,1
5981,31338,2
6000,12872,1
6000,38273,2
6000,18370,3
6000,22935,4
6000,10749,5
6000,33731,6
6000,34126,7
6000,21872,8
6000,26369,9
6000,47626,10
6000,30391,11
6000,35336,12
6000,15153,13
6000,33956,14
6773,40377,1
6773,8021,2
6773,9741,3
8964,17224,1
8964,31215,2
8964,17758,3
8964,40198,4
8964,21709,5
8964,44632,6
8964,24810,7
9534,21137,1
9534,39275,2
9780,48370,1
9780,44632,2
9780,9366,3
9869,1896,1
9869,21903,2
9869,21616,3
9869,19057,4
9869,16797,5
10270,42736,1
10270,39180,2
10270,45066,3
10270,8277,4
10270,37646,5
10270,39275,6
10270,29898,7
10270,210,8
10754,46149,1
10754,196,2
10754,40063,3
11185,27344,1
11185,260,2
11185,46802,3
11239,46802,1
11239,21137,2
11239,20842,3
11239,41950,4
11239,30391,5
11239,31717,6
11239,39928,7
11382,30391,1
11382,37646,2
11480,196,1
11480,22802,2
11650,13176,1
11650,47209,2
11650,10749,3
11650,12206,4
11650,21137,5
11650,30391,6
11650,48679,7
11650,37687,8
12221,46149,1
12221,196,2
12837,23594,1
12837,4920,2
12837,27966,3
12837,31040,4
13061,2120,1
13061,21195,2
13094,15680,1
13094,32478,2
13235,32717,1
13235,46709,2
13365,31915,1
13365,13176,2
13365,12341,3
13365,42265,4
13365,40706,5
13365,7503,6
13468,4920,1
13468,16797,2
13555,49610,1
13555,28156,2
13555,17872,3
13555,42265,4
13555,31869,5
14430,14947,1
14430,21709,2
14430,12919,3
14430,47977,4
14430,36316,5
14430,812,6
16349,8571,1
16349,39275,2
16349,21137,3
16428,42803,1
16428,40723,2
16428,30489,3
16428,13852,4
16428,39275,5
16428,4799,6
16428,21137,7
16577,35108,1
16577,27845,2
18488,8048,1
18488,5068,2
19660,40939,1
19660,12341,2
19660,43154,3
19660,13259,4
19874,41220,1
19874,35163,2
19874,19660,3
19874,16759,4
19893,27845,1
19893,39928,2
20121,19508,1
20121,28849,2
20121,31506,3
20121,49683,4
20121,44142,5
20121,43352,6
20813,13176,1
20813,21137,2
20813,19057,3
20813,47209,4
20813,31338,5
20813,27845,6
21746,20940,1
21746,12341,2
21746,13176,3
21894,39657,1
21894,14161,2
21894,38928,3
22126,5258,1
22126,14233,2
22126,46061,3
22735,16797,1
22735,37710,2
23153,19348,1
23153,27845,2
23153,27086,3
23153,49235,4
23153,33198,5
23153,9623,6
23153,48015,7
23153,8021,8
23777,37710,1
23777,196,2
23886,21137,1
23886,43352,2
23886,39275,3
24368,37646,1
24368,24954,2
24368,19057,3
24368,43122,4
24368,8174,5
24368,22825,6
24849,26620,1
24849,49191,2
24849,17191,3
24849,21709,4
24849,12576,5
24849,44632,6
24849,14947,7
25522,34584,1
25522,27966,2
25522,26604,3
25524,46562,1
25524,41400,2
25524,26348,3
25525,13176,1
25525,13629,2
25525,37646,3
25525,13517,4
25525,42265,5
25525,38689,6
25525,4472,7
25525,40910,8
25525,42342,9
25604,45123,1
25604,42445,2
25604,11777,3
25604,31506,4
25604,3952,5
25604,22210,6
25762,27966,1
25762,26604,2
25762,21137,3
25762,260,4
25762,28199,5
26146,24852,1
26146,47209,2
26146,37646,3
26656,48697,1
26656,1957,2
26749,12427,1
26749,31651,2
26749,39657,3
26887,40604,1
26887,30305,2
26887,24852,3
26887,13733,4
26887,43967,5
28139,1463,1
28139,40706,2
28139,17872,3
28139,39928,4
28139,27966,5
28139,26497,6
28250,24852,1
28250,5456,2
28250,36735,3
28250,8424,4
28250,27104,5
28250,13629,6
28250,8193,7
28824,16797,1
28824,30169,2
29369,24489,1
29369,13176,2
29369,13249,3
29369,5646,4
29369,33120,5
29369,9339,6
29369,17706,7
29369,42828,8
29369,37220,9
29413,23288,1
29413,5258,2
30098,2086,1
30098,8021,2
30098,19173,3
30239,28204,1
30239,23909,2
30239,21938,3
30347,13176,1
30347,39275,2
30347,15995,3
30347,37825,4
30647,48679,1
30647,21903,2
30647,15937,3
30647,22935,4
30647,20520,5
30647,5818,6
30739,4920,1
30739,3298,2
30739,38768,3
30739,38928,4
30739,32478,5
31035,13176,1
31035,8174,2
31035,40723,3
31035,33055,4
31228,31717,1
31228,10385,2
31228,26369,3
31228,8518,4
31228,34126,5
31228,39984,6
31228,23165,7
31228,6873,8
31228,12409,9
33035,14233,1
33035,14715,2
33160,45190,1
33160,46402,2
33887,12341,1
33887,14715,2
34125,31553,1
34125,25931,2
34125,28597,3
34125,2228,4
34533,21267,1
34533,34358,2
34533,9339,3
34533,47630,4
34533,8955,5
34804,21137,1
34804,43086,2
34978,48679,1
34978,35140,2
35563,21292,1
35563,12341,2
35563,13176,3
35630,39275,1
35630,21376,2
35630,9387,3
35657,7948,1
35657,14462,2
35657,30850,3
35657,37646,4
35657,45007,5
35657,17794,6
35657,42585,7
36148,24184,1
36148,47766,2
36148,24852,3
36148,20114,4
36148,5876,5
36148,8424,6
36148,21903,7
36148,46979,8
36148,44632,9
36148,12576,10
36148,21709,11
36148,28373,12
36148,12456,13
36148,5025,14
36148,45066,15
36148,28204,16
36148,16759,17
36273,37158,1
36273,8230,2
36273,42828,3
36390,5586,1
36390,12341,2
36390,9358,3
36390,39275,4
36913,4472,1
36913,24852,2
37272,42342,1
37272,4942,2
38242,13176,1
38242,17122,2
38312,21137,1
38312,10132,2
38312,35914,3
38741,4149,1
38741,21903,2
39643,3599,1
39643,44201,2
39643,12846,3
39643,4462,4
39643,24852,5
39906,11143,1
39906,18362,2
39906,11777,3
39906,26604,4
39906,20084,5
40136,196,1
40136,40199,2
40136,35561,3
40244,2855,1
40244,20345,2
40248,31506,1
40248,28427,2
40248,31927,3
40248,39408,4
40248,13517,5
40248,42828,6
41244,21903,1
41244,22260,2
41244,14127,3
41343,47141,1
41343,24852,2
41647,37646,1
41647,26165,2
41647,21903,3
41647,21616,4
41647,47626,5
42094,33787,1
42094,24852,2
42094,41588,3
42199,44632,1
42199,16083,2
42199,26790,3
42199,26620,4
42199,22825,5
42199,11440,6
42447,5258,1
42447,45051,2
42461,21137,1
42461,27845,2
43426,21903,1
43426,18963,2
43426,8021,3
44829,23032,1
44829,2707,2
44829,47865,3
44845,28849,1
44845,24852,2
46348,1194,1
46348,44632,2
46348,14233,3
46348,17530,4
46348,5876,5
46348,27966,6
46348,21009,7
46348,24489,8
47077,22362,1
47077,46061,2
47212,8571,1
47212,196,2
47212,43352,3
47212,39275,4
47773,19660,1
47773,196,2
48044,24852,1
48044,20842,2
48044,21709,3
48044,11123,4
48044,2966,5
48044,28204,6
48044,24838,7
48044,31231,8
48044,49520,9
48044,43352,10
48044,44632,11
48044,31663,12
48044,35221,13
48044,43961,14
48044,41844,15
48044,40174,16
48901,35336,1
48901,9358,2
48901,14419,3
49096,13176,1
49096,13083,2
49096,9387,3
49096,48679,4
49096,37220,5
49096,34243,6
49096,21903,7
49657,48745,1
49657,24184,2
49657,21938,3
49657,47209,4
49657,31717,5
49657,23594,6
49657,8518,7
51382,12606,1
51382,32578,2
51860,5161,1
51860,1158,2
51860,24852,3
51860,49075,4
51860,1710,5
51860,43961,6
51864,16083,1
51864,24852,2
52451,37687,1
52451,12341,2
52451,33768,3
52451,21903,4
52586,26209,1
52586,47626,2
52586,38456,3
52586,47766,4
52796,5258,1
52796,19660,2
52796,38768,3
52796,33768,4
53443,39275,1
53443,21137,2
53443,35561,3
54460,277,1
54460,24852,2
54460,17191,3
54468,17794,1
54468,40749,2
55071,13176,1
55071,10326,2
55071,21195,3
55071,32689,4
55071,21137,5
55519,21903,1
55519,24852,2
55519,30489,3
55519,28934,4
55519,31506,5
56005,13176,1
56005,43961,2
56005,28199,3
56005,8230,4
56569,19678,1
56569,17794,2
56569,37646,3
56569,47766,4
57720,33731,1
57720,4605,2
57720,20114,3
57720,42768,4
57720,27521,5
57720,41259,6
57720,26209,7
57720,28842,8
57720,42701,9
57720,47626,10
57720,47766,11
57720,27845,12
57720,24852,13
58231,21903,1
58231,32478,2
58231,651,3
58700,15424,1
58700,47000,2
58700,8195,3
59027,47626,1
59027,12456,2
59027,49075,3
59027,39877,4
59190,1215,1
59190,4799,2
59190,25146,3
59347,11777,1
59347,13292,2
59347,26283,3
60116,46061,1
60116,26348,2
60116,39275,3
60116,21288,4
60116,48812,5
60227,500,1
60227,36534,2
60676,9825,1
60676,21137,2
60676,44910,3
60676,6348,4
60676,19057,5
60676,24852,6
60676,32655,7
60676,43961,8
60676,47042,9
60676,27104,10
60743,47209,1
60743,13292,2
60743,26165,3
61748,31506,1
61748,46886,2
61748,40992,3
61793,43352,1
61793,8859,2
61793,19691,3
61793,26348,4
61793,6184,5
61793,22362,6
62153,47144,1
62153,29987,2
62153,33731,3
62153,32734,4
62153,12872,5
62153,19478,6
62153,25890,7
62251,21616,1
62251,25138,2
62251,30391,3
62251,21137,4
62251,14678,5
62251,35108,6
62251,4461,7
62317,6297,1
62317,13176,2
62317,47766,3
62317,16797,4
62317,40706,5
62442,8859,1
62442,43631,2
62442,8390,3
62442,29529,4
62452,13575,1
62452,21903,2
63015,6184,1
63015,41787,2
63808,21903,1
63808,44683,2
63808,39275,3
63808,21137,4
63819,40199,1
63819,16953,2
63819,26348,3
63819,27288,4
64088,43154,1
64088,3298,2
64218,21709,1
64218,32864,2
64447,8277,1
64447,35898,2
64447,39190,3
65330,47788,1
65330,260,2
65330,16797,3
65330,27966,4
65330,39928,5
65330,19057,6
65472,35951,1
65472,13176,2
65472,43352,3
65472,4920,4
65828,20119,1
65828,49191,2
65828,12576,3
65828,31964,4
65828,48142,5
65828,28836,6
66395,24954,1
66395,18926,2
66395,27730,3
66395,9623,4
66938,46149,1
66938,41400,2
66938,20940,3
68132,26604,1
68132,18656,2
68313,4149,1
68313,21137,2
69933,33000,1
69933,48812,2
70604,44375,1
70604,33911,2
70604,22935,3
70604,27845,4
70604,34358,5
70604,34126,6
70604,17794,7
72528,12341,1
72528,32689,2
72528,30827,3
72528,8048,4
73078,47141,1
73078,35221,2
73293,13176,1
73293,24799,2
73293,47144,3
73293,30489,4
73293,2086,5
73997,3298,1
73997,7131,2
74091,37687,1
74091,41400,2
74501,2966,1
74501,19057,2
74501,30391,3
74501,16797,4
74501,26369,5
74501,26800,6
74501,44359,7
74501,46667,8
74501,25146,9
74501,19173,10
74501,21903,11
75012,24852,1
75012,39475,2
75012,46906,3
75012,27845,4
75012,33754,5
75012,4957,6
75012,29270,7
75012,47766,8
75706,31759,1
75706,11759,2
75706,4724,3
76056,37646,1
76056,37215,2
76056,38689,3
76056,48094,4
76056,25753,5
76056,16185,6
76056,30489,7
76056,25890,8
76056,40706,9
76056,21903,10
76056,1158,11
76056,34584,12
76056,19048,13
76056,27156,14
76200,196,1
76200,7751,2
76200,23288,3
76465,23909,1
76465,47766,2
76465,49235,3
76465,11520,4
76746,17794,1
76746,14992,2
76746,47144,3
76746,33956,4
77345,35749,1
77345,5450,2
77345,28985,3
78202,47209,1
78202,26497,2
78202,27323,3
78202,26209,4
78202,28842,5
78202,5818,6
78202,24964,7
78202,8424,8
78202,45007,9
78203,38159,1
78203,8277,2
78203,42356,3
78203,44422,4
78203,9755,5
79621,8859,1
79621,25466,2
79718,9623,1
79718,34969,2
79718,16797,3
79718,24954,4
79718,13263,5
79718,10957,6
79718,31808,7
79718,21386,8
79718,31553,9
80141,196,1
80141,46149,2
80141,38928,3
80433,42736,1
80433,7179,2
80767,21131,1
80767,31564,2
81004,8571,1
81004,43352,2
81004,13032,3
81004,21572,4
82334,5876,1
82334,9047,2
82645,13176,1
82645,42265,2
82645,39275,3
82645,651,4
82645,10326,5
82708,18027,1
82708,35504,2
83472,42500,1
83472,14233,2
83818,14650,1
83818,17794,2
84726,30233,1
84726,5785,2
85688,9839,1
85688,6287,2
85688,25197,3
85804,14715,1
85804,19660,2
85867,13176,1
85867,8277,2
86721,17122,1
86721,42265,2
86721,7131,3
86721,21292,4
86721,13176,5
86721,48142,6
87521,18721,1
87521,22825,2
88434,26405,1
88434,38300,2
88901,14233,1
88901,23288,2
89111,21195,1
89111,39275,2
89787,32740,1
89787,27360,2
89787,40268,3
90004,44570,1
90004,21903,2
90004,37646,3
90004,46667,4
90004,44359,5
90004,30391,6
90004,39928,7
90395,6799,1
90395,23288,2
90701,24363,1
90701,26165,2
90701,25146,3
91035,25466,1
91035,26209,2
91035,16349,3
91035,21903,4
91394,44632,1
91394,45066,2
91394,21903,3
91394,43961,4
91394,37276,5
91394,24852,6
91394,18382,7
91452,33043,1
91452,46562,2
91452,6184,3
91481,13176,1
91481,9387,2
91481,13575,3
92400,43352,1
92400,196,2
92486,41276,1
92486,33452,2
92901,4658,1
92901,24964,2
92901,35939,3
92901,30305,4
92901,5818,5
92917,46979,1
92917,24852,2
92917,19057,3
92917,28204,4
92917,45437,5
92917,8193,6
92917,39984,7
93062,32303,1
93062,36051,2
93408,16797,1
93408,13176,2
93408,39275,3
93646,47766,1
93646,47626,2
93646,24838,3
93646,13176,4
93646,21903,5
93646,21267,6
93646,2078,7
93646,37158,8
93963,24964,1
93963,21137,2
94667,13176,1
94667,13245,2
95439,20574,1
95439,11512,2
95439,40198,3
95439,46886,4
95439,2086,5
95439,44471,6
95439,43961,7
95439,40571,8
95439,33754,9
95695,21572,1
95695,46061,2
96227,42244,1
96227,31343,2
96227,22959,3
96227,18465,4
96227,1158,5
96631,19660,1
96631,44632,2
96631,8615,3
96631,8277,4
96631,13176,5
97027,13838,1
97027,34969,2
97027,20345,3
97338,13176,1
97338,48988,2
97753,19660,1
97753,22802,2
98105,47042,1
98105,19660,2
98105,5876,3
98105,47209,4
98105,11576,5
98105,27966,6
98105,16759,7
98105,36076,8
98259,38689,1
98259,33787,2
98259,40571,3
98259,5077,4
98271,9839,1
98271,8571,2
98271,39275,3
98474,31651,1
98474,47788,2
98474,30450,3
98554,42736,1
98554,24489,2
98554,1408,3
98554,21405,4
98554,28199,5
98554,44661,6
98579,43295,1
98579,47156,2
98579,36956,3
98579,24852,4
98579,5618,5
98579,4210,6
98579,41658,7
98579,8424,8
98579,21903,9
98712,19057,1
98712,22950,2
98712,27544,3
100003,651,1
100003,20955,2
100558,196,1
100558,30450,2
100558,20345,3
100558,13966,4
100558,25659,5
100982,40545,1
100982,8174,2
100982,28985,3
100982,27966,4
100982,24852,5
100982,31506,6
100982,11140,7
100982,47734,8
100982,1408,9
100982,10749,10
100982,15290,11
100982,34126,12
100982,17461,13
100982,20574,14
101820,43352,1
101820,21137,2
102040,25931,1
102040,35221,2
102040,35547,3
102040,44632,4
102217,13176,1
102217,6184,2
102217,41787,3
102217,10326,4
102237,24852,1
102237,46906,2
102237,20734,3
102410,43192,1
102410,42625,2
102410,15937,3
102410,22935,4
102410,47626,5
102410,23400,6
102410,8955,7
102410,5479,8
102568,32465,1
102568,21903,2
102568,22935,3
102568,2314,4
102568,39619,5
102568,12320,6
102568,33731,7
102568,18370,8
102568,26369,9
102963,27845,1
102963,42265,2
102963,21137,3
102963,26497,4
102963,13176,5
103601,13380,1
103601,9839,2
103601,19057,3
103601,13176,4
103658,6184,1
103658,11759,2
104686,14678,1
104686,25146,2
104686,34217,3
104686,28204,4
104686,3896,5
104686,37220,6
104978,27344,1
104978,27730,2
104978,40174,3
104978,2452,4
104978,4792,5
104978,16797,6
104978,28934,7
104978,13176,8
104978,12409,9
105138,12916,1
105138,39409,2
105138,45646,3
105138,41665,4
105138,38739,5
105138,23734,6
105138,26209,7
105634,46041,1
105634,196,2
105634,26088,3
105697,6187,1
105697,9076,2
105697,26604,3
105697,42265,4
105697,44359,5
105697,2180,6
105697,23375,7
105697,34050,8
106045,25466,1
106045,23288,2
106151,40939,1
106151,35561,2
106151,31651,3
106168,12341,1
106168,26604,2
106995,42244,1
106995,13176,2
106995,42736,3
106995,15261,4
106995,47626,5
106995,45007,6
106995,24184,7
106995,24964,8
106995,11520,9
106995,44683,10
106995,37646,11
106995,2295,12
106995,41544,13
106995,4605,14
106995,48679,15
106995,8424,16
107781,35221,1
107781,44632,2
107781,21709,3
107781,22556,4
107781,27845,5
107781,49520,6
107781,7175,7
107781,42244,8
107974,2078,1
107974,21137,2
107974,13646,3
107974,11005,4
107974,24852,5
107974,20738,6
107974,42828,7
108134,42731,1
108134,27360,2
108616,48628,1
108616,30391,2
108616,21137,3
108679,21386,1
108679,19660,2
108679,13176,3
108679,16797,4
108983,24852,1
108983,1511,2
109090,5258,1
109090,196,2
109090,31651,3
109283,27325,1
109283,2536,2
109283,32650,3
109435,32689,1
109435,17794,2
109435,24964,3
109435,26209,4
109435,27104,5
109435,4605,6
109435,16349,7
109435,11777,8
109435,47209,9
109435,1244,10
110476,4149,1
110476,13176,2
110520,44292,1
110520,45007,2
110520,5785,3
110520,2078,4
111079,13176,1
111079,25890,2
111079,36441,3
111079,47766,4
111649,47626,1
111649,11520,2
111649,39947,3
111661,47144,1
111661,16349,2
111661,19057,3
111992,13535,1
111992,44449,2
111992,890,3
112869,23909,1
112869,33198,2
112869,43631,3
112869,14788,4
113473,1831,1
113473,6187,2
113473,1695,3
113473,27086,4
113479,196,1
113479,37710,2
113479,38928,3
113479,13424,4
113479,43154,5
113639,18200,1
113639,24841,2
113639,21137,3
113639,31766,4
113818,12341,1
113818,8859,2
113818,30827,3
114056,47672,1
114056,44683,2
114056,22935,3
114056,4920,4
114056,32689,5
114753,41694,1
114753,44628,2
114753,31506,3
114753,5621,4
114929,41400,1
114929,11759,2
115119,47626,1
115119,35221,2
115119,44632,3
115270,6287,1
115270,15872,2
115270,46906,3
115270,24759,4
115270,35221,5
115335,13176,1
115335,35503,2
115335,39877,3
115335,28985,4
115335,37646,5
115335,38739,6
115335,46667,7
115335,27966,8
115335,14084,9
115335,21903,10
115538,46676,1
115538,32578,2
117209,6069,1
117209,6187,2
117209,49030,3
117209,33452,4
118014,196,1
118014,43154,2
119155,42719,1
119155,18606,2
119445,1158,1
119445,47141,2
119445,29487,3
119445,21903,4
120094,27086,1
120094,25767,2
120478,34217,1
120478,37067,2
120505,36865,1
120505,13263,2
120505,24852,3
120505,20842,4
120505,46906,5
120505,30489,6
120644,24964,1
120644,13852,2
120644,17794,3
120644,5818,4
120644,13733,5
120644,10644,6
120740,27845,1
120740,38689,2
120908,17652,1
120908,34448,2
120908,27086,3
120918,5258,1
120918,32303,2
122929,46149,1
122929,16797,2
122929,40939,3
122929,7131,4
122929,23288,5
123045,21903,1
123045,14715,2
123045,42265,3
123045,13176,4
123763,24838,1
123763,34050,2
123763,21137,3
123763,13176,4
124681,39408,1
124681,26620,2
124734,44632,1
124734,5479,2
124734,28985,3
124734,31683,4
124734,40706,5
125099,15359,1
125099,42736,2
125099,8518,3
126817,37524,1
126817,18234,2
127764,16083,1
127764,27845,2
127764,30391,3
127764,16797,4
127764,25753,5
128346,8571,1
128346,26088,2
128429,47766,1
128429,42736,2
128429,1360,3
128429,45007,4
128429,45066,5
128429,20842,6
128429,1158,7
128429,46667,8
128429,5373,9
129325,3952,1
129325,13176,2
129325,32655,3
129325,45066,4
129325,46979,5
129325,27344,6
129325,10246,7
129325,29987,8
129325,47209,9
129325,34969,10
129325,11140,11
129361,12341,1
129361,21903,2
129361,35951,3
129361,38768,4
129361,13176,5
129795,39275,1
129795,30233,2
129795,5450,3
129795,24810,4
129795,1360,5
129795,18362,6
129795,46676,7
129795,11777,8
129795,41787,9
129795,24852,10
129795,47626,11
129795,41950,12
129795,8518,13
129795,27156,14
130431,18234,1
130431,47766,2
130540,45066,1
130540,14218,2
130540,21405,3
130570,13176,1
130570,8048,2
130570,12341,3
130570,33000,4
131580,8193,1
131580,13629,2
131580,40396,3
132189,17122,1
132189,16797,2
132189,21288,3
132396,47766,1
132396,14218,2
132396,28373,3
133285,329,1
133285,1194,2
133520,2295,1
133520,5769,2
133637,18880,1
133637,17794,2
133637,9550,3
133637,21137,4
133637,21938,5
133637,8424,6
133637,24838,7
133637,21903,8
133637,43352,9
133637,24799,10
133637,43662,11
134408,27086,1
134408,22825,2
134426,47977,1
134426,36316,2
134426,1831,3
134426,31964,4
134491,3389,1
134491,9076,2
134491,16797,3
134570,33198,1
134570,17316,2
135008,32455,1
135008,13176,2
135008,30591,3
135008,196,4
135008,46149,5
135008,46061,6
135008,26348,7
135008,31651,8
135241,432,1
135241,2295,2
135241,47209,3
135241,2228,4
135781,5785,1
135781,21137,2
135781,37766,3
136113,21195,1
136113,46802,2
136971,29447,1
136971,30233,2
136971,13176,3
136971,28204,4
136971,17600,5
136971,21137,6
136971,43122,7
136971,20738,8
136971,30391,9
136971,26283,10
136971,5450,11
136971,30639,12
136971,42625,13
137571,38557,1
137571,21616,2
137571,30489,3
137571,21376,4
137571,37646,5
137571,8277,6
137571,31040,7
137571,20580,8
137571,26604,9
137688,21709,1
137688,44359,2
137688,17706,3
138028,37276,1
138028,19660,2
138143,45123,1
138143,17794,2
138552,24964,1
138552,17795,2
138552,6873,3
138552,38293,4
138552,11520,5
138552,21903,6
138552,13176,7
138552,2966,8
138552,46802,9
138552,27156,10
138552,3376,11
139099,16797,1
139099,21386,2
139240,23734,1
139240,7461,2
139533,12341,1
139533,13032,2
140593,6287,1
140593,21903,2
140593,13176,3
140593,27966,4
140593,2228,5
140593,48679,6
140593,39558,7
140593,7948,8
140696,7088,1
140696,5785,2
140696,21137,3
140696,41658,4
140696,16349,5
140698,13176,1
140698,20955,2
141132,13966,1
141132,14715,2
141166,19660,1
141166,21137,2
141184,21903,1
141184,4724,2
142196,43352,1
142196,42701,2
142196,30827,3
142196,13176,4
142687,5258,1
142687,38928,2
143068,8193,1
143068,3389,2
143068,4210,3
143339,13176,1
143339,37646,2
143339,21543,3
143738,35951,1
143738,37067,2
143792,38768,1
143792,12341,2
143792,26317,3
143792,280,4
143792,39275,5
144035,18200,1
144035,43295,2
144111,13176,1
144111,16797,2
144411,42736,1
144411,15872,2
144623,19125,1
144623,15860,2
144623,9018,3
144952,24964,1
144952,5876,2
144952,34126,3
144952,18918,4
144952,18531,5
144952,48679,6
145489,13176,1
145489,21137,2
145489,39275,3
145489,37158,4
145489,49131,5
145489,39619,6
145489,44359,7
145489,2295,8
145489,48595,9
145753,19057,1
145753,21137,2
145753,27966,3
145753,47209,4
146073,12409,1
146073,47209,2
146073,19057,3
146482,49683,1
146482,47766,2
146482,40604,3
146482,44632,4
146482,21872,5
146482,25890,6
146761,13176,1
146761,47209,2
146761,21083,3
146761,39561,4
146761,8174,5
146761,5077,6
146836,13176,1
146836,20842,2
146836,8021,3
146836,5612,4
147448,13176,1
147448,37710,2
147448,7131,3
148609,1194,1
148609,2855,2
148609,47766,3
148609,39275,4
148609,8239,5
148609,18234,6
148733,37646,1
148733,18288,2
149109,49683,1
149109,6873,2
149152,28849,1
149152,17872,2
149152,41220,3
150242,1511,1
150242,20082,2
150242,43961,3
150242,36070,4
150242,44661,5
150242,28842,6
150242,40706,7
150242,41220,8
151396,43565,1
151396,48205,2
151466,28535,1
151466,16254,2
151812,13176,1
151812,21903,2
151812,34969,3
151812,23029,4
151812,5876,5
151844,49610,1
151844,23288,2
152227,11352,1
152227,4163,2
153025,13755,1
153025,47144,2
153077,41400,1
153077,13914,2
153077,26348,3
153077,13575,4
153077,14715,5
153336,3957,1
153336,1511,2
154100,18418,1
154100,24964,2
154100,29987,3
154100,31343,4
154100,39619,5
154179,35221,1
154179,36011,2
154179,45603,3
154179,47766,4
154179,25005,5
154179,35951,6
154179,17948,7
154179,26604,8
154179,11182,9
154439,19660,1
154439,22935,2
154532,17600,1
154532,22825,2
154532,27845,3
154532,18618,4
154769,1957,1
154769,9358,2
154769,21195,3
154832,5785,1
154832,27086,2
154832,4210,3
154832,44765,4
155326,14233,1
155326,21386,2
155326,43744,3
155452,13424,1
155452,46149,2
155452,31066,3
155473,44359,1
155473,30391,2
155567,13249,1
155567,27086,2
155692,47766,1
155692,43961,2
155897,31717,1
155897,49383,2
155897,26369,3
155897,21137,4
155897,24852,5
155897,41220,6
155897,39275,7
155987,8518,1
155987,30391,2
155987,47766,3
156489,196,1
156489,37710,2
156737,14858,1
156737,5077,2
156810,30489,1
156810,47990,2
156976,42265,1
156976,24852,2
156976,34969,3
157444,26209,1
157444,24852,2
157444,27325,3
157444,35108,4
157444,49235,5
158281,18531,1
158281,41950,2
158281,34126,3
158281,17794,4
158281,49235,5
158443,16797,1
158443,21288,2
158443,43352,3
158443,9076,4
159721,7350,1
159721,24852,2
159721,26384,3
159721,43961,4
159721,45603,5
159721,37646,6
159994,12427,1
159994,19691,2
160063,11182,1
160063,5047,2
160063,47865,3
160063,45007,4
160063,40706,5
160441,47209,1
160441,42445,2
160441,30391,3
160441,2855,4
160441,24964,5
160441,48775,6
160441,32433,7
160441,19508,8
160923,46149,1
160923,23288,2
160923,12341,3
160923,22802,4
161454,47209,1
161454,13176,2
161454,46979,3
161454,4920,4
161615,3298,1
161615,38928,2
161615,43352,3
162266,38689,1
162266,49235,2
162281,8424,1
162281,48679,2
162281,28849,3
162281,31717,4
162281,24830,5
162281,13176,6
162281,10749,7
162326,20940,1
162326,16797,2
162326,5769,3
162326,13176,4
162326,38768,5
162326,39275,6
162326,32303,7
162326,13575,8
162828,34126,1
162828,44359,2
162858,27966,1
162858,10070,2
162858,49235,3
162858,18811,4
163094,13176,1
163094,35951,2
163094,30406,3
164155,49235,1
164155,24852,2
164155,23909,3
164312,9755,1
164312,38768,2
164611,26283,1
164611,21405,2
164611,5450,3
164611,6873,4
164611,36695,5
164611,47626,6
164611,44375,7
164611,25513,8
164611,21386,9
164611,20520,10
164611,23375,11
164611,33527,12
164619,20574,1
164619,23543,2
164619,47626,3
164619,24852,4
164619,47766,5
164619,30489,6
164665,13176,1
164665,39275,2
164665,22825,3
164665,8174,4
164665,26604,5
164665,5876,6
164665,16349,7
164930,13176,1
164930,20082,2
164930,3376,3
164930,9825,4
164930,21137,5
164930,18811,6
164930,23375,7
165798,15200,1
165798,37687,2
166009,27744,1
166009,18564,2
166009,39409,3
166830,21903,1
166830,46667,2
166830,5769,3
166830,5479,4
166830,43086,5
166867,38689,1
166867,35914,2
166867,14947,3
167808,38928,1
167808,26348,2
167808,41400,3
167808,37710,4
167904,33000,1
167904,21903,2
167904,20955,3
167904,26348,4
167976,8571,1
167976,5161,2
167976,13176,3
168002,14947,1
168002,44632,2
168172,13176,1
168172,13575,2
168172,32478,3
168172,20738,4
168522,43154,1
168522,37687,2
168522,26317,3
168522,16714,4
168522,37710,5
168814,21903,1
168814,13176,2
168814,28427,3
169012,24964,1
169012,15937,2
169012,18531,3
169012,41220,4
169211,2611,1
169211,47626,2
169211,34358,3
169211,40706,4
169211,46969,5
170328,47766,1
170328,28601,2
170328,14161,3
170328,19048,4
170328,14678,5
170947,18811,1
170947,8571,2
170947,20940,3
170947,13259,4
170947,21288,5
170947,8048,6
171984,40939,1
171984,13259,2
172060,21903,1
172060,890,2
172278,24838,1
172278,28204,2
172278,24852,3
172278,44632,4
172278,26620,5
172847,15780,1
172847,17224,2
172890,5876,1
172890,30391,2
173325,24852,1
173325,4920,2
173325,32429,3
173733,22802,1
173733,11759,2
173770,432,1
173770,49235,2
173770,24852,3
173770,8859,4
173770,45066,5
173770,23909,6
173858,18811,1
173858,7781,2
173858,16185,3
173858,47209,4
173858,21938,5
173858,21903,6
173858,40545,7
173972,196,1
173972,9358,2
173972,13575,3
174063,10017,1
174063,47626,2
174063,8424,3
174063,21616,4
174063,23543,5
174063,27086,6
174063,9076,7
174063,42701,8
174063,30169,9
174362,7751,1
174362,37687,2
174496,22802,1
174496,14715,2
174496,3298,3
174496,6184,4
174496,41400,5
174610,24561,1
174610,19691,2
174610,8138,3
175196,5479,1
175196,48679,2
175196,36695,3
175196,19048,4
175266,35221,1
175266,13535,2
175266,5785,3
175995,47209,1
175995,23543,2
176738,26348,1
176738,41400,2
176738,13914,3
176972,24489,1
176972,1158,2
176972,2855,3
176972,24852,4
176972,49683,5
177124,19660,1
177124,196,2
177767,21903,1
177767,38293,2
178648,35951,1
178648,24489,2
178648,17948,3
178648,30450,4
178648,42356,5
178648,26940,6
178648,33731,7
178648,21903,8
178648,21616,9
178648,39877,10
178648,29898,11
178648,45007,12
178648,12206,13
178648,37011,14
178648,11068,15
178762,5646,1
178762,3098,2
178762,3952,3
178762,2295,4
178762,21938,5
178762,14992,6
178762,43744,7
178762,1194,8
178762,26668,9
178762,30480,10
178762,31717,11
178762,16145,12
178762,15261,13
178762,21903,14
178762,46979,15
179289,32403,1
179289,43739,2
179410,9076,1
179410,16797,2
179560,15872,1
179560,3464,2
179560,47626,3
179560,13176,4
179560,28204,5
179560,16521,6
179560,28985,7
179560,21903,8
180014,10749,1
180014,27156,2
180473,17948,1
180473,48745,2
180473,25005,3
180473,35951,4
180473,10644,5
180473,42736,6
181143,21137,1
181143,38300,2
181702,41276,1
181702,39947,2
181702,43967,3
181702,17758,4
181702,30353,5
181800,42265,1
181800,39408,2
182717,5479,1
182717,47766,2
182717,46654,3
182717,43662,4
182717,16797,5
182869,49683,1
182869,25931,2
182869,8174,3
182869,48679,4
182869,16797,5
182869,42265,6
182869,12276,7
182869,14992,8
182869,4605,9
182869,25824,10
182869,37646,11
184120,13176,1
184120,45603,2
184120,31683,3
184120,21903,4
184120,16759,5
184120,29487,6
184120,28985,7
184120,5876,8
184120,18465,9
184120,47209,10
184120,37646,11
184120,9839,12
184120,9421,13
184120,25659,14
184120,33438,15
184848,37646,1
184848,41950,2
184848,21903,3
184848,5876,4
184848,47209,5
184848,17794,6
184848,46667,7
184848,26128,8
184853,13176,1
184853,27344,2
184853,31040,3
184853,43154,4
185195,27845,1
185195,5212,2
185195,33290,3
185230,13176,1
185230,37646,2
185566,24852,1
185566,6948,2
185592,36051,1
185592,8859,2
185874,45066,1
185874,22963,2
185874,30305,3
185874,47626,4
185874,34126,5
185874,4605,6
185874,42265,7
185874,27881,8
185874,27730,9
185874,8424,10
185874,21616,11
185874,42828,12
185967,34862,1
185967,24852,2
185967,2519,3
185967,20119,4
185967,27344,5
185967,44632,6
185967,36070,7
186100,13176,1
186100,19691,2
186100,16797,3
186328,8048,1
186328,13176,2
186328,38928,3
186328,41276,4
186561,6184,1
186561,46149,2
186986,24852,1
186986,7600,2
186986,7644,3
186986,47144,4
186986,38456,5
186986,45066,6
186986,6069,7
187359,11712,1
187359,4920,2
187359,33198,3
187359,5785,4
187359,30489,5
187359,21267,6
187359,48595,7
187359,28204,8
187614,24830,1
187614,40706,2
187614,5876,3
187614,13176,4
187614,47209,5
188887,44632,1
188887,17191,2
188887,27086,3
188887,39276,4
188887,21709,5
189304,14715,1
189304,6184,2
189304,15680,3
189376,7021,1
189376,9020,2
189762,5428,1
189762,30489,2
189762,30391,3
189762,35921,4
189762,47209,5
189762,39928,6
189762,42244,7
189762,47734,8
189762,41259,9
189762,46820,10
189762,13176,11
189762,26209,12
189762,26604,13
190482,26165,1
190482,24838,2
190482,33198,3
190482,42240,4
190482,4374,5
190482,1217,6
191395,17568,1
191395,3957,2
191801,43504,1
191801,2350,2
192012,2855,1
192012,36929,2
192012,13176,3
192012,21903,4
192012,27521,5
194329,8518,1
194329,37646,2
194329,22825,3
194329,27104,4
194329,41950,5
194329,18656,6
194393,5769,1
194393,37687,2
194742,46979,1
194742,47766,2
194742,23734,3
194759,48679,1
194759,4605,2
194759,35108,3
194759,13176,4
194759,24850,5
194759,21137,6
194759,27966,7
195018,5258,1
195018,44683,2
195114,33000,1
195114,43352,2
195472,21616,1
195472,25890,2
195472,9839,3
195472,42265,4
195472,47626,5
195472,41950,6
195494,16797,1
195494,43352,2
195494,21288,3
196624,47209,1
196624,5876,2
196624,33731,3
196624,21195,4
197249,196,1
197249,30720,2
197479,13176,1
197479,40723,2
197479,46906,3
197479,21903,4
197479,41065,5
197479,16759,6
197479,22935,7
197479,26369,8
197479,35951,9
197479,39275,10
197479,45965,11
197691,11520,1
197691,48745,2
198388,4942,1
198388,45007,2
198388,41065,3
198388,18339,4
198388,31553,5
198388,14766,6
198388,16290,7
199919,6184,1
199919,12341,2
200087,4724,1
200087,16797,2
200087,44683,3
200237,5258,1
200237,7131,2
201235,14996,1
201235,21872,2
201235,28289,3
201235,32465,4
201235,14462,5
201235,10749,6
201235,40604,7
201235,49683,8
201235,19348,9
201733,5876,1
201733,27966,2
201733,21903,3
201733,27521,4
201733,21616,5
201997,8309,1
201997,24799,2
201997,11512,3
202159,27521,1
202159,28601,2
202159,44359,3
202159,47626,4
202459,14168,1
202459,10673,2
202459,18362,3
202459,15902,4
202488,25931,1
202488,13176,2
202488,45066,3
202488,24489,4
202488,1158,5
202488,20995,6
202488,47626,7
202488,46667,8
202702,29503,1
202702,41290,2
202702,24703,3
202702,13944,4
202811,13176,1
202811,38768,2
202811,30827,3
202811,34466,4
202811,16797,5
202811,8048,6
203098,43352,1
203098,5161,2
203098,38768,3
203332,40706,1
203332,29270,2
203332,21903,3
203332,4920,4
203436,46979,1
203436,47626,2
203691,18523,1
203691,5994,2
203691,40199,3
204322,24852,1
204322,18382,2
204701,45190,1
204701,5450,2
204701,42441,3
204701,23909,4
204739,40396,1
204739,27845,2
204915,41400,1
204915,43154,2
204915,6184,3
204964,35939,1
204964,11520,2
204964,5161,3
204964,45007,4
204964,21137,5
204964,48364,6
204964,5876,7
204964,46667,8
204964,18656,9
204964,35163,10
205315,27903,1
205315,38890,2
205315,24852,3
205315,49683,4
205856,196,1
205856,39581,2
205976,46149,1
205976,22802,2
205976,13176,3
205976,37710,4
205976,22362,5
206294,44632,1
206294,27464,2
206294,40910,3
206350,46720,1
206350,24561,2
206350,28985,3
206350,47626,4
206350,34050,5
206390,41290,1
206390,46402,2
207029,21137,1
207029,4149,2
207029,21903,3
207029,39275,4
207525,12576,1
207525,39947,2
207525,14947,3
207525,21709,4
207525,45747,5
207525,26620,6
207525,29370,7
207525,35221,8
207525,21376,9
207525,47866,10
207567,39877,1
207567,5646,2
207567,28204,3
207567,12456,4
207567,20119,5
207887,2091,1
207887,13176,2
207887,35628,3
207887,21137,4
207887,44765,5
207887,12099,6
207887,45066,7
207887,42265,8
207887,46906,9
208379,23288,1
208379,19660,2
208379,43352,3
208630,10326,1
208630,13176,2
208630,12341,3
209411,21137,1
209411,17948,2
209411,27845,3
209411,5077,4
209411,24184,5
209411,22935,6
209411,34126,7
209825,13263,1
209825,28476,2
210071,3298,1
210071,22362,2
210071,41400,3
210071,45051,4
210444,16797,1
210444,43352,2
210444,39275,3
210444,6184,4
210444,21903,5
210444,12341,6
210444,26088,7
210444,11759,8
210626,4920,1
210626,27325,2
210626,260,3
210892,22825,1
210892,28204,2
211600,260,1
211600,13176,2
211600,34270,3
211600,24838,4
211600,47630,5
212512,44987,1
212512,4210,2
212512,14218,3
212512,42736,4
212512,40593,5
212512,26209,6
213050,27966,1
213050,25931,2
213050,46906,3
213050,13740,4
213050,21137,5
213050,37646,6
213050,30391,7
213325,6104,1
213325,27845,2
213506,19660,1
213506,5258,2
213934,30776,1
213934,27344,2
213934,42557,3
213934,17949,4
213934,22935,5
213934,9387,6
214536,26165,1
214536,27325,2
214536,30169,3
216224,44142,1
216224,47209,2
216224,12320,3
216224,10017,4
216224,21903,5
217441,31759,1
217441,13032,2
217441,32403,3
217441,13042,4
217529,19660,1
217529,22849,2
217529,41950,3
217660,29675,1
217660,13176,2
217788,20955,1
217788,26348,2
218343,27845,1
218343,13176,2
218343,47280,3
219278,38200,1
219278,27796,2
219467,26088,1
219467,13259,2
219467,5769,3
219467,46802,4
219819,16185,1
219819,42585,2
219819,24184,3
219819,581,4
219819,21295,5
219819,45007,6
219819,21903,7
220229,14233,1
220229,17122,2
220229,26604,3
220568,45007,1
220568,33198,2
220568,21137,3
220568,13629,4
220568,38739,5
220606,7628,1
220606,46979,2
220956,44632,1
220956,21709,2
220956,35221,3
220956,26620,4
220956,31964,5
221196,24852,1
221196,21616,2
221196,5612,3
221404,4462,1
221404,24838,2
221404,40706,3
221404,19125,4
221404,2078,5
221404,47626,6
222026,35921,1
222026,13176,2
222026,28289,3
222026,41177,4
222113,27086,1
222113,42736,2
222113,7014,3
222113,9421,4
222235,45066,1
222235,47626,2
222605,42342,1
222605,49175,2
222605,48679,3
222620,1511,1
222620,21903,2
222620,17794,3
222620,21137,4
222620,38777,5
222620,23734,6
223510,23288,1
223510,40939,2
225275,37687,1
225275,19660,2
225275,21137,3
225401,32478,1
225401,11266,2
225401,4920,3
225829,29987,1
225829,47766,2
225829,24852,3
226090,9020,1
226090,8277,2
226090,21903,3
226899,46979,1
226899,42585,2
226899,47209,3
226899,14992,4
226899,17191,5
226899,34126,6
226899,43086,7
226899,47626,8
227647,27086,1
227647,28204,2
227647,37646,3
227647,8277,4
227647,24518,5
227647,25346,6
227647,16953,7
228346,47209,1
228346,30391,2
228346,11182,3
228346,20995,4
228346,22935,5
228381,21137,1
228381,13176,2
228600,196,1
228600,46149,2
228600,48142,3
229274,27845,1
229274,19478,2
229274,28278,3
229274,40377,4
229274,13176,5
229274,42768,6
229274,34448,7
229320,21288,1
229320,5258,2
229320,4149,3
229320,11759,4
229320,31651,5
229320,12341,6
229320,21903,7
229395,13176,1
229395,43295,2
229395,28553,3
229395,42719,4
229395,17872,5
229395,27344,6
229395,14650,7
229769,38928,1
229769,31422,2
229769,37710,3
229769,32455,4
229836,35221,1
229836,35042,2
229900,16908,1
229900,5077,2
229900,34745,3
229900,22825,4
229900,5450,5
229900,4210,6
229900,30391,7
230140,40571,1
230140,31915,2
231206,13424,1
231206,196,2
232098,32478,1
232098,3298,2
232416,4920,1
232416,19691,2
232987,7948,1
232987,43122,2
232987,3957,3
232987,22825,4
232987,39180,5
233498,13212,1
233498,38383,2
233498,26209,3
233498,29487,4
233498,21137,5
233498,13198,6
233498,40910,7
233503,47766,1
233503,49683,2
233503,19348,3
233503,5212,4
234094,45104,1
234094,18288,2
234194,45066,1
234194,13176,2
234829,21849,1
234829,859,2
234829,31268,3
234938,34358,1
234938,12572,2
235540,12456,1
235540,49383,2
235795,20995,1
235795,5785,2
235795,47766,3
235864,47626,1
235864,13176,2
235864,15902,3
236291,21903,1
236291,1360,2
236291,8518,3
236291,26209,4
236291,20995,5
236291,34358,6
236291,47766,7
236291,28985,8
236291,37067,9
236291,15290,10
236291,16616,11
236299,44632,1
236299,21709,2
236299,45007,3
236299,32465,4
236299,11408,5
236299,16965,6
236299,2361,7
236299,2295,8
236299,15290,9
236399,32403,1
236399,18023,2
236399,21292,3
236631,21174,1
236631,19660,2
236631,16083,3
238259,43352,1
238259,39180,2
238259,16797,3
238259,43961,4
238259,8087,5
238259,49215,6
238419,39858,1
238419,651,2
238686,44471,1
238686,16797,2
238686,27845,3
239051,43352,1
239051,46562,2
239051,40199,3
239382,38293,1
239382,46979,2
239382,24184,3
239382,21903,4
239382,34358,5
239409,30489,1
239409,13829,2
240094,30233,1
240094,13176,2
240094,21903,3
240094,27344,4
240094,27966,5
240094,43504,6
240094,4142,7
240684,24852,1
240684,28204,2
240684,41787,3
240684,4920,4
241334,45066,1
241334,35221,2
241334,14947,3
242063,1217,1
242063,20119,2
242063,49520,3
242127,13166,1
242127,47766,2
242127,49235,3
242127,26209,4
242127,40706,5
242127,31343,6
242127,21616,7
242127,46226,8
242709,16797,1
242709,21903,2
242709,27521,3
243610,6948,1
243610,42719,2
243610,24964,3
243610,42768,4
243610,7948,5
243610,13176,6
243610,30489,7
243610,28842,8
243610,47209,9
243610,37646,10
243610,38159,11
243610,45965,12
244172,8571,1
244172,43352,2
244172,39408,3
244302,14168,1
244302,40174,2
244408,24852,1
244408,33768,2
244861,8048,1
244861,14233,2
244861,5258,3
245070,19660,1
245070,42719,2
245070,25466,3
245378,43154,1
245378,21386,2
245561,21137,1
245561,21872,2
245561,47766,3
245561,8277,4
245561,44632,5
246260,9623,1
246260,12919,2
246260,4493,3
246260,17080,4
246260,21131,5
246260,16696,6
246260,10957,7
246260,48015,8
246260,23909,9
246642,41544,1
246642,40396,2
246642,44359,3
246642,21903,4
246642,12409,5
246876,49235,1
246876,7559,2
246876,10132,3
246876,24841,4
247375,38371,1
247375,36929,2
247375,16797,3
247474,10132,1
247474,46979,2
247474,2078,3
247757,13176,1
247757,8277,2
247757,204,3
247940,24852,1
247940,14947,2
247940,45066,3
247940,47630,4
248131,1529,1
248131,24964,2
248131,9327,3
248131,31964,4
248131,4086,5
248131,46667,6
248131,47626,7
248357,3298,1
248357,42265,2
248357,8571,3
248357,21137,4
248657,2078,1
248657,3957,2
248657,11512,3
248657,21137,4
248657,11576,5
248792,13740,1
248792,5194,2
248792,20378,3
248792,32293,4
249540,21938,1
249540,5479,2
249540,44632,3
249702,43154,1
249702,14715,2
249702,39657,3
249702,22362,4
249882,40706,1
249882,30391,2
249882,15290,3
249882,24184,4
249882,45007,5
249882,27104,6
249882,28985,7
249882,44359,8
249882,12845,9
249882,35140,10
250210,21903,1
250210,40199,2
250295,3098,1
250295,38772,2
250295,20995,3
250489,43295,1
250489,24838,2
250489,46820,3
250489,13166,4
250489,5785,5
251261,24489,1
251261,4210,2
251278,30850,1
251278,27086,2
251278,47209,3
251278,45007,4
251278,24964,5
251278,22935,6
251278,21903,7
251278,46667,8
251278,35939,9
251865,46107,1
251865,45965,2
251865,14901,3
252004,39275,1
252004,3298,2
252004,16797,3
252099,196,1
252099,41400,2
252099,46562,3
252099,34551,4
252099,32455,5
252654,24838,1
252654,46667,2
252654,23178,3
252962,32455,1
252962,26348,2
255171,38300,1
255171,39275,2
255171,25588,3
255359,19660,1
255359,13176,2
255359,8021,3
255359,37011,4
255359,12916,5
255925,46676,1
255925,8277,2
256374,24363,1
256374,13176,2
256374,21903,3
256374,47144,4
256374,21137,5
256374,47630,6
256374,5450,7
256374,41787,8
256665,32747,1
256665,47209,2
256830,37067,1
256830,47766,2
256830,47626,3
256830,27344,4
256830,11520,5
256830,49235,6
256830,17872,7
256830,8193,8
256830,34969,9
256830,12206,10
256830,21903,11
256830,41665,12
256830,18594,13
256830,32734,14
256830,43086,15
256830,40571,16
256937,19660,1
256937,36011,2
256985,16759,1
256985,5785,2
256985,28465,3
256985,24799,4
256985,16953,5
256985,31343,6
256985,24810,7
256985,12442,8
257543,21903,1
257543,21847,2
257543,8174,3
257543,47209,4
257543,13176,5
258218,37646,1
258218,47209,2
258218,29447,3
259173,43961,1
259173,21903,2
259173,13176,3
260171,10326,1
260171,5258,2
260171,16797,3
260171,21292,4
260732,5258,1
260732,49235,2
260732,46061,3
260732,48812,4
260832,24852,1
260832,43352,2
260832,10246,3
260832,17794,4
260832,8424,5
261091,2966,1
261091,42265,2
261856,21137,1
261856,21573,2
262066,37646,1
262066,432,2
262066,40174,3
262066,24852,4
262066,9387,5
262066,47626,6
262066,19691,7
262204,39275,1
262204,38768,2
262322,29447,1
262322,13176,2
262322,30233,3
262322,45007,4
262322,20842,5
262322,30391,6
262322,21137,7
262322,5876,8
262322,45104,9
262322,37496,10
262322,44632,11
262855,5785,1
262855,49235,2
264248,4920,1
264248,10326,2
264376,5025,1
264376,21903,2
264376,47626,3
264512,46149,1
264512,20940,2
264512,34024,3
264754,28745,1
264754,45123,2
264754,15392,3
264754,43961,4
264754,24852,5
264754,27086,6
264970,196,1
264970,43154,2
264970,21137,3
265919,21137,1
265919,2295,2
265919,12572,3
265919,21616,4
265919,17600,5
265919,39475,6
266585,13292,1
266585,24363,2
266585,20084,3
267813,13259,1
267813,42500,2
267813,48812,3
267813,500,4
267813,5258,5
268273,40545,1
268273,5450,2
268273,4472,3
268273,21174,4
268498,41950,1
268498,4920,2
268498,47626,3
268498,4210,4
268498,41220,5
268569,46149,1
268569,32478,2
268946,30827,1
268946,31553,2
268946,47626,3
268946,13198,4
268946,39619,5
268946,9339,6
268946,9387,7
269350,22963,1
269350,39275,2
269350,5161,3
269350,10749,4
269397,31651,1
269397,42500,2
269411,41259,1
269411,35167,2
269411,21938,3
269411,37067,4
269622,47766,1
269622,37687,2
269622,49683,3
269622,2295,4
269622,19057,5
269622,42244,6
269622,24838,7
270157,44765,1
270157,44560,2
270157,5194,3
270157,18288,4
270157,5212,5
270157,34270,6
270800,49075,1
270800,21137,2
270800,30233,3
270800,3957,4
270800,34243,5
270800,47209,6
270800,35986,7
271949,21709,1
271949,44632,2
271949,35221,3
271949,39947,4
271949,43631,5
271949,47141,6
271949,26209,7
271949,47626,8
271949,33198,9
272729,11136,1
272729,47766,2
272729,24852,3
272905,37687,1
272905,21137,2
272905,17122,3
272905,21288,4
272905,12341,5
272905,13176,6
272905,46061,7
273362,32478,1
273362,196,2
273362,13966,3
273592,22035,1
273592,8424,2
273592,19057,3
274549,196,1
274549,5068,2
274549,39275,3
274549,43352,4
274549,19691,5
275953,21295,1
275953,28985,2
275953,49520,3
275953,16797,4
275953,27104,5
275953,14218,6
275953,24852,7
275953,35221,8
277017,13176,1
277017,432,2
277017,13870,3
277017,21137,4
277017,37646,5
277017,26604,6
277017,44765,7
277284,8230,1
277284,48642,2
277619,41273,1
277619,48679,2
277619,45007,3
277619,45002,4
277619,44628,5
277619,25824,6
277619,41950,7
278971,21903,1
278971,45066,2
278971,24852,3
278971,35547,4
278971,1158,5
278971,40706,6
278971,39928,7
278971,10305,8
279209,15261,1
279209,39558,2
279343,21572,1
279343,9076,2
279343,27966,3
279343,38928,4
279392,26209,1
279392,7559,2
279392,40706,3
279392,28985,4
279392,8670,5
279392,20842,6
279392,44683,7
279392,30391,8
279392,8518,9
279392,45664,10
279392,24852,11
279392,13517,12
279392,47626,13
279392,34358,14
279392,36076,15
279392,5618,16
279392,29987,17
279392,43789,18
279392,38273,19
279392,43352,20
279392,9076,21
279826,32403,1
279826,22362,2
279961,31981,1
279961,4210,2
280037,21195,1
280037,14419,2
280062,8424,1
280062,4920,2
280062,44560,3
280062,42265,4
280062,26620,5
280062,46584,6
280062,7781,7
280062,4792,8
280062,27344,9
280062,2452,10
280062,14218,11
280497,12341,1
280497,12606,2
280497,13424,3
280497,13176,4
280497,39275,5
280912,42265,1
280912,27845,2
280912,27548,3
281209,34466,1
281209,32689,2
281369,1194,1
281369,10492,2
281369,33198,3
281369,12572,4
281418,44987,1
281418,21288,2
281418,13424,3
281515,43154,1
281515,14086,2
281515,47877,3
282578,16797,1
282578,11777,2
282578,26604,3
283059,27845,1
283059,38293,2
283059,27156,3
283059,24964,4
283059,11408,5
283171,19678,1
283171,45123,2
283171,38293,3
283912,47766,1
283912,26209,2
283912,39993,3
283912,31717,4
283912,4605,5
283912,30489,6
284068,18523,1
284068,27845,2
284068,25043,3
284068,43713,4
284122,40742,1
284122,13176,2
284122,10326,3
284416,20119,1
284416,14947,2
284416,35221,3
284774,9623,1
284774,16696,2
284774,10957,3
284974,22802,1
284974,48812,2
285120,44683,1
285120,42500,2
285987,42110,1
285987,32293,2
285987,1700,3
285987,33493,4
285987,47866,5
286303,329,1
286303,31553,2
286303,23801,3
286376,32740,1
286376,25824,2
286376,36406,3
286376,27729,4
286376,21137,5
286505,45190,1
286505,7781,2
286505,42736,3
289795,35951,1
289795,30639,2
289917,42803,1
289917,18479,2
289917,30489,3
290526,46676,1
290526,5612,2
290526,19348,3
290526,37646,4
290830,31102,1
290830,46149,2
290830,30591,3
290830,40199,4
290830,7131,5
290830,45051,6
290833,13176,1
290833,11777,2
290833,45066,3
290833,30720,4
290833,21137,5
291450,10017,1
291450,37011,2
291450,17794,3
291450,40706,4
291450,21137,5
291450,27104,6
291450,47626,7
291450,26209,8
291450,45007,9
291888,21938,1
291888,34969,2
291888,24852,3
291888,12614,4
291888,38689,5
292400,33000,1
292400,45066,2
292416,41400,1
292416,40199,2
292576,38689,1
292576,27845,2
292576,13176,3
293214,31808,1
293214,16696,2
293214,15424,3
293214,8475,4
293214,10957,5
293452,46473,1
293452,4724,2
293452,32455,3
293452,31422,4
293452,31759,5
293655,25466,1
293655,44632,2
293655,35221,3
293655,6184,4
294039,21903,1
294039,24852,2
294039,45104,3
294490,39275,1
294490,2855,2
294490,42265,3
294490,30720,4
294498,19660,1
294498,6182,2
294498,33198,3
294593,16797,1
294593,49235,2
294593,24852,3
294593,37766,4
294779,3007,1
294779,16589,2
294779,38656,3
294779,5479,4
294779,36205,5
295099,26369,1
295099,24852,2
295099,24024,3
295099,40571,4
295106,43154,1
295106,31102,2
295160,12341,1
295160,21288,2
295160,8571,3
295160,16797,4
295201,18023,1
295201,4149,2
295201,10326,3
295201,16797,4
295201,19691,5
295532,29447,1
295532,35951,2
295632,45603,1
295632,34137,2
295632,36205,3
295632,40706,4
295632,1695,5
296529,30827,1
296529,33768,2
296529,21903,3
297311,28985,1
297311,10644,2
297311,21137,3
297311,12206,4
297361,5876,1
297361,44632,2
298254,43875,1
298254,33636,2
298316,13176,1
298316,29447,2
298316,30720,3
298316,21137,4
298316,42445,5
298316,37646,6
298715,31683,1
298715,27966,2
298715,7500,3
298749,32478,1
298749,13914,2
299112,12980,1
299112,39408,2
299112,21903,3
299306,43744,1
299306,32403,2
299547,46667,1
299547,44910,2
299547,5876,3
299650,24852,1
299650,18362,2
299650,47209,3
299650,40706,4
299650,28204,5
299650,36070,6
299650,5646,7
299650,26165,8
299781,280,1
299781,35951,2
299781,21137,3
299781,8859,4
299781,4724,5
299781,33768,6
299891,4920,1
299891,45007,2
299891,46979,3
299891,13176,4
299926,36316,1
299926,20119,2
299926,42972,3
299926,26620,4
299926,12919,5
299926,7693,6
299926,47977,7
300214,21709,1
300214,7131,2
300772,47209,1
300772,27344,2
300772,47672,3
300772,9339,4
300920,37067,1
300920,16797,2
300920,8193,3
300920,17794,4
300920,21903,5
300920,44359,6
300920,31915,7
300920,5876,8
300920,22935,9
300920,27104,10
300920,46979,11
300920,19508,12
301358,4605,1
301358,20378,2
301358,47626,3
301951,7751,1
301951,1940,2
302077,38768,1
302077,5258,2
302082,47766,1
302082,5428,2
302134,13733,1
302134,260,2
302134,12614,3
302134,47788,4
302134,27845,5
302134,16759,6
302134,5479,7
302615,8475,1
302615,40348,2
302615,46654,3
302645,43154,1
302645,18023,2
303086,49520,1
303086,44632,2
303086,6846,3
303086,14947,4
303086,21131,5
303086,10957,6
303086,35221,7
303086,16696,8
303086,40910,9
303086,20119,10
303086,26620,11
303086,41682,12
303086,27275,13
303086,21709,14
303115,43352,1
303115,19660,2
303115,30406,3
303115,44683,4
303115,4724,5
303182,16797,1
303182,21288,2
303182,43352,3
303182,38768,4
303224,49235,1
303224,45066,2
303224,12564,3
303224,8518,4
303224,24852,5
303224,26209,6
303224,35547,7
303224,4562,8
303224,45007,9
303706,21137,1
303706,6184,2
304467,37923,1
304467,43568,2
304467,12013,3
304467,36425,4
304668,38490,1
304668,37067,2
304668,21137,3
304668,36082,4
304668,45007,5
304668,24184,6
304668,26369,7
304668,35939,8
304668,26209,9
304668,37646,10
304668,38159,11
304668,22825,12
304668,30391,13
304668,260,14
304668,41950,15
304668,2295,16
304703,23909,1
304703,4210,2
304703,19348,3
304801,29987,1
304801,28934,2
304801,49683,3
305291,31102,1
305291,41276,2
306107,14233,1
306107,48812,2
306195,29662,1
306195,42265,2
306453,21288,1
306453,6184,2
306453,20955,3
306592,5479,1
306592,31506,2
306592,24184,3
306863,21137,1
306863,39275,2
306863,29077,3
306863,19660,4
306863,25466,5
306930,13198,1
306930,25890,2
306930,10017,3
306930,41950,4
306930,46676,5
306930,37067,6
306930,21938,7
306930,47209,8
307612,43352,1
307612,15680,2
307660,9623,1
307660,7521,2
307721,24852,1
307721,49235,2
307721,432,3
307721,47144,4
307721,19173,5
307721,5612,6
307917,24964,1
307917,34126,2
307999,32455,1
307999,11759,2
308054,46654,1
308054,47766,2
308672,21267,1
308672,43789,2
308888,41220,1
308888,3464,2
308888,34969,3
308888,8518,4
308888,21405,5
308888,9839,6
308888,8193,7
308888,45066,8
308990,40939,1
308990,11266,2
310846,24852,1
310846,8518,2
310846,46906,3
310846,47912,4
310846,25890,5
310846,39928,6
310846,21137,7
310932,16714,1
310932,40742,2
311614,43352,1
311614,13176,2
311614,4920,3
311614,47788,4
312162,5883,1
312162,13176,2
312935,16797,1
312935,24852,2
312935,38689,3
312935,31915,4
314677,35221,1
314677,26620,2
314677,20119,3
314677,21709,4
314677,35989,5
314742,26209,1
314742,10644,2
314742,42768,3
314742,47766,4
314742,16797,5
315685,1940,1
315685,13176,2
315685,28204,3
315709,28204,1
315709,22935,2
315709,45007,3
315709,17794,4
315709,44359,5
315709,26283,6
315819,27845,1
315819,9839,2
315819,30827,3
316308,13176,1
316308,13166,2
316308,26209,3
316308,6046,4
316308,39558,5
316308,21938,6
316727,43154,1
316727,5258,2
317139,49520,1
317139,38689,2
317139,35951,3
317139,13380,4
317589,30169,1
317589,22825,2
317589,39275,3
317589,27325,4
317589,25466,5
317589,40604,6
317902,19678,1
317902,4138,2
318223,7781,1
318223,27690,2
318775,36011,1
318775,39180,2
318775,13176,3
318775,25659,4
318775,40706,5
319587,24852,1
319587,48628,2
319587,27104,3
319587,17224,4
319587,42265,5
319587,19478,6
319587,4799,7
319587,27845,8
319587,46584,9
319587,37646,10
319587,38777,11
319587,26790,12
319587,13870,13
319587,22963,14
319587,36724,15
320262,40706,1
320262,28199,2
320702,13944,1
320702,8501,2
320702,43154,3
320702,33198,4
320760,48532,1
320760,36051,2
320760,38300,3
321004,47209,1
321004,44359,2
321223,40199,1
321223,26405,2
321918,13176,1
321918,49235,2
321918,1940,3
321918,13424,4
322217,4149,1
322217,32689,2
322303,21376,1
322303,38159,2
322303,13176,3
323174,38768,1
323174,19660,2
323174,30406,3
323174,23288,4
323273,17122,1
323273,6184,2
323273,3298,3
323311,9076,1
323311,29447,2
323311,4149,3
323311,24489,4
323311,18811,5
324093,21137,1
324093,10326,2
324093,32689,3
324093,39275,4
324429,39877,1
324429,21903,2
324429,24964,3
324429,13176,4
324429,21938,5
324429,47209,6
325058,2314,1
325058,45007,2
325058,13646,3
325058,4562,4
325058,43961,5
325058,25138,6
325058,44008,7
325058,26128,8
325102,28535,1
325102,32864,2
325705,13176,1
325705,32478,2
325705,22802,3
325885,16797,1
325885,39558,2
325885,17224,3
325885,7185,4
325885,27845,5
326547,14715,1
326547,11266,2
327264,33198,1
327264,21137,2
327264,4957,3
327264,40571,4
327264,24852,5
327264,33787,6
328212,40541,1
328212,40174,2
328212,8277,3
328717,39275,1
328717,38768,2
328892,43713,1
328892,7781,2
328892,37220,3
328892,31869,4
328943,21137,1
328943,21903,2
328943,5077,3
328943,13176,4
328943,39275,5
328943,17706,6
328943,24838,7
328943,34,8
329055,13176,1
329055,8571,2
329108,20842,1
329108,2086,2
329187,25783,1
329187,21386,2
329274,31759,1
329274,39275,2
329776,43154,1
329776,11266,2
329776,38928,3
329820,1700,1
329820,42265,2
329820,4724,3
330412,4724,1
330412,21903,2
330412,13575,3
330412,21288,4
330797,45104,1
330797,33120,2
330797,25005,3
330797,28289,4
330797,48775,5
330797,9076,6
330797,28535,7
330797,10644,8
331790,49235,1
331790,40174,2
331982,21573,1
331982,13575,2
331982,37710,3
332485,47766,1
332485,37687,2
332485,14218,3
332485,3376,4
332485,20574,5
332485,11068,6
332485,29487,7
332485,44632,8
332709,196,1
332709,35561,2
333124,14419,1
333124,8571,2
333124,42265,3
333376,13176,1
333376,204,2
333376,30489,3
333376,5479,4
333376,21137,5
333376,40706,6
333376,5077,7
333376,3952,8
333562,46667,1
333562,47734,2
333562,44359,3
333562,8518,4
333562,34126,5
334580,14233,1
334580,22802,2
335889,33198,1
335889,24852,2
336157,40939,1
336157,35951,2
336157,12341,3
336157,17862,4
336157,4149,5
336257,40332,1
336257,13166,2
336823,13176,1
336823,21903,2
336823,38293,3
336823,34243,4
336823,14678,5
336823,16185,6
336858,27845,1
336858,24489,2
336858,33754,3
336858,21903,4
336858,27966,5
338223,24852,1
338223,4605,2
338223,33787,3
338223,43352,4
338223,16797,5
338223,47759,6
338223,10749,7
338223,36070,8
338259,16797,1
338259,39275,2
338259,21288,3
338326,5794,1
338326,21137,2
338433,28842,1
338433,26209,2
338433,47626,3
338433,44142,4
338433,39993,5
338590,24852,1
338590,9387,2
338722,35221,1
338722,44683,2
338850,32691,1
338850,45747,2
338850,2717,3
338850,31964,4
338850,49191,5
339156,18362,1
339156,47766,2
339156,8174,3
339156,24852,4
339156,3957,5
339408,20119,1
339408,17191,2
339408,44632,3
339408,26620,4
339408,22556,5
339506,46979,1
339506,5876,2
339506,2732,3
339506,11777,4
339506,3599,5
339506,39216,6
340207,47209,1
340207,25890,2
340207,46616,3
340207,4605,4
340207,34358,5
340207,46720,6
340207,16145,7
340207,42701,8
340207,11123,9
340207,34448,10
340207,40063,11
340273,43352,1
340273,25588,2
340273,12341,3
340692,5258,1
340692,13259,2
340692,35561,3
340692,14715,4
341218,24830,1
341218,4210,2
341218,18531,3
341797,20119,1
341797,35221,2
341797,44632,3
342151,5258,1
342151,32303,2
343151,38928,1
343151,41400,2
343151,196,3
343173,37710,1
343173,39657,2
343726,30353,1
343726,47977,2
343726,7693,3
343726,10255,4
344337,23734,1
344337,49533,2
344337,44912,3
344337,13083,4
344376,21137,1
344376,38768,2
344376,4724,3
344376,12341,4
344376,43352,5
344376,35336,6
344416,44632,1
344416,35221,2
344416,21709,3
344890,44632,1
344890,11143,2
344890,13292,3
345086,20119,1
345086,39581,2
345086,44632,3
345086,35221,4
345679,8048,1
345679,30827,2
345679,14161,3
345679,13575,4
345940,33065,1
345940,33846,2
346370,46979,1
346370,5450,2
346370,16616,3
346370,40706,4
346370,10243,5
346468,21137,1
346468,32303,2
347302,4942,1
347302,46692,2
347532,32478,1
347532,38928,2
347532,13176,3
347532,6184,4
347532,22802,5
347532,31759,6
347532,17122,7
347601,21386,1
347601,27966,2
347601,21137,3
347601,13176,4
347601,26604,5
347601,39275,6
347601,32177,7
348270,43129,1
348270,44628,2
348270,40604,3
348270,14992,4
348270,2350,5
348270,9387,6
348270,8518,7
348270,25890,8
348270,19348,9
348270,21903,10
348356,46676,1
348356,6799,2
348356,11123,3
348356,31231,4
348356,8580,5
348474,24810,1
348474,32579,2
348474,43961,3
348474,7088,4
349131,32478,1
349131,13176,2
349131,21903,3
349131,21137,4
349131,10326,5
349131,32303,6
349213,47766,1
349213,27521,2
349213,9020,3
349213,21616,4
349213,46979,5
349213,47626,6
349213,27104,7
349213,11068,8
349213,30391,9
349213,29127,10
349812,42265,1
349812,4605,2
349812,21938,3
349812,24184,4
349812,28842,5
349812,44449,6
349812,13198,7
349812,23734,8
349812,44422,9
349812,49191,10
349812,34262,11
349812,47144,12
350080,8174,1
350080,26209,2
350080,21137,3
350080,24838,4
350972,39275,1
350972,1940,2
351300,46088,1
351300,36854,2
351300,24852,3
351776,49235,1
351776,23288,2
351776,9839,3
351947,432,1
351947,24838,2
351947,48679,3
351978,46088,1
351978,9623,2
351978,47977,3
352268,27966,1
352268,13176,2
352268,1194,3
352488,35221,1
352488,49520,2
352747,18963,1
352747,13176,2
352747,26604,3
352747,41220,4
352747,45007,5
352747,4605,6
352747,34358,7
352747,47626,8
352747,21903,9
353688,21405,1
353688,27966,2
353688,25753,3
353756,24852,1
353756,43122,2
353756,28204,3
353756,21903,4
353756,47766,5
353756,3583,6
353756,4920,7
353756,7503,8
354069,40396,1
354069,13176,2
354069,47209,3
354069,21137,4
354069,30391,5
354069,17862,6
354069,18234,7
354069,27521,8
354069,41950,9
354383,10326,1
354383,20940,2
354383,6184,3
354383,13176,4
354970,196,1
354970,43154,2
355053,13176,1
355053,17461,2
355053,39180,3
355053,27307,4
355053,41950,5
355053,4799,6
355053,7021,7
355053,41544,8
355053,8955,9
355053,28849,10
355053,19508,11
355053,47766,12
355053,21903,13
355053,28156,14
355160,33198,1
355160,12606,2
355160,25890,3
355501,12312,1
355501,8021,2
355501,39275,3
355530,46061,1
355530,196,2
356602,39581,1
356602,43352,2
356888,32429,1
356888,24852,2
356888,47766,3
357222,21573,1
357222,48532,2
357350,21137,1
357350,11182,2
357350,19057,3
357350,47866,4
357350,13176,5
357514,39108,1
357514,43352,2
357514,6184,3
357514,35199,4
357514,13575,5
357810,40268,1
357810,47626,2
357810,26369,3
358033,24954,1
358033,19057,2
358454,41276,1
358454,6184,2
358742,45066,1
358742,22825,2
358742,23909,3
358742,45064,4
359291,19348,1
359291,45,2
359291,44683,3
359291,47766,4
359291,35898,5
359291,7969,6
359545,48679,1
359545,35004,2
359545,40198,3
359545,45066,4
359545,47766,5
359545,21616,6
359545,35547,7
359545,42625,8
359545,24830,9
359545,46802,10
360264,8174,1
360264,37646,2
360264,47209,3
360264,21903,4
360264,37067,5
361119,19691,1
361119,4920,2
361119,12341,3
361641,11520,1
361641,19348,2
361641,24852,3
361641,47766,4
361641,40310,5
361641,27104,6
361641,38400,7
361641,47626,8
361641,2091,9
361641,21614,10
361641,34262,11
361641,45537,12
361641,39877,13
361641,45066,14
362435,28204,1
362435,33055,2
362435,49610,3
362435,17758,4
362593,20940,1
362593,39275,2
362593,13259,3
362621,11520,1
362621,35887,2
362621,43086,3
362621,22035,4
362877,6182,1
362877,18564,2
362979,10673,1
362979,5785,2
362979,25146,3
362979,24852,4
362979,14161,5
362979,47766,6
363290,13176,1
363290,13575,2
363309,16953,1
363309,196,2
363592,13176,1
363592,1940,2
363991,26604,1
363991,27966,2
363991,42265,3
364052,5212,1
364052,43961,2
364052,13176,3
364052,47209,4
364052,33352,5
364052,45066,6
364052,4920,7
364052,33768,8
364177,13424,1
364177,196,2
364177,38928,3
364338,20940,1
364338,16797,2
364757,35221,1
364757,26620,2
364757,21709,3
364757,22556,4
364757,44632,5
364757,20119,6
364757,30450,7
365757,13176,1
365757,24184,2
365757,2450,3
365757,23622,4
365757,35898,5
366083,15200,1
366083,44683,2
366190,9421,1
366190,19057,2
366190,25466,3
366498,13176,1
366498,19677,2
366498,21903,3
366498,4605,4
366498,47626,5
366498,24964,6
366498,33754,7
366673,30776,1
366673,28985,2
366673,40723,3
366673,35535,4
366673,27521,5
366673,17794,6
366673,14992,7
366673,24964,8
366673,45007,9
366673,8518,10
366673,23165,11
366673,31562,12
366673,21616,13
366710,41950,1
366710,23541,2
366864,44683,1
366864,37552,2
366864,46802,3
366899,2086,1
366899,2966,2
367075,28427,1
367075,22035,2
367075,2855,3
367075,6948,4
367075,47209,5
367156,38444,1
367156,5818,2
367156,23909,3
367500,26405,1
367500,13966,2
367715,19731,1
367715,2086,2
368235,12456,1
368235,39475,2
368235,32655,3
368235,5785,4
368235,42719,5
368660,20955,1
368660,31759,2
369011,45007,1
369011,24838,2
369011,21903,3
369011,13870,4
369011,47626,5
369011,47766,6
369060,30489,1
369060,13646,2
369158,13629,1
369158,48679,2
369777,21417,1
369777,9327,2
369777,13829,3
369777,21903,4
369777,7485,5
369777,42265,6
369841,30489,1
369841,28204,2
369841,19821,3
369866,13083,1
369866,33754,2
369866,33787,3
370538,43352,1
370538,8048,2
371091,46616,1
371091,11422,2
371334,5450,1
371334,13176,2
371334,28199,3
371334,40571,4
371970,28204,1
371970,16908,2
371970,11712,3
371970,20114,4
371970,46667,5
371970,35217,6
371970,9092,7
371985,23645,1
371985,17794,2
371985,1463,3
371985,44359,4
371985,8518,5
371985,32689,6
371985,47209,7
371985,1999,8
371985,42110,9
371985,15872,10
371985,37067,11
371985,47734,12
373050,39657,1
373050,13176,2
373212,44632,1
373212,44422,2
373212,35951,3
373212,43086,4
373212,8518,5
373212,5876,6
373212,41950,7
373212,40604,8
373212,10385,9
373212,34126,10
373212,2855,11
373212,47766,12
373981,47209,1
373981,39190,2
374361,13176,1
374361,45066,2
374361,9076,3
374361,21616,4
374361,31506,5
374361,29662,6
374361,36076,7
374361,5450,8
374606,16797,1
374606,43352,2
375456,36865,1
375456,28465,2
375456,13263,3
375456,46654,4
375456,21616,5
375456,47209,6
375460,47766,1
375460,21295,2
375460,42585,3
375460,49235,4
375991,27845,1
375991,432,2
376395,47209,1
376395,2295,2
377238,30827,1
377238,43352,2
377420,31717,1
377420,26209,2
377420,21903,3
377420,41658,4
377420,38772,5
377420,47766,6
377420,29987,7
377420,25890,8
377736,25890,1
377736,28465,2
377736,36865,3
377736,38689,4
377736,24964,5
377736,12312,6
377736,31717,7
377736,22395,8
377736,47792,9
377736,44142,10
377736,47325,11
377817,34466,1
377817,10749,2
377817,24184,3
377827,21295,1
377827,8006,2
377827,33731,3
377827,29987,4
377827,49683,5
377827,28289,6
377827,8955,7
378276,5479,1
378276,31730,2
379089,32655,1
379089,33787,2
379089,17949,3
379156,28985,1
379156,47766,2
379156,24852,3
379156,24184,4
379156,21903,5
379156,31717,6
379156,37646,7
379156,4562,8
379156,47626,9
379156,17794,10
379156,34358,11
379156,18465,12
379156,26209,13
379686,5876,1
379686,5479,2
379807,49235,1
379807,45,2
379807,40571,3
380127,39275,1
380127,24489,2
380127,13176,3
380127,47209,4
380127,21903,5
380127,5876,6
380127,31553,7
380127,18027,8
380127,30776,9
380127,26800,10
380127,8518,11
380127,21616,12
380316,39275,1
380316,47000,2
380316,32085,3
380316,37606,4
380316,45698,5
380316,17341,6
380316,21333,7
381187,48015,1
381187,35221,2
381499,14992,1
381499,26668,2
381499,24852,3
381499,18027,4
381499,30489,5
381529,15902,1
381529,39190,2
381529,18880,3
381529,49111,4
381529,39558,5
381529,47626,6
381529,46979,7
381529,17794,8
381736,24852,1
381736,33754,2
381736,37646,3
381736,5450,4
381736,7131,5
381736,14211,6
381736,14491,7
381736,12492,8
381736,39475,9
381736,21903,10
381736,9550,11
381736,18200,12
381736,4920,13
381736,47788,14
381736,13535,15
381736,1215,16
381736,8424,17
381784,49520,1
381784,30353,2
381784,39947,3
381784,31992,4
381784,24852,5
382009,13176,1
382009,47630,2
382009,22825,3
382009,38159,4
382009,15937,5
382009,34126,6
382009,44661,7
382009,45063,8
382267,27086,1
382267,24838,2
382501,26209,1
382501,42265,2
382501,47209,3
382501,41682,4
382501,5876,5
382512,5212,1
382512,4920,2
383108,44142,1
383108,1194,2
383108,25544,3
383108,21195,4
383108,2581,5
383108,27104,6
383108,28993,7
383108,9839,8
383108,30305,9
383108,204,10
383268,44142,1
383268,34358,2
383692,40706,1
383692,15290,2
383692,16349,3
383692,18465,4
383692,31268,5
383692,47977,6
383692,2966,7
383692,26604,8
383816,21938,1
383816,49683,2
383816,47766,3
383816,24852,4
384332,44910,1
384332,43961,2
385279,22802,1
385279,42500,2
385279,18023,3
385279,196,4
385508,7021,1
385508,24964,2
385508,48171,3
385508,18234,4
385508,3957,5
385529,13176,1
385529,6184,2
385694,37646,1
385694,21903,2
385694,27086,3
385694,5077,4
385694,38689,5
385759,46088,1
385759,37923,2
385759,2120,3
385759,38444,4
386007,15290,1
386007,21903,2
386007,24852,3
386007,11440,4
386008,5785,1
386008,38777,2
386008,21137,3
386008,47792,4
386008,14462,5
386089,24852,1
386089,27845,2
386089,40706,3
386719,42719,1
386719,8859,2
387692,45747,1
387692,49235,2
387692,4656,3
387692,18926,4
387692,24852,5
387692,21709,6
387824,21903,1
387824,47626,2
387824,30391,3
387824,33055,4
387824,18465,5
387828,8518,1
387828,5077,2
387828,49533,3
387828,37067,4
387828,46906,5
387828,28204,6
387828,21903,7
388921,27985,1
388921,1940,2
390221,1831,1
390221,1217,2
390221,30353,3
390221,27275,4
390553,19660,1
390553,23288,2
390553,6184,3
390553,21573,4
390908,16797,1
390908,43352,2
391413,30233,1
391413,8193,2
391413,21903,3
391413,39275,4
391413,46667,5
391413,24852,6
391413,24838,7
391413,23622,8
391963,5212,1
391963,27845,2
392685,21137,1
392685,40174,2
392685,45066,3
392685,5077,4
392685,46584,5
392842,46149,1
392842,37220,2
393179,13176,1
393179,39408,2
393179,6184,3
393724,47209,1
393724,46654,2
394279,39984,1
394279,3952,2
394279,42445,3
394279,47626,4
395908,24852,1
395908,27845,2
396205,48142,1
396205,196,2
396444,35939,1
396444,45066,2
396444,19660,3
397909,13176,1
397909,6184,2
397909,31422,3
397909,5161,4
397909,42500,5
397909,18023,6
397909,500,7
397909,31651,8
397909,9387,9
398268,44632,1
398268,6182,2
398268,14233,3
399022,2611,1
399022,15613,2
399891,1999,1
399891,3376,2
399891,38293,3
399891,13829,4
400055,48679,1
400055,44359,2
400055,46720,3
400055,22935,4
400055,2450,5
400055,42701,6
400055,37029,7
400055,1463,8
400055,14553,9
400055,31433,10
400055,13431,11
400954,5479,1
400954,40706,2
400954,26165,3
400954,28204,4
400954,47626,5
401010,44987,1
401010,34126,2
401010,32717,3
401010,8277,4
401010,34551,5
401010,8424,6
401010,4605,7
401010,46979,8
401010,26497,9
401203,42625,1
401203,4086,2
401203,43789,3
401518,39581,1
401518,19348,2
401518,5077,3
401518,22275,4
401518,39475,5
401893,8571,1
401893,6184,2
401893,12341,3
401893,47788,4
401893,14161,5
402045,43352,1
402045,16797,2
402045,26604,3
402461,2855,1
402461,22802,2
402461,43739,3
402542,30450,1
402542,13176,2
402542,6182,3
402711,21137,1
402711,39275,2
402738,19678,1
402738,44632,2
402738,20119,3
402738,26620,4
402738,35221,5
403331,23288,1
403331,14233,2
404150,15200,1
404150,9839,2
404150,39275,3
404251,39812,1
404251,34126,2
404251,24964,3
404251,44359,4
404458,33768,1
404458,17122,2
404846,13176,1
404846,39877,2
404846,22825,3
404846,37646,4
404846,19660,5
404846,2078,6
404846,21137,7
404846,47734,8
404846,41950,9
404846,39984,10
404846,27104,11
404846,3952,12
405147,40939,1
405147,26348,2
405357,21903,1
405357,47209,2
405357,24489,3
406282,8309,1
406282,44359,2
406282,26165,3
406282,28465,4
406282,36865,5
406491,13176,1
406491,8571,2
406491,21573,3
406944,31553,1
406944,19691,2
406944,40992,3
407285,36011,1
407285,27845,2
407285,47144,3
407285,30391,4
407285,34050,5
407967,27275,1
407967,32465,2
409458,46149,1
409458,23288,2
409785,2361,1
409785,13870,2
409785,48109,3
409785,8555,4
409785,21137,5
409785,43352,6
410286,38383,1
410286,26384,2
410286,26209,3
410286,21137,4
410286,28289,5
410445,38777,1
410445,27966,2
410445,45066,3
410445,13176,4
410445,31915,5
410445,39877,6
410445,47630,7
411626,20842,1
411626,46906,2
411854,23734,1
411854,34358,2
412096,26348,1
412096,45051,2
412096,13575,3
412096,37710,4
412096,3298,5
412097,33000,1
412097,49191,2
412097,18531,3
412097,22035,4
412097,36724,5
412193,13176,1
412193,41787,2
412193,9020,3
412193,11520,4
412473,40910,1
412473,32691,2
412473,20842,3
412672,11520,1
412672,49235,2
412980,15290,1
412980,2295,2
412980,2078,3
412980,47766,4
413416,14715,1
413416,43154,2
413416,6184,3
413416,12427,4
413416,17122,5
413416,5161,6
413416,31651,7
413416,30720,8
413416,26088,9
413647,47144,1
413647,24852,2
413647,8230,3
413647,34270,4
413647,21137,5
413647,47626,6
413667,5785,1
413667,47626,2
413667,27521,3
413888,34249,1
413888,5114,2
413888,12020,3
413957,13424,1
413957,46061,2
414951,21872,1
414951,34969,2
415146,32465,1
415146,8518,2
415146,42828,3
415146,4799,4
415146,27086,5
415181,33452,1
415181,25783,2
415181,21240,3
415568,45223,1
415568,29487,2
416342,42265,1
416342,39108,2
416342,47144,3
416342,39475,4
416342,24852,5
418139,40939,1
418139,14715,2
418488,23909,1
418488,47144,2
418488,21137,3
418488,4086,4
418488,22034,5
418488,49683,6
418488,38456,7
418949,5258,1
418949,19660,2
418949,46061,3
418949,38300,4
418949,20955,5
418949,13032,6
419229,24838,1
419229,13176,2
419864,45066,1
419864,42265,2
419864,30489,3
419864,8239,4
420069,35221,1
420069,17191,2
420069,39947,3
420851,30353,1
420851,43192,2
420851,19660,3
421118,13176,1
421118,27966,2
421118,3274,3
421192,17794,1
421192,28842,2
421192,18465,3
421192,24852,4
421192,44560,5
421260,26209,1
421260,19057,2
421260,24852,3
421260,45066,4
421260,27796,5
421622,196,1
421622,6184,2
421738,29447,1
421738,36011,2
421738,27086,3
421738,32655,4
421747,21903,1
421747,13176,2
421868,24852,1
421868,5818,2
421868,26209,3
421868,5322,4
421868,17794,5
421868,36127,6
422234,13176,1
422234,27845,2
422234,18465,3
422234,30776,4
422234,41198,5
422234,5876,6
422234,47167,7
422234,45007,8
422234,41065,9
422234,17758,10
422234,42585,11
422234,22935,12
422234,19894,13
422566,43295,1
422566,20842,2
422880,39877,1
422880,44359,2
422880,21903,3
422880,41220,4
422880,42719,5
422880,48745,6
423927,10749,1
423927,4562,2
423927,40706,3
423927,41950,4
423927,21137,5
423927,34243,6
423927,17461,7
424249,3957,1
424249,432,2
424260,39275,1
424260,16083,2
424260,3583,3
424434,16797,1
424434,6184,2
424434,21288,3
424434,9076,4
424592,30391,1
424592,43961,2
424871,35561,1
424871,13535,2
425015,21938,1
425015,21903,2
425015,47766,3
425576,196,1
425576,39581,2
425576,13176,3
425576,13575,4
425576,26348,5
425896,5612,1
425896,21847,2
425896,43772,3
426168,21573,1
426168,21292,2
427224,41950,1
427224,24184,2
427224,11068,3
427224,25005,4
427224,27104,5
427224,15872,6
427224,21405,7
427224,37011,8
427224,1244,9
427224,2295,10
427224,11182,11
427594,27117,1
427594,39276,2
428076,18382,1
428076,26165,2
428076,43086,3
428076,18564,4
428185,25659,1
428185,13176,2
428185,40593,3
428508,32689,1
428508,42265,2
428508,30827,3
428508,14419,4
429959,26165,1
429959,23405,2
429959,204,3
429959,39275,4
430444,11520,1
430444,47209,2
430444,2078,3
430721,21288,1
430721,43352,2
430721,21137,3
430721,13176,4
430721,17122,5
430749,1463,1
430749,18362,2
430749,27086,3
430749,4920,4
431460,35951,1
431460,21137,2
431460,13176,3
431460,32578,4
431460,79,5
431460,2180,6
431460,21903,7
431460,16521,8
431460,7175,9
431460,12320,10
431616,46979,1
431616,5025,2
433032,12606,1
433032,21386,2
433032,196,3
433784,22802,1
433784,196,2
434445,24964,1
434445,8424,2
434445,33731,3
434810,43154,1
434810,38928,2
435388,13176,1
435388,19691,2
435677,46979,1
435677,8518,2
435677,26209,3
435758,16797,1
435758,26604,2
435758,34565,3
435758,38383,4
435758,11777,5
435758,45007,6
435758,34262,7
435758,8424,8
435788,1831,1
435788,31964,2
435876,49683,1
435876,26209,2
435876,44359,3
436601,5258,1
436601,46149,2
436601,196,3
436877,20082,1
436877,13176,2
436877,16083,3
436877,3376,4
436895,13113,1
436895,27966,2
436895,8277,3
436895,43192,4
438344,12916,1
438344,2876,2
438344,48628,3
438344,27845,4
438344,42450,5
438344,13176,6
438344,8021,7
438344,7014,8
438344,27544,9
438876,27086,1
438876,13646,2
438876,26165,3
438876,16616,4
438876,14852,5
438876,25146,6
438876,45537,7
439159,24852,1
439159,46820,2
439159,27845,3
439159,4605,4
439159,35887,5
439159,16185,6
439159,30776,7
439159,11068,8
439159,47626,9
439159,35167,10
439159,27966,11
439159,21137,12
439477,43129,1
439477,5876,2
439477,34126,3
439477,28785,4
439477,25588,5
439477,13984,6
439477,40604,7
439693,37710,1
439693,13914,2
439948,24852,1
439948,34050,2
439948,30233,3
439948,15780,4
439973,37065,1
439973,8518,2
439973,44987,3
439973,3464,4
440995,24852,1
440995,39180,2
440995,22959,3
441488,27521,1
441488,18465,2
441488,43789,3
441488,43772,4
441488,32747,5
441488,45007,6
441488,21137,7
441488,48679,8
441488,27336,9
441488,21616,10
442035,30450,1
442035,46720,2
442035,31759,3
442035,38300,4
442335,4086,1
442335,47626,2
442512,13176,1
442512,17122,2
442512,5258,3
442573,5258,1
442573,39108,2
442573,21903,3
443606,46667,1
443606,21903,2
443606,38650,3
443606,31717,4
443606,47766,5
443663,21903,1
443663,8193,2
444633,35951,1
444633,21903,2
444633,48679,3
444633,8424,4
444633,4799,5
444675,37646,1
444675,17795,2
444675,22935,3
444675,13176,4
444675,47209,5
444675,25718,6
444675,5618,7
444675,26209,8
444675,30290,9
444675,46505,10
444675,46667,11
444675,16525,12
444675,24964,13
444675,7746,14
445565,28934,1
445565,9387,2
445565,46906,3
445565,36550,4
445772,30391,1
445772,43772,2
445772,19348,3
445871,24852,1
445871,41787,2
445871,41319,3
445871,9515,4
445949,19677,1
445949,13984,2
446173,27845,1
446173,24852,2
446173,28204,3
446173,34969,4
446173,44008,5
446173,46906,6
446173,43352,7
446173,39928,8
446173,21137,9
446173,47766,10
446173,21872,11
446173,18441,12
446676,8424,1
446676,17652,2
446676,432,3
446853,9839,1
446853,47626,2
446853,37646,3
446853,13176,4
446853,17795,5
446853,24838,6
446853,49683,7
446853,7175,8
446853,18465,9
446853,15392,10
446853,16797,11
446984,21137,1
446984,24852,2
448687,196,1
448687,31102,2
448687,41276,3
448687,19660,4
448687,32478,5
448687,49235,6
448687,35951,7
448776,21137,1
448776,49235,2
448776,18370,3
448776,19057,4
448776,18465,5
448776,27845,6
448872,31717,1
448872,10246,2
449196,49235,1
449196,24852,2
449196,18531,3
449196,40593,4
449196,21405,5
449196,10644,6
449276,8174,1
449276,21616,2
449276,2078,3
449276,45200,4
449276,13176,5
449276,49383,6
449276,27966,7
449375,30406,1
449375,13424,2
449375,35951,3
449406,22802,1
449406,6184,2
449406,26088,3
449406,1700,4
449794,8571,1
449794,21292,2
449794,16797,3
449956,39475,1
449956,42736,2
450263,33198,1
450263,37710,2
450631,4210,1
450631,21137,2
450631,28785,3
450631,13113,4
450785,12341,1
450785,39408,2
452183,37766,1
452183,45645,2
452183,2078,3
452183,43352,4
452183,18891,5
452312,651,1
452312,42701,2
452877,6046,1
452877,1244,2
452877,43768,3
452877,26940,4
452877,10749,5
452877,26800,6
452877,22935,7
452877,45007,8
452877,4461,9
452877,40377,10
453201,8571,1
453201,36051,2
454081,13176,1
454081,13852,2
454081,43772,3
454253,24852,1
454253,4942,2
454253,46979,3
454253,21903,4
454253,37646,5
454253,37766,6
454253,5646,7
454253,33438,8
454253,7503,9
454253,17224,10
454253,19678,11
454936,35842,1
454936,33198,2
455114,45066,1
455114,25890,2
455114,26165,3
455289,2099,1
455289,16797,2
455527,29127,1
455527,21903,2
455527,21288,3
455541,43768,1
455541,11182,2
455953,24852,1
455953,4920,2
456513,46149,1
456513,196,2
456520,9623,1
456520,48015,2
456520,24186,3
456520,16696,4
456520,10957,5
456576,22935,1
456576,39812,2
456576,16759,3
456576,24852,4
456576,1463,5
456576,5785,6
456576,27966,7
456576,18288,8
456576,24964,9
456576,37646,10
456576,21162,11
456576,29487,12
457192,13176,1
457192,10326,2
457192,21137,3
457192,29662,4
457192,5456,5
458741,16953,1
458741,22963,2
459222,26348,1
459222,35561,2
459555,31651,1
459555,12427,2
459555,48812,3
459784,35503,1
459784,33198,2
459784,3957,3
460174,27845,1
460174,40396,2
460174,24852,3
460174,31040,4
460174,3007,5
460174,14992,6
460639,47209,1
460639,27966,2
460639,13176,3
460639,32429,4
460639,22935,5
460639,22825,6
460639,37646,7
460639,48679,8
460639,41950,9
460639,19048,10
460639,8174,11
460639,2855,12
460639,21137,13
460639,9839,14
460639,27336,15
460798,26209,1
460798,37011,2
460798,21616,3
460798,32689,4
460798,22935,5
460798,41658,6
460798,21903,7
460828,39408,1
460828,12341,2
460828,37687,3
461523,47209,1
461523,35140,2
461523,24964,3
461591,21267,1
461591,30639,2
461591,24830,3
461591,26940,4
463338,30827,1
463338,43154,2
463509,11520,1
463509,4210,2
463509,31506,3
463509,8174,4
463584,47626,1
463584,21903,2
463714,21292,1
463714,42265,2
463806,21137,1
463806,26405,2
464688,28985,1
464688,42768,2
464950,35507,1
464950,31964,2
464950,27275,3
464950,45747,4
465552,1700,1
465552,1511,2
465552,20082,3
465552,49235,4
465552,13176,5
465552,8174,6
465552,44632,7
465552,21709,8
465552,49191,9
465552,14947,10
465552,49520,11
465892,8859,1
465892,25146,2
465892,48679,3
465892,13176,4
465992,42803,1
465992,21137,2
466381,44359,1
466381,27521,2
466381,13176,3
466381,30391,4
466381,27730,5
466381,46667,6
466683,13629,1
466683,21137,2
466683,13176,3
467335,32303,1
467335,6184,2
467335,39922,3
467335,42265,4
467335,35561,5
468079,1463,1
468079,10070,2
468079,24852,3
468079,22802,4
468449,34969,1
468449,30391,2
468605,14715,1
468605,47788,2
468605,8571,3
468652,8174,1
468652,21137,2
468652,37971,3
468652,11182,4
468652,47209,5
468652,28289,6
468652,41950,7
468652,30391,8
468652,40706,9
468652,43768,10
468652,21174,11
468652,10385,12
468652,17461,13
468652,46969,14
468810,13176,1
468810,21137,2
468810,42265,3
468810,9839,4
468810,10326,5
469256,21386,1
469256,5212,2
469775,24852,1
469775,41177,2
470069,32655,1
470069,3957,2
470069,47209,3
470069,31717,4
470069,11461,5
470069,36082,6
471055,42450,1
471055,30233,2
471055,8424,3
471055,20119,4
471055,31343,5
471055,7751,6
471055,15290,7
471055,38383,8
471055,11481,9
471055,2450,10
471055,46676,11
471386,27845,1
471386,21137,2
471386,7948,3
471605,2855,1
471605,13176,2
471605,12576,3
471801,4367,1
471801,47626,2
471930,4086,1
471930,30391,2
471930,31553,3
471930,8955,4
473017,10749,1
473017,24799,2
473017,49044,3
473017,24852,4
473017,49075,5
473017,17706,6
473017,27845,7
473017,34134,8
473017,39430,9
473017,47759,10
473503,31338,1
473503,12456,2
473503,12341,3
473503,21616,4
473758,46676,1
473758,49111,2
474919,21137,1
474919,21616,2
474919,5025,3
474919,33731,4
474919,42265,5
474919,34358,6
474919,9825,7
474919,35547,8
475169,22362,1
475169,46149,2
475169,196,3
475169,16797,4
475169,6184,5
475169,12341,6
475169,13176,7
475169,30450,8
475169,3298,9
475169,43352,10
475169,39275,11
475576,5450,1
475576,26165,2
475576,35503,3
475576,28985,4
475971,6182,1
475971,5479,2
476150,5258,1
476150,18441,2
476150,41276,3
476869,20119,1
476869,46673,2
476869,21709,3
476869,24852,4
476869,19488,5
476869,44632,6
477069,42768,1
477069,43154,2
477238,46149,1
477238,16953,2
477238,17122,3
477862,16797,1
477862,43192,2
478360,44632,1
478360,35221,2
478360,21709,3
478360,14947,4
478360,45747,5
478360,12576,6
478832,196,1
478832,41276,2
478983,35951,1
478983,6948,2
478983,27451,3
479821,35221,1
479821,7521,2
479821,41774,3
479821,31215,4
480248,47626,1
480248,22275,2
480248,39581,3
480248,5782,4
480248,38185,5
480572,40396,1
480572,13212,2
480572,48679,3
480572,24964,4
480572,28535,5
480572,29926,6
480597,20842,1
480597,47144,2
480597,40545,3
480597,27966,4
480627,41588,1
480627,14947,2
480627,19019,3
480773,1360,1
480773,34969,2
480773,30489,3
480773,7503,4
480773,35140,5
480773,16521,6
480773,44422,7
480781,32403,1
480781,43352,2
480781,21288,3
480781,16797,4
482282,28373,1
482282,8193,2
483096,13176,1
483096,4149,2
483229,4210,1
483229,33000,2
483229,12442,3
483229,34969,4
483229,34243,5
483229,15290,6
483229,29662,7
483229,47866,8
483229,40199,9
483412,46802,1
483412,19660,2
483412,23178,3
483412,13198,4
483412,4461,5
483412,890,6
483946,35628,1
483946,46692,2
483946,18523,3
483946,40571,4
483946,46584,5
483946,44560,6
483946,43352,7
483946,21288,8
484170,8571,1
484170,37687,2
484170,8048,3
484170,32478,4
484170,42265,5
484170,21137,6
484688,43352,1
484688,21195,2
484688,16797,3
485405,46969,1
485405,8174,2
485405,37067,3
485702,6184,1
485702,16797,2
485702,17122,3
485702,43352,4
485702,9076,5
485730,24852,1
485730,28199,2
486212,6184,1
486212,38928,2
486212,39657,3
486422,9839,1
486422,18389,2
486780,35951,1
486780,27104,2
486780,24852,3
486780,31553,4
486780,46979,5
487133,12341,1
487133,13176,2
487133,37710,3
487444,43154,1
487444,5258,2
487596,27985,1
487596,37229,2
488345,40939,1
488345,43352,2
488450,13249,1
488450,39877,2
488450,19057,3
488450,37646,4
488450,30489,5
488450,49610,6
488674,46061,1
488674,41400,2
488674,14715,3
488674,13914,4
488878,35221,1
488878,44632,2
488878,21709,3
488878,14947,4
489403,13176,1
489403,47209,2
489403,11182,3
489403,28985,4
489403,21405,5
489403,34126,6
489403,28842,7
489403,4605,8
489403,6873,9
489403,16759,10
489403,44359,11
489793,8859,1
489793,14161,2
489793,13176,3
489793,13575,4
490066,21137,1
490066,39275,2
491316,44632,1
491316,26620,2
491393,23650,1
491393,28836,2
491393,14891,3
491393,14332,4
491418,21903,1
491418,24852,2
491418,38739,3
491418,47626,4
491418,24799,5
491418,39560,6
491418,35951,7
491418,34217,8
491418,19370,9
491418,16185,10
491418,5134,11
491637,43262,1
491637,19057,2
491642,44632,1
491642,3098,2
491642,23541,3
491862,37067,1
491862,14711,2
491862,21903,3
491862,28985,4
491862,10644,5
492034,196,1
492034,19660,2
493082,28204,1
493082,19660,2
493082,8424,3
493082,21903,4
493082,13083,5
493082,34969,6
493082,13176,7
493082,30391,8
493082,24184,9
493082,26790,10
493082,40545,11
493739,34243,1
493739,47672,2
493739,34137,3
493739,47626,4
494727,21137,1
494727,27845,2
494727,46584,3
494727,22035,4
494727,18382,5
494727,8021,6
494727,432,7
495139,18288,1
495139,5876,2
495139,40706,3
495139,28934,4
495139,24852,5
495150,21903,1
495150,20995,2
495680,22849,1
495680,27243,2
496302,41787,1
496302,13042,2
496657,23165,1
496657,33731,2
496657,43129,3
496657,49533,4
496657,23537,5
496657,44765,6
496657,17949,7
496717,14633,1
496717,2086,2
496717,38656,3
497605,39408,1
497605,33000,2
497605,35561,3
497846,43352,1
497846,43154,2
497927,24852,1
497927,22825,2
497927,24838,3
497927,33198,4
497927,6297,5
497927,44910,6
497927,42356,7
498278,4605,1
498278,48679,2
498383,6184,1
498383,13176,2
498383,39657,3
498383,196,4
498383,10326,5
498444,44632,1
498444,44683,2
498444,24852,3
498444,19048,4
498444,4163,5
498444,46979,6
498444,25659,7
498444,22935,8
498444,25824,9
498444,21903,10
498444,45066,11
498444,32655,12
498444,13166,13
498768,49235,1
498768,35951,2
498768,27845,3
498768,36011,4
499698,33787,1
499698,33754,2
499698,7131,3
499944,23288,1
499944,40706,2
499944,17316,3
499944,7781,4
499944,13176,5
500087,5876,1
500087,4605,2
500087,24964,3
500087,39812,4
500087,24184,5
500897,47977,1
500897,25544,2
500897,35042,3
501744,12341,1
501744,21292,2
502744,31964,1
502744,16254,2
503457,31102,1
503457,13535,2
503586,24852,1
503586,7948,2
503586,8518,3
503586,18656,4
503586,24964,5
503586,36036,6
504232,32478,1
504232,22802,2
504373,27845,1
504373,39275,2
504373,21137,3
504518,35221,1
504518,44632,2
504748,14233,1
504748,41950,2
505058,22935,1
505058,10749,2
505058,37646,3
505081,49533,1
505081,46802,2
506143,35939,1
506143,47209,2
506493,26384,1
506493,45007,2
506493,33731,3
506493,30450,4
506493,28204,5
506597,39275,1
506597,2855,2
506597,35951,3
507053,8859,1
507053,12341,2
507053,17924,3
508494,26620,1
508494,21709,2
508494,35221,3
508494,20119,4
508494,5785,5
508494,39190,6
508494,39275,7
508494,16797,8
508494,11777,9
508494,30489,10
508494,7485,11
508770,46969,1
508770,19057,2
508770,3957,3
508770,13176,4
508770,30391,5
509362,196,1
509362,46149,2
509989,1244,1
509989,38777,2
509989,19678,3
509989,43768,4
509989,30233,5
509989,22035,6
510014,8174,1
510014,43122,2
510014,24852,3
510014,45066,4
510014,27117,5
510280,38949,1
510280,19068,2
510280,21903,3
510280,31717,4
510280,7628,5
510280,33000,6
510771,13176,1
510771,6184,2
510859,46676,1
510859,23540,2
510999,34243,1
510999,49235,2
510999,38689,3
510999,47626,4
510999,42265,5
510999,21137,6
510999,43352,7
511110,14233,1
511110,22935,2
511603,19348,1
511603,19691,2
511917,19660,1
511917,30591,2
511949,48142,1
511949,35561,2
511949,11759,3
512060,33198,1
512060,39108,2
512343,28842,1
512343,26369,2
512343,16759,3
512343,40332,4
513094,14715,1
513094,21137,2
513094,31651,3
513471,10132,1
513471,39275,2
513645,38689,1
513645,13176,2
513645,21137,3
513645,5450,4
513645,17122,5
513934,40268,1
513934,42557,2
513934,3007,3
513934,36956,4
514550,13176,1
514550,19894,2
514550,47209,3
514550,21137,4
514550,13852,5
514550,29926,6
514550,27730,7
515190,13176,1
515190,38689,2
516072,46676,1
516072,15937,2
516072,49111,3
516072,5652,4
516072,26604,5
516142,18382,1
516142,45535,2
516142,44359,3
516142,13176,4
516142,32689,5
516142,17795,6
516142,35163,7
516142,21137,8
516142,35221,9
516142,44422,10
516142,49111,11
516142,29311,12
516267,36772,1
516267,3020,2
516267,32553,3
516267,4163,4
516411,39877,1
516411,22935,2
516596,4957,1
516596,47977,2
516596,19488,3
516596,34287,4
516769,16387,1
516769,36406,2
516769,28985,3
516769,46802,4
516769,47626,5
516769,44359,6
516909,33000,1
516909,196,2
517096,33000,1
517096,23909,2
517096,49683,3
517096,47766,4
517096,28934,5
517096,42265,6
517096,24852,7
517096,20842,8
517096,35221,9
517096,20580,10
517096,46820,11
517096,13198,12
517096,17461,13
517096,41950,14
517096,22935,15
517096,32433,16
518525,13838,1
518525,45948,2
518525,8277,3
518525,36550,4
518525,44201,5
518793,48697,1
518793,13176,2
520807,32740,1
520807,6104,2
520807,36695,3
520807,27966,4
520807,19057,5
520807,43961,6
520807,35547,7
520807,5077,8
520868,19488,1
520868,25783,2
520868,33452,3
520868,49030,4
520868,26165,5
521389,42265,1
521389,4210,2
521389,27521,3
521389,13176,4
521560,8859,1
521560,41570,2
521560,28601,3
521560,42701,4
521560,40593,5
523263,5258,1
523263,40939,2
523263,21195,3
524189,16387,1
524189,37067,2
524352,42768,1
524352,4605,2
524352,34358,3
524352,47626,4
524352,30391,5
524352,34969,6
524352,26668,7
524352,9092,8
524352,38400,9
524352,47766,10
524352,16797,11
524352,39275,12
524352,21616,13
525602,196,1
525602,39275,2
525602,19691,3
525602,43352,4
525602,21288,5
525661,196,1
525661,41400,2
525734,47209,1
525734,24852,2
525734,23375,3
525734,8424,4
525734,8174,5
525734,2825,6
525734,42265,7
525796,32478,1
525796,37710,2
525796,45051,3
525796,21572,4
525796,196,5
525796,46149,6
525905,17794,1
525905,29447,2
525905,24838,3
525905,39275,4
525905,24489,5
525995,20842,1
525995,5077,2
526343,28204,1
526343,39877,2
526343,47209,3
526343,21903,4
526343,46906,5
526343,4920,6
526619,13176,1
526619,45066,2
526619,21137,3
526619,26128,4
527443,31506,1
527443,12320,2
527443,46906,3
527443,20670,4
527784,46906,1
527784,45066,2
528533,24852,1
528533,47144,2
528533,17461,3
528533,29487,4
528533,24184,5
528533,4605,6
528533,7461,7
528533,43961,8
528533,45066,9
528533,4562,10
528700,41131,1
528700,2120,2
528700,37923,3
528812,13176,1
528812,18288,2
528812,44359,3
528812,581,4
528910,20940,1
528910,28918,2
528911,43352,1
528911,26604,2
528911,13176,3
528911,1202,4
528911,4656,5
528911,48679,6
528911,31553,7
528911,890,8
528911,38650,9
528911,47209,10
529053,18234,1
529053,31506,2
529053,27521,3
529053,13176,4
529053,27104,5
529053,21137,6
529053,47209,7
529234,22556,1
529234,26620,2
529234,37646,3
529944,19348,1
529944,6184,2
530181,24852,1
530181,18465,2
530181,44570,3
530181,45948,4
530181,30406,5
530181,43789,6
530221,13176,1
530221,7503,2
530221,14233,3
530221,40723,4
530221,21137,5
530221,45066,6
530221,32578,7
530489,45535,1
530489,6948,2
530489,5450,3
530489,34969,4
530489,5161,5
530511,10749,1
530511,42265,2
531218,41276,1
531218,31102,2
531589,6184,1
531589,26348,2
531600,40723,1
531600,260,2
531600,39275,3
531600,48364,4
531695,26317,1
531695,21292,2
531695,49235,3
531695,35561,4
531695,18023,5
532298,24964,1
532298,46667,2
532481,44632,1
532481,13819,2
532481,7503,3
532481,38777,4
532481,25513,5
532879,13166,1
532879,27325,2
532879,20119,3
532879,46584,4
532879,32655,5
532879,35167,6
533016,17600,1
533016,2450,2
533016,44292,3
533016,22935,4
533763,13176,1
533763,8277,2
533763,13740,3
533763,13249,4
533763,29926,5
533763,21083,6
534390,48628,1
534390,17795,2
534601,24852,1
534601,32717,2
534601,45066,3
534644,24852,1
534644,36011,2
534644,27845,3
534644,30233,4
534644,39475,5
534644,46979,6
535561,40310,1
535561,27966,2
535561,25138,3
535561,19048,4
535561,27156,5
535561,1463,6
535561,44632,7
535561,7963,8
535926,17948,1
535926,27966,2
535926,26604,3
535926,24489,4
535926,19057,5
536426,16797,1
536426,11759,2
537063,44632,1
537063,17191,2
537063,23288,3
537505,39928,1
537505,44683,2
537505,41787,3
537682,23375,1
537682,18370,2
537682,19660,3
537682,36011,4
537682,4605,5
537682,42625,6
537682,47042,7
537795,22034,1
537795,34358,2
537795,34126,3
538055,1695,1
538055,49235,2
538055,5785,3
538055,13838,4
538144,36534,1
538144,21903,2
538655,6184,1
538655,22802,2
538655,37710,3
539418,34243,1
539418,36724,2
540007,30489,1
540007,8479,2
542596,39275,1
542596,43352,2
542596,26604,3
542878,18918,1
542878,8021,2
542878,7014,3
542878,14715,4
542878,3583,5
543254,33754,1
543254,34969,2
543363,21903,1
543363,30827,2
543363,4724,3
543409,16797,1
543409,46979,2
543409,35547,3
543409,47626,4
543943,43352,1
543943,43154,2
544028,36316,1
544028,47977,2
544028,49520,3
544384,44632,1
544384,14947,2
544384,49520,3
544384,21709,4
544675,24838,1
544675,14947,2
544675,40571,3
544675,7781,4
544675,34584,5
545018,23288,1
545018,21137,2
545018,8571,3
545018,21292,4
545554,27845,1
545554,20608,2
545554,37067,3
545554,42265,4
545554,10132,5
545750,1511,1
545750,13176,2
545750,47209,3
545750,5114,4
545750,48679,5
545750,17122,6
545750,27966,7
545750,27690,8
545750,5212,9
545750,43961,10
545750,3896,11
545750,39947,12
545750,40571,13
545750,4957,14
545750,46979,15
545968,19691,1
545968,24852,2
545968,33120,3
545968,18963,4
545968,13838,5
545968,35951,6
546647,46802,1
546647,38400,2
546647,28985,3
546991,47766,1
546991,31506,2
546991,47626,3
546991,39984,4
546991,47042,5
546991,19677,6
547121,16185,1
547121,42701,2
547121,44987,3
547121,46667,4
547121,20520,5
547121,16953,6
547121,16965,7
547121,40593,8
548117,3298,1
548117,7088,2
548117,26348,3
548423,32478,1
548423,48697,2
548452,18811,1
548452,13259,2
548952,22935,1
548952,44359,2
548952,18027,3
548952,47209,4
549132,24852,1
549132,34270,2
549132,27845,3
549132,37646,4
549132,39984,5
549132,45007,6
549132,48364,7
549132,40706,8
549424,24852,1
549424,39275,2
549424,49235,3
549424,27845,4
549424,42244,5
549424,28289,6
549424,8424,7
549424,40706,8
549424,10749,9
549424,46906,10
549424,6046,11
549424,45535,12
549637,24852,1
549637,17706,2
549637,12099,3
549637,27086,4
549637,22959,5
549637,46820,6
549637,47144,7
549637,34050,8
549637,42828,9
549691,260,1
549691,20114,2
549691,2120,3
549874,21616,1
549874,8518,2
549874,20114,3
549874,39190,4
549874,21903,5
549874,13176,6
549930,46149,1
549930,41400,2
550032,23909,1
550032,24838,2
550032,49683,3
550032,4920,4
550032,37646,5
550530,32740,1
550530,35951,2
551054,7131,1
551054,42500,2
551072,24964,1
551072,18471,2
551072,8518,3
551138,26209,1
551138,47766,2
551138,42244,3
551138,9076,4
551138,27521,5
551138,33731,6
551138,8859,7
551822,8193,1
551822,29898,2
552184,6046,1
552184,18479,2
552184,39812,3
552184,11182,4
552184,3952,5
552184,46676,6
552184,47766,7
552184,40706,8
552184,19660,9
552230,44632,1
552230,21709,2
552230,42356,3
553500,46906,1
553500,32689,2
553500,48745,3
553500,26384,4
553500,7179,5
553500,23405,6
553500,37646,7
554064,12341,1
554064,21573,2
554064,21137,3
554071,27845,1
554071,432,2
554071,18362,3
554071,35921,4
554071,43086,5
554071,13176,6
554071,23405,7
554071,39275,8
554071,21137,9
554150,43961,1
554150,13535,2
554225,6184,1
554225,17862,2
554225,35561,3
554314,43352,1
554314,21137,2
554314,33768,3
554643,15424,1
554643,35221,2
554643,44632,3
554643,20119,4
555120,18523,1
555120,3957,2
556156,32403,1
556156,5258,2
556187,27845,1
556187,13198,2
556187,4605,3
556187,5373,4
556187,15613,5
556187,30720,6
556187,39475,7
556187,40604,8
556187,37646,9
556700,12341,1
556700,8048,2
557948,39560,1
557948,6046,2
558437,31759,1
558437,13042,2
558437,30450,3
558448,38300,1
558448,26348,2
558448,23288,3
558629,12341,1
558629,4724,2
558629,196,3
558629,13424,4
558896,47209,1
558896,49111,2
558896,13819,3
559502,47977,1
559502,12919,2
559502,5876,3
560572,4658,1
560572,5077,2
560572,8277,3
560572,24852,4
560572,49235,5
560572,32740,6
560850,21903,1
560850,14678,2
560850,20670,3
560965,43772,1
560965,18465,2
560965,14852,3
560965,33731,4
560965,38293,5
560965,1511,6
561276,23543,1
561276,46979,2
561276,47209,3
561276,5876,4
561276,49075,5
561945,24852,1
561945,5618,2
562653,49520,1
562653,20580,2
562653,34862,3
562653,24186,4
563553,36011,1
563553,13176,2
563553,21903,3
563630,18465,1
563630,14992,2
563630,17795,3
563653,21417,1
563653,6348,2
564478,44683,1
564478,34448,2
564478,12206,3
564478,18370,4
564837,45603,1
564837,30776,2
564837,13176,3
564837,13380,4
564861,37646,1
564861,28745,2
564861,10749,3
564861,43768,4
564861,44570,5
565392,24759,1
565392,196,2
565392,29529,3
565392,12916,4
565392,35948,5
565392,39108,6
565392,32156,7
565392,28913,8
565452,8571,1
565452,38768,2
565452,46061,3
565577,24838,1
565577,31717,2
565577,46979,3
565577,47766,4
565577,17794,5
565577,41220,6
565577,32655,7
565577,19508,8
565577,5456,9
565577,8518,10
565577,1463,11
565577,5876,12
565577,21903,13
565577,8075,14
566056,6760,1
566056,21195,2
566540,196,1
566540,10326,2
566628,22802,1
566628,46149,2
566628,196,3
566628,42500,4
566628,41276,5
566985,26209,1
566985,13198,2
566985,24852,3
567561,38739,1
567561,21938,2
567561,13176,3
567561,5646,4
567561,33401,5
567561,30391,6
567561,10644,7
567561,24184,8
567934,13176,1
567934,6184,2
567934,10326,3
567934,41787,4
568132,42719,1
568132,27845,2
568851,49683,1
568851,13984,2
568851,43789,3
568851,26209,4
568851,34358,5
568882,13176,1
568882,6184,2
569204,8518,1
569204,2966,2
569204,16759,3
569318,12099,1
569318,31506,2
569318,27521,3
569318,48364,4
569318,26497,5
569318,17862,6
569318,24852,7
569397,13176,1
569397,12341,2
569397,13966,3
569431,16083,1
569431,26209,2
569431,8424,3
569431,43129,4
569431,40706,5
569431,28842,6
569431,37825,7
569431,4605,8
569431,45007,9
569431,29307,10
569442,30353,1
569442,10132,2
569442,26604,3
569677,25890,1
569677,24852,2
569968,24841,1
569968,19677,2
569968,21526,3
570003,21709,1
570003,28465,2
570003,47877,3
570049,79,1
570049,35163,2
570380,22825,1
570380,5785,2
570380,37065,3
570380,8518,4
570397,39180,1
570397,39877,2
570397,31915,3
570657,39877,1
570657,37067,2
570657,39190,3
570657,28601,4
570657,46802,5
570772,46979,1
570772,40723,2
570772,47766,3
570772,24852,4
570772,47912,5
570772,21903,6
570772,5612,7
570772,12206,8
570772,37825,9
570772,40706,10
570772,2309,11
570772,35221,12
570776,13292,1
570776,21137,2
570776,20114,3
570776,24964,4
570898,21616,1
570898,47209,2
570898,3957,3
570898,18027,4
570898,13176,5
570898,12606,6
570898,21137,7
570898,16349,8
570898,46979,9
570898,46676,10
570898,42265,11
570898,7485,12
572079,19660,1
572079,32478,2
572156,29487,1
572156,49683,2
572156,44910,3
572156,8193,4
572156,38273,5
572156,24852,6
572318,35939,1
572318,21903,2
572318,39275,3
572318,38383,4
572389,24852,1
572389,21872,2
572389,40174,3
572389,34358,4
572389,44142,5
572389,47966,6
573132,37646,1
573132,35842,2
573132,13176,3
573941,6184,1
573941,16797,2
573941,46802,3
573941,4149,4
573941,27156,5
573941,1700,6
574359,44632,1
574359,39947,2
574359,35989,3
574359,35221,4
574359,21709,5
574359,14947,6
575822,6104,1
575822,40593,2
576018,42500,1
576018,196,2
576018,43154,3
576101,196,1
576101,32478,2
576101,25146,3
576101,31102,4
576171,24852,1
576171,9411,2
576171,20842,3
576572,46900,1
576572,31040,2
576572,44910,3
576572,13535,4
576572,3376,5
576572,42342,6
576572,38772,7
576572,20738,8
576572,42828,9
576612,2966,1
576612,27521,2
577115,33000,1
577115,27845,2
577115,3952,3
577164,25890,1
577164,30827,2
577164,8048,3
577384,20995,1
577384,19660,2
577384,23288,3
577384,14084,4
577395,21903,1
577395,21137,2
577395,4920,3
577569,32478,1
577569,49235,2
577569,12341,3
577569,24852,4
577569,28199,5
577634,44632,1
577634,8518,2
577634,34358,3
577634,27521,4
577634,5876,5
577634,33352,6
577634,24184,7
577634,30489,8
577634,42585,9
577634,9092,10
577797,37646,1
577797,30391,2
577797,24184,3
577797,49383,4
577797,7021,5
577797,22825,6
577797,39180,7
578532,13176,1
578532,37646,2
578532,30233,3
578532,19678,4
578532,24964,5
578532,21938,6
578532,10749,7
578532,47209,8
578575,28427,1
578575,1940,2
578575,27744,3
579361,10017,1
579361,28934,2
579361,18963,3
579361,38730,4
579973,18465,1
579973,2452,2
579973,24561,3
579973,43961,4
580408,32478,1
580408,13176,2
580408,43352,3
580408,39275,4
580408,30450,5
580412,3298,1
580412,32455,2
580412,42265,3
580641,41400,1
580641,33198,2
581907,10070,1
581907,13176,2
581907,30639,3
581907,15613,4
583198,16797,1
583198,43352,2
583198,8048,3
583328,24852,1
583328,47766,2
583328,49683,3
583328,15424,4
583328,4920,5
583328,16797,6
583328,26209,7
583328,47630,8
583402,13176,1
583402,5258,2
583638,34126,1
583638,43768,2
583638,44359,3
583638,16349,4
583743,33198,1
583743,10032,2
583743,27985,3
583825,19068,1
583825,21137,2
583825,24852,3
583825,28842,4
584133,19348,1
584133,46969,2
584812,12606,1
584812,19734,2
584993,26209,1
584993,31717,2
584993,25659,3
584993,27521,4
584993,5450,5
584993,21903,6
584993,21616,7
584993,23543,8
584993,40706,9
584993,39928,10
584993,32177,11
584993,34335,12
585411,39812,1
585411,47626,2
585411,7632,3
585411,15937,4
585616,25466,1
585616,21903,2
585616,12312,3
586038,26209,1
586038,47209,2
586038,20114,3
586038,47626,4
586038,31717,5
586038,13176,6
586038,28849,7
586038,7461,8
586038,41950,9
586038,28985,10
586038,9076,11
586038,47866,12
586038,46049,13
586794,5258,1
586794,39275,2
586794,21137,3
588113,19660,1
588113,14419,2
588163,18362,1
588163,49235,2
588163,35140,3
589278,12980,1
589278,24964,2
589278,28842,3
589278,26209,4
589278,34,5
589930,49235,1
589930,32478,2
590378,5785,1
590378,1463,2
590378,27086,3
591064,19677,1
591064,37646,2
591064,37067,3
591064,28199,4
591064,42244,5
591064,21709,6
591064,14947,7
591064,26620,8
591064,20119,9
591926,37766,1
591926,28785,2
592601,49175,1
592601,11520,2
592601,13176,3
592601,37687,4
592601,26209,5
592601,28842,6
592601,8230,7
592778,44560,1
592778,34160,2
592778,16254,3
593213,29662,1
593213,27086,2
593213,12872,3
593213,23236,4
593213,38273,5
593213,21462,6
593213,28934,7
593520,35163,1
593520,22849,2
593678,8021,1
593678,19660,2
594312,42265,1
594312,21938,2
594312,28204,3
594312,15902,4
594312,33438,5
594312,32465,6
594590,48226,1
594590,4138,2
594671,47042,1
594671,48364,2
594759,21137,1
594759,10246,2
596415,38928,1
596415,19660,2
596415,5258,3
596415,46562,4
596415,196,5
596415,39581,6
596415,12341,7
596415,13575,8
596415,11759,9
596666,14947,1
596666,49191,2
596793,20119,1
596793,26620,2
596837,26209,1
596837,47626,2
596837,39877,3
596837,43122,4
596837,17794,5
596837,34243,6
596906,32433,1
596906,432,2
596906,22963,3
596906,24852,4
596906,10644,5
596906,23236,6
597248,196,1
597248,18531,2
597384,7963,1
597384,34126,2
597384,33731,3
597384,47209,4
597384,27325,5
597384,17794,6
597384,21295,7
597384,45007,8
597585,47209,1
597585,32689,2
597585,33401,3
597585,42557,4
597585,35167,5
598872,40723,1
598872,16797,2
598872,37067,3
598872,16589,4
598872,38739,5
598872,2086,6
598872,48679,7
598872,4605,8
598872,25890,9
599121,8277,1
599121,37766,2
599121,12276,3
599121,21616,4
599121,31506,5
599436,24852,1
599436,27730,2
599436,14650,3
599436,20114,4
599449,35221,1
599449,21709,2
599449,47141,3
599449,21462,4
600137,33120,1
600137,4920,2
600137,31869,3
600137,30489,4
600493,47209,1
600493,24852,2
600527,44632,1
600527,26620,2
600527,21709,3
600527,31964,4
600527,14947,5
600527,20119,6
600527,40411,7
600527,10312,8
600942,39657,1
600942,38928,2
601155,24184,1
601155,31717,2
601274,13176,1
601274,43352,2
601313,34658,1
601313,30391,2
601313,27845,3
602556,18382,1
602556,22825,2
602556,28199,3
602556,21137,4
602556,13176,5
602556,38689,6
602735,30827,1
602735,21292,2
602735,6184,3
602735,19691,4
602735,32303,5
602735,16797,6
602960,27104,1
602960,21137,2
603433,38200,1
603433,28836,2
603433,25146,3
603433,13380,4
603433,21376,5
603517,7969,1
603517,47626,2
603537,48094,1
603537,1360,2
603537,9825,3
603537,29898,4
603537,890,5
603537,9092,6
603537,42585,7
603537,2450,8
603537,47144,9
603537,17949,10
604221,40516,1
604221,15290,2
604221,47209,3
604221,46979,4
604221,47626,5
604263,7948,1
604263,1940,2
604263,46149,3
604263,19660,4
604263,13176,5
604263,22802,6
604263,9358,7
604580,15902,1
604580,27344,2
604869,9387,1
604869,44142,2
605135,43352,1
605135,10246,2
605340,12914,1
605340,38739,2
605340,30776,3
605340,3583,4
605340,24852,5
605340,18471,6
605340,7969,7
605340,47626,8
605340,20345,9
605340,13198,10
605434,31506,1
605434,49235,2
605434,32734,3
605434,12492,4
605434,29557,5
605434,46807,6
605434,39468,7
605979,16349,1
605979,5876,2
605979,45066,3
606147,9421,1
606147,40063,2
607094,49235,1
607094,13176,2
607094,8309,3
608596,5479,1
608596,1215,2
608596,6475,3
608784,41276,1
608784,39657,2
609166,9018,1
609166,29603,2
609512,9358,1
609512,1957,2
609565,26348,1
609565,38928,2
609565,19691,3
609565,21137,4
609565,21288,5
609565,4920,6
609565,22802,7
609565,5258,8
609795,45646,1
609795,27845,2
610309,27845,1
610309,13176,2
610309,22963,3
610309,47209,4
610309,35108,5
610309,24964,6
610309,16083,7
610309,25890,8
610309,46979,9
610309,8424,10
610309,40198,11
610309,46886,12
610309,22935,13
610309,47144,14
610309,14766,15
610309,16290,16
610309,9076,17
610994,39190,1
610994,5785,2
610994,27086,3
611249,38928,1
611249,21572,2
611249,13176,3
612088,31915,1
612088,13176,2
612088,46906,3
612088,39877,4
612119,4920,1
612119,9839,2
613327,432,1
613327,24810,2
613327,48628,3
613327,17948,4
613327,42265,5
613429,49683,1
613429,18027,2
613429,37646,3
613429,38273,4
613429,17878,5
613429,4799,6
614061,20119,1
614061,44632,2
614061,26620,3
614061,22556,4
614061,17191,5
614061,27275,6
614061,41682,7
614061,10957,8
614168,3957,1
614168,4472,2
614168,25466,3
614168,44422,4
614168,34590,5
614417,20127,1
614417,18027,2
614417,49075,3
614417,35221,4
614417,9755,5
614517,37710,1
614517,22362,2
615507,5258,1
615507,43352,2
615507,42500,3
615507,21137,4
615507,21288,5
615507,19660,6
615507,41787,7
616418,27845,1
616418,20842,2
616432,34262,1
616432,35221,2
616867,10326,1
616867,13914,2
616867,14715,3
617494,8048,1
617494,43352,2
617494,4920,3
617494,21292,4
617511,23909,1
617511,23288,2
618421,4942,1
618421,33754,2
618421,22124,3
618421,4957,4
618421,18523,5
618421,46676,6
618421,42265,7
618421,46802,8
618421,16797,9
618426,5612,1
618426,13176,2
618426,5212,3
618426,4920,4
618601,31964,1
618601,35221,2
618601,24852,3
618601,47144,4
618601,27845,5
618601,45066,6
618601,21709,7
618601,13740,8
618601,30489,9
619854,27966,1
619854,21137,2
619854,39275,3
620264,39275,1
620264,29675,2
620264,28199,3
620264,19691,4
620264,26209,5
620264,46667,6
620264,35547,7
620264,41950,8
620526,29487,1
620526,19508,2
620526,3376,3
620526,13535,4
620526,4605,5
620526,27323,6
620526,28842,7
620526,36772,8
620526,28849,9
620556,43352,1
620556,8571,2
620556,13176,3
620974,45840,1
620974,43154,2
620974,37923,3
620974,23032,4
621035,28849,1
621035,3376,2
621035,10749,3
621722,33198,1
621722,30233,2
621722,34243,3
621722,4605,4
621722,17794,5
621722,26604,6
621722,4920,7
621722,13176,8
621722,5450,9
621722,28745,10
621722,36695,11
621722,1463,12
621876,37825,1
621876,27521,2
621876,16387,3
621876,18811,4
622024,40174,1
622024,13176,2
622024,20842,3
622024,48745,4
622024,45007,5
622024,13198,6
622024,22935,7
622024,34358,8
622024,41544,9
622024,7021,10
622728,43352,1
622728,13176,2
622980,39408,1
622980,27325,2
622980,13176,3
623754,196,1
623754,37710,2
623754,46061,3
623754,22362,4
623754,31102,5
624401,7600,1
624401,19734,2
624401,40709,3
624401,7644,4
624401,31564,5
624483,48559,1
624483,6287,2
624483,44632,3
624483,26620,4
624483,20119,5
624483,49191,6
624483,13245,7
624606,26348,1
624606,22362,2
624606,40199,3
624756,45948,1
624756,9421,2
624756,5652,3
624756,43789,4
624756,12320,5
624756,34243,6
624756,41065,7
624756,27966,8
624756,21137,9
626143,9839,1
626143,21903,2
626143,6184,3
626143,38928,4
626143,33000,5
626151,43352,1
626151,4920,2
626151,33768,3
626233,16953,1
626233,13176,2
626233,25659,3
626258,28289,1
626258,4210,2
626258,25146,3
627742,16797,1
627742,43352,2
627798,47626,1
627798,46979,2
627798,42625,3
628458,23165,1
628458,5876,2
628458,38650,3
628458,26165,4
628458,20995,5
628550,41665,1
628550,18465,2
628550,13176,3
628550,47209,4
628571,4920,1
628571,32691,2
628571,46979,3
628571,12440,4
628831,38689,1
628831,29487,2
628831,14992,3
628831,27104,4
628831,28204,5
628831,4605,6
628831,49683,7
628831,26209,8
628831,46667,9
628831,21903,10
628831,4920,11
628831,39928,12
628831,47759,13
629038,22142,1
629038,11005,2
629038,24852,3
629040,5077,1
629040,45066,2
629040,34358,3
629040,47766,4
629040,38383,5
629040,20114,6
629040,16145,7
629040,45535,8
629040,44987,9
629040,43789,10
629099,19660,1
629099,49683,2
629099,260,3
629099,42265,4
629099,10246,5
629108,8193,1
629108,35939,2
629108,47766,3
629108,28842,4
629108,8424,5
629108,47626,6
629108,5025,7
629108,8518,8
629108,38159,9
629108,34584,10
629108,26209,11
629108,44632,12
629181,27275,1
629181,49191,2
629181,31964,3
629181,47977,4
629518,27156,1
629518,25138,2
629518,14218,3
630046,4562,1
630046,47626,2
630046,22849,3
630046,49235,4
630046,34448,5
630046,4799,6
630379,41198,1
630379,21709,2
630379,35221,3
630379,20119,4
630379,40749,5
630500,30233,1
630500,5876,2
630711,38739,1
630711,27903,2
630711,40925,3
630711,29801,4
630711,27086,5
631113,4149,1
631113,13176,2
631234,4724,1
631234,21903,2
631302,651,1
631302,38768,2
631324,26317,1
631324,33000,2
631324,35561,3
631324,20995,4
631324,21903,5
631324,5068,6
631740,29848,1
631740,44475,2
631758,38928,1
631758,32478,2
631758,17122,3
631758,30827,4
631758,12341,5
631808,49235,1
631808,32465,2
631808,47766,3
632355,196,1
632355,6184,2
632495,27845,1
632495,35951,2
632495,27086,3
632495,10644,4
632495,35898,5
632715,20940,1
632715,196,2
632715,21386,3
633102,45066,1
633102,4562,2
633102,21137,3
633102,27966,4
633102,26604,5
633102,17948,6
633609,6184,1
633609,13176,2
633609,43352,3
633609,39275,4
633609,32689,5
633798,1940,1
633798,22802,2
633800,46802,1
633800,22825,2
634718,26209,1
634718,31506,2
635139,8670,1
635139,44449,2
635139,39984,3
635139,34126,4
635139,5818,5
635139,24964,6
635139,39812,7
635156,2717,1
635156,41682,2
635156,31964,3
635156,26384,4
636503,18023,1
636503,5769,2
636888,6184,1
636888,12427,2
636965,25588,1
636965,43352,2
636965,39275,3
636965,21616,4
636965,10385,5
636965,46667,6
636965,40604,7
636965,8174,8
636965,45066,9
636965,47209,10
636965,7021,11
637155,21903,1
637155,39040,2
637155,34243,3
637228,21903,1
637228,31717,2
637228,24852,3
637228,28849,4
637228,47766,5
637228,42768,6
637338,16797,1
637338,38689,2
637338,18465,3
637824,30489,1
637824,13646,2
637824,5785,3
637824,31487,4
637824,25824,5
637824,44632,6
637824,21709,7
637824,39947,8
637824,45747,9
637861,47766,1
637861,24852,2
637861,38557,3
638424,12606,1
638424,12341,2
639184,47626,1
639184,432,2
639184,5479,3
639184,31553,4
639184,25890,5
640289,21616,1
640289,40706,2
640289,42265,3
640289,27104,4
640289,24830,5
640289,47626,6
640289,46906,7
640289,38739,8
640289,33846,9
640289,40233,10
640289,28156,11
640289,21137,12
640329,12341,1
640329,5769,2
640350,37710,1
640350,41276,2
640350,43739,3
640350,40199,4
640425,23288,1
640425,36107,2
641482,21288,1
641482,8048,2
641482,21137,3
641482,196,4
641482,12341,5
641482,39275,6
641482,43352,7
641482,8571,8
641482,43739,9
641733,3957,1
641733,24852,2
641733,19677,3
641733,43967,4
641733,28204,5
641733,47766,6
641733,36316,7
641733,25332,8
641733,43295,9
641733,30450,10
641764,37710,1
641764,196,2
642674,30450,1
642674,12341,2
642674,8048,3
642754,40604,1
642754,18594,2
642754,47209,3
642754,44479,4
642754,43961,5
642754,21137,6
642968,8859,1
642968,14233,2
643457,15424,1
643457,40174,2
643556,38768,1
643556,30827,2
644167,12576,1
644167,31964,2
644167,27275,3
644167,32650,4
644426,6046,1
644426,26369,2
644426,47209,3
644426,38557,4
645497,31651,1
645497,13914,2
645497,26348,3
645497,12427,4
645963,21288,1
645963,9076,2
645963,5161,3
645963,16797,4
645963,43352,5
645963,39657,6
645963,3298,7
645963,32478,8
645963,12427,9
647051,39275,1
647051,14233,2
647292,21903,1
647292,27845,2
647292,27548,3
647292,37067,4
647292,21137,5
647292,38777,6
647292,34034,7
647292,30391,8
647292,47144,9
647292,34969,10
647292,27104,11
647292,29662,12
647292,47209,13
647292,18465,14
647292,46979,15
647292,3599,16
647292,25659,17
647384,24964,1
647384,35939,2
647384,35986,3
647384,17794,4
647384,30489,5
648012,11520,1
648012,4086,2
648012,31506,3
648012,41950,4
648012,4461,5
648088,4920,1
648088,11440,2
648234,43352,1
648234,13176,2
648234,21288,3
648234,18023,4
648234,196,5
648234,39275,6
648621,33647,1
648621,14780,2
650341,13176,1
650341,19660,2
650341,37687,3
650341,17461,4
650341,47626,5
650341,47144,6
650341,2295,7
650382,35561,1
650382,21903,2
650382,16797,3
650976,47977,1
650976,8859,2
651313,19348,1
651313,20119,2
651400,13176,1
651400,19508,2
651400,8048,3
651400,30720,4
651400,20670,5
651400,11759,6
651816,13176,1
651816,43744,2
652060,41950,1
652060,8518,2
652703,49235,1
652703,12276,2
652703,40174,3
652703,40742,4
652703,40332,5
652703,28571,6
652891,47766,1
652891,39928,2
652939,40910,1
652939,12140,2
653690,23032,1
653690,35898,2
653690,36854,3
653765,13966,1
653765,43739,2
653765,37710,3
653804,43352,1
653804,12341,2
653804,21288,3
653804,27845,4
653804,13176,5
653825,5258,1
653825,35898,2
653825,23288,3
653864,1957,1
653864,35561,2
653864,37710,3
654231,43295,1
654231,5077,2
654231,4137,3
654543,4957,1
654543,35914,2
654822,35855,1
654822,42736,2
654822,45504,3
654822,30021,4
654822,11520,5
655134,16797,1
655134,43352,2
655134,21288,3
655134,37710,4
655150,41259,1
655150,24964,2
655267,41658,1
655267,10132,2
655361,31808,1
655361,29487,2
655361,44548,3
655361,41844,4
655361,8475,5
655677,43631,1
655677,28836,2
656025,32478,1
656025,43154,2
656025,17122,3
656025,13176,4
656438,1463,1
656438,41220,2
656438,22260,3
656438,9839,4
657729,45104,1
657729,21903,2
657729,5818,3
657729,21938,4
657729,15290,5
657729,2295,6
658106,10017,1
658106,20114,2
658106,47626,3
658106,13646,4
658106,21616,5
658106,46584,6
658249,14715,1
658249,19660,2
658249,196,3
658846,27104,1
658846,44359,2
659109,13646,1
659109,12916,2
659981,24852,1
659981,28199,2
659981,4920,3
659981,40723,4
659981,47766,5
659981,22825,6
659981,27966,7
661598,14788,1
661598,16696,2
661598,44632,3
662126,41658,1
662126,19678,2
662126,20114,3
662330,26317,1
662330,19660,2
662492,42828,1
662492,45537,2
662492,21903,3
662492,24852,4
662492,27845,5
662492,27344,6
662950,17956,1
662950,10492,2
662950,1700,3
663509,43154,1
663509,12341,2
663509,21903,3
663509,42265,4
663509,4920,5
663509,32689,6
663509,33768,7
664585,24852,1
664585,35199,2
664659,41950,1
664659,45603,2
664659,48559,3
664659,9421,4
664659,6287,5
664833,18234,1
664833,39276,2
665515,12341,1
665515,5258,2
665515,5068,3
665772,24830,1
665772,41950,2
665842,44843,1
665842,32553,2
665842,5794,3
665927,14218,1
665927,16797,2
665927,12341,3
665927,21903,4
665927,39993,5
665927,47626,6
665927,43789,7
665927,21616,8
665927,42342,9
665927,27344,10
665927,40749,11
666028,7781,1
666028,13176,2
666028,43263,3
666028,10957,4
666028,30353,5
667176,36011,1
667176,33647,2
667350,13176,1
667350,32478,2
667350,44683,3
667350,38768,4
667735,5161,1
667735,31651,2
667735,30720,3
668082,16797,1
668082,40199,2
668082,32303,3
668379,21137,1
668379,27086,2
668379,4210,3
668379,31730,4
668379,13733,5
668511,47209,1
668511,42736,2
669185,1215,1
669185,36070,2
669276,33198,1
669276,47626,2
669276,4472,3
669276,13176,4
669276,22963,5
669276,10246,6
669276,43352,7
669276,47209,8
669900,717,1
669900,605,2
669900,13176,3
670689,46802,1
670689,4149,2
670689,21137,3
670689,13176,4
670916,20940,1
670916,46473,2
670916,17924,3
670991,196,1
670991,46149,2
671351,24852,1
671351,45007,2
671351,44683,3
671495,45013,1
671495,13176,2
671495,25824,3
671495,13870,4
671495,37464,5
672269,4920,1
672269,37766,2
672269,28199,3
673227,32455,1
673227,19691,2
673254,5258,1
673254,25588,2
674043,5258,1
674043,33198,2
674178,21386,1
674178,39275,2
674178,44632,3
674178,46969,4
674178,13176,5
674178,10749,6
674178,35167,7
674198,19660,1
674198,11777,2
674198,27845,3
674198,21543,4
674198,18594,5
674337,35221,1
674337,44632,2
674337,17191,3
674337,26620,4
674562,11520,1
674562,37687,2
674562,49235,3
674562,21417,4
674562,21847,5
674713,49235,1
674713,27845,2
674713,1940,3
675392,43789,1
675392,24964,2
675392,34126,3
675392,47626,4
675392,42193,5
675969,32303,1
675969,39275,2
675969,20995,3
675969,16797,4
676054,13176,1
676054,27966,2
676054,7781,3
676054,10957,4
676515,21573,1
676515,20940,2
676612,49191,1
676612,26620,2
676612,8174,3
676612,13176,4
676612,28204,5
676612,42265,6
676612,27104,7
676612,31964,8
676699,33198,1
676699,8518,2
676699,43789,3
677081,19660,1
677081,21903,2
677081,8518,3
677081,43768,4
677081,21872,5
677081,37646,6
677081,31964,7
677081,5456,8
677081,9515,9
677150,21709,1
677150,25466,2
677150,30489,3
677271,24852,1
677271,22825,2
677271,31915,3
677271,27325,4
678056,6184,1
678056,13575,2
678056,17122,3
678509,20082,1
678509,24852,2
678509,45066,3
678509,41844,4
678509,4920,5
678509,40706,6
678509,47766,7
678509,7781,8
678509,48679,9
678509,35004,10
678509,1090,11
678509,5161,12
678823,17858,1
678823,37766,2
678823,4920,3
678853,48142,1
678853,47877,2
679270,8048,1
679270,16797,2
679270,13176,3
679270,32478,4
679403,5258,1
679403,22802,2
679403,8859,3
679403,500,4
679645,34126,1
679645,26209,2
679645,47209,3
679645,11520,4
679645,41950,5
679645,45007,6
679705,38777,1
679705,26177,2
679705,20794,3
679705,8736,4
679705,19731,5
679845,22935,1
679845,33754,2
680325,43789,1
680325,24852,2
680325,12341,3
680325,20842,4
680325,1158,5
680365,27730,1
680365,21903,2
680365,24852,3
680365,26620,4
680365,1090,5
680365,35004,6
680365,39275,7
680643,27845,1
680643,38984,2
680643,34249,3
680976,21903,1
680976,7559,2
680976,27845,3
681658,21903,1
681658,13176,2
681658,39275,3
681658,43352,4
681658,18023,5
683069,12206,1
683069,8518,2
683069,21288,3
683167,20940,1
683167,37215,2
683167,7948,3
683197,40939,1
683197,49235,2
683295,34551,1
683295,5769,2
683582,5258,1
683582,43352,2
684268,18963,1
684268,6182,2
684268,25466,3
684268,47209,4
684329,13984,1
684329,24964,2
684329,26209,3
684329,31343,4
684329,40233,5
684329,20114,6
684329,16797,7
684329,43961,8
684329,45537,9
684329,21070,10
684463,21288,1
684463,16797,2
684613,37067,1
684613,5450,2
684613,47626,3
684613,24184,4
684613,15290,5
684613,2295,6
684613,32864,7
684613,30391,8
684613,27966,9
684613,11140,10
684836,10385,1
684836,49383,2
684836,27521,3
684836,31553,4
684914,21195,1
684914,500,2
685113,21137,1
685113,13176,2
685323,20114,1
685323,11182,2
685323,35855,3
685323,10492,4
685323,24852,5
685749,40516,1
685749,10957,2
685749,7736,3
686354,37710,1
686354,26348,2
686369,47626,1
686369,5161,2
686809,7736,1
686809,16953,2
686809,24852,3
687169,13176,1
687169,47209,2
687169,34969,3
687169,5785,4
687169,35951,5
687169,45066,6
687169,13870,7
687169,37029,8
687394,25466,1
687394,8859,2
687501,32578,1
687501,45066,2
687501,11182,3
687501,47209,4
687501,13733,5
687501,13819,6
687501,45,7
688743,6873,1
688743,19678,2
688743,27104,3
688743,45007,4
688743,44359,5
688743,41787,6
688743,11777,7
688743,10070,8
688743,28204,9
688743,47766,10
688743,24852,11
688743,22935,12
688743,41950,13
688743,13829,14
688743,4957,15
688743,10017,16
688743,2228,17
688743,42356,18
688743,40709,19
688743,4920,20
688743,18656,21
688795,27845,1
688795,13629,2
688795,21137,3
688795,27521,4
688795,39275,5
688795,44422,6
688821,13176,1
688821,24852,2
688821,21267,3
688821,21903,4
689612,20574,1
689612,24830,2
689612,10749,3
689612,31717,4
689612,17461,5
689612,6489,6
689612,13176,7
689612,8424,8
689788,196,1
689788,46149,2
689972,43352,1
689972,16797,2
690153,49533,1
690153,18465,2
691008,28204,1
691008,24852,2
691008,11777,3
691008,33754,4
691008,5212,5
691756,11759,1
691756,38928,2
691756,39275,3
691756,21573,4
691756,35561,5
692135,196,1
692135,29529,2
692135,12916,3
692559,8859,1
692559,36051,2
693896,27451,1
693896,18531,2
693896,28745,3
694381,31759,1
694381,42500,2
694381,41400,3
694381,13042,4
694381,21137,5
694381,13176,6
695480,16083,1
695480,5373,2
695480,25890,3
695480,19057,4
695480,27845,5
695480,581,6
695480,2855,7
695617,27845,1
695617,41588,2
695617,26384,3
695617,27966,4
695617,26604,5
695617,18441,6
696902,6184,1
696902,13259,2
697076,38928,1
697076,43352,2
697076,13575,3
697076,12427,4
697076,32455,5
697076,196,6
697600,6184,1
697600,11266,2
697600,48812,3
697600,11759,4
697600,12427,5
698081,26209,1
698081,43789,2
698142,35561,1
698142,31759,2
698142,20940,3
698189,6631,1
698189,13944,2
698189,32047,3
698489,45066,1
698489,46906,2
698525,35842,1
698525,43744,2
699308,24852,1
699308,17568,2
699308,35140,3
700025,38768,1
700025,11759,2
700471,11712,1
700471,5456,2
701476,2180,1
701476,17872,2
701883,5194,1
701883,28204,2
702157,42500,1
702157,46149,2
702442,24850,1
702442,13176,2
702442,28199,3
702442,17600,4
702538,20940,1
702538,13176,2
702538,37710,3
702538,42803,4
702538,21137,5
702538,32303,6
702538,4920,7
702538,7131,8
702608,17634,1
702608,30450,2
703276,47144,1
703276,432,2
703276,14778,3
703276,15902,4
703276,17878,5
703276,21137,6
703276,39275,7
703276,21903,8
703880,17191,1
703880,12576,2
703880,30353,3
703880,21709,4
703880,3957,5
704168,8021,1
704168,43086,2
704168,19348,3
704168,49235,4
704168,15693,5
704168,13176,6
704168,5876,7
704168,27548,8
704168,31683,9
704471,196,1
704471,16953,2
705795,21903,1
705795,47626,2
705795,24852,3
705795,43352,4
705795,26604,5
705795,40706,6
705836,8277,1
705836,30489,2
705836,13176,3
707045,42701,1
707045,24964,2
707045,14462,3
707045,47209,4
707045,27845,5
707045,42445,6
707229,38772,1
707229,23029,2
707229,26209,3
707229,29987,4
707229,21267,5
707229,21903,6
707829,5161,1
707829,12427,2
707829,21573,3
707829,11759,4
707829,13424,5
707829,37710,6
707829,26348,7
707829,6184,8
707995,21295,1
707995,30489,2
707995,33120,3
707995,45066,4
707995,24810,5
708195,17316,1
708195,1511,2
708195,33198,3
708241,21050,1
708241,8230,2
708241,17858,3
708473,196,1
708473,14419,2
708473,35898,3
708805,13733,1
708805,16589,2
708805,28204,3
708805,29926,4
708805,17872,5
708805,24852,6
709272,5769,1
709272,16797,2
709272,12341,3
709272,6184,4
709272,13176,5
709533,25513,1
709533,11777,2
709533,21903,3
709533,26604,4
709533,37067,5
709533,10385,6
709533,43768,7
709533,1244,8
710349,7131,1
710349,3298,2
710679,38777,1
710679,21137,2
710679,47626,3
710679,24852,4
710679,37646,5
710679,47788,6
710679,43352,7
710788,33129,1
710788,29487,2
710788,33452,3
710788,25783,4
710788,7746,5
710788,38400,6
710929,24852,1
710929,11520,2
710929,2452,3
710929,5450,4
710929,46906,5
710929,21903,6
710929,46584,7
710965,19660,1
710965,46061,2
710965,5258,3
711259,2086,1
711259,24852,2
711259,35951,3
711259,29418,4
711681,32465,1
711681,35547,2
711681,13176,3
711681,49683,4
711681,20995,5
711681,18918,6
711681,30776,7
712000,39947,1
712000,47877,2
712000,36316,3
712000,49520,4
712000,42972,5
712252,43154,1
712252,42500,2
712252,40939,3
713240,38777,1
713240,22035,2
713290,14127,1
713290,24852,2
713290,27845,3
713290,43086,4
713362,22362,1
713362,32303,2
713868,41658,1
713868,2537,2
714148,21295,1
714148,8204,2
714148,15872,3
714148,32429,4
714539,24852,1
714539,47912,2
714539,46676,3
714539,13263,4
714539,33754,5
714539,41787,6
714539,28465,7
715551,8615,1
715551,25466,2
715551,2086,3
715860,46061,1
715860,13176,2
715924,5883,1
715924,2099,2
715958,37067,1
715958,16589,2
715958,30489,3
715958,42265,4
715958,28842,5
715958,46979,6
715958,31506,7
716030,46667,1
716030,31717,2
716030,32177,3
716139,21137,1
716139,46969,2
716139,24852,3
716139,27744,4
716139,8424,5
716254,46041,1
716254,20345,2
716254,16797,3
716254,15153,4
716438,47766,1
716438,45603,2
716438,11520,3
716438,48679,4
716438,4562,5
716438,45007,6
716438,16349,7
716438,47626,8
716438,8518,9
716438,36205,10
716438,36070,11
717765,2086,1
717765,13733,2
717765,46979,3
717765,24852,4
717765,5818,5
717765,39993,6
717765,10644,7
719067,28156,1
719067,24852,2
719283,31683,1
719283,41290,2
719283,14399,3
719283,15424,4
719817,39947,1
719817,12576,2
719817,45747,3
719817,19660,4
719817,18382,5
719817,41319,6
719817,27344,7
719817,22035,8
720074,30391,1
720074,45007,2
720074,19508,3
720074,9839,4
720074,21137,5
720771,47209,1
720771,13176,2
720771,27845,3
720771,36735,4
720771,42244,5
721384,35108,1
721384,8021,2
721384,42625,3
721384,33731,4
721384,43129,5
721384,32433,6
721384,4605,7
721412,13176,1
721412,19057,2
721412,10749,3
721412,45063,4
721412,22825,5
721412,30489,6
721412,45007,7
721412,30391,8
721412,43789,9
721412,22935,10
721412,44422,11
721512,42265,1
721512,46906,2
721512,28199,3
721640,8670,1
721640,27156,2
721640,35750,3
722578,35045,1
722578,44661,2
722578,30776,3
722578,35503,4
723390,27451,1
723390,13176,2
723390,46969,3
724321,19660,1
724321,24186,2
725071,21616,1
725071,29675,2
725071,8277,3
725071,22260,4
725071,14633,5
725071,31717,6
725071,8424,7
725096,27966,1
725096,33120,2
725096,37646,3
725096,19057,4
725354,24852,1
725354,35951,2
725354,28204,3
725354,21903,4
725354,30489,5
725354,26128,6
725653,6184,1
725653,17122,2
725653,5258,3
725653,48142,4
726301,19660,1
726301,35336,2
727032,3583,1
727032,9755,2
727032,12442,3
727032,11777,4
727673,16953,1
727673,48812,2
728044,26317,1
728044,39922,2
728273,21938,1
728273,22935,2
728273,4920,3
728273,8193,4
728273,34969,5
729098,4605,1
729098,18926,2
729098,14218,3
729098,8518,4
729098,24184,5
729098,36011,6
729098,8955,7
729098,20114,8
729098,34358,9
729098,48395,10
729098,18531,11
729098,21010,12
729098,7021,13
729343,6184,1
729343,4149,2
729763,33120,1
729763,11182,2
729763,47209,3
729763,13176,4
729763,40706,5
729763,43961,6
729924,37687,1
729924,13042,2
730040,32052,1
730040,31663,2
730040,40545,3
730040,21903,4
730813,21903,1
730813,25890,2
730813,45007,3
730813,24852,4
730813,29487,5
730813,47626,6
730813,46979,7
731435,17862,1
731435,5818,2
731435,25890,3
731435,27521,4
731435,38739,5
731719,21614,1
731719,22556,2
731719,5450,3
731719,11182,4
731719,13852,5
731719,8955,6
731719,45007,7
731719,2996,8
731719,12442,9
731874,47209,1
731874,43768,2
731874,44359,3
731874,30391,4
731874,31562,5
731874,15290,6
731874,16589,7
731874,21137,8
731874,5876,9
731932,13984,1
731932,47626,2
731932,19660,3
731932,47209,4
731932,11576,5
731932,30391,6
731932,47144,7
731932,16797,8
732595,2314,1
732595,11512,2
732595,1529,3
732911,41400,1
732911,19660,2
732911,196,3
733511,4724,1
733511,35887,2
733511,19691,3
733540,11520,1
733540,10644,2
733540,24964,3
733540,8518,4
733540,22935,5
733650,6184,1
733650,16797,2
733824,24852,1
733824,16521,2
733824,19057,3
733824,28289,4
733949,26209,1
733949,27104,2
734030,5876,1
734030,13984,2
734030,36695,3
734030,5161,4
734030,25718,5
734030,37067,6
734754,5258,1
734754,6760,2
735173,13176,1
735173,21137,2
735173,42265,3
735173,46149,4
735173,12341,5
736232,16145,1
736232,42768,2
736232,30480,3
736232,23537,4
736232,28849,5
736232,7461,6
736232,14678,7
736232,26717,8
736232,5876,9
736382,45290,1
736382,13176,2
736382,47144,3
736382,42244,4
736382,41273,5
736382,7503,6
736382,31927,7
736382,22260,8
736382,31343,9
736964,27845,1
736964,37067,2
736964,9076,3
736964,45223,4
737267,43122,1
737267,44359,2
738565,38300,1
738565,9358,2
738790,6046,1
738790,47626,2
738790,44632,3
738821,20549,1
738821,46886,2
738821,21709,3
738821,23236,4
738821,34658,5
738821,46802,6
738821,25138,7
738821,42450,8
738821,21137,9
740177,43789,1
740177,32864,2
740177,32052,3
740177,19660,4
740218,8193,1
740218,49683,2
740218,40604,3
740950,27307,1
740950,27360,2
742150,47144,1
742150,24852,2
742280,13292,1
742280,37766,2
742735,33129,1
742735,19863,2
742778,47766,1
742778,22849,2
742778,26209,3
743199,17949,1
743199,44765,2
743199,4656,3
743199,21376,4
743403,16797,1
743403,432,2
743613,33956,1
743613,35336,2
743619,27845,1
743619,15902,2
743619,21083,3
743961,24852,1
743961,36127,2
743961,1511,3
743961,4920,4
743961,8424,5
743961,35221,6
744154,11712,1
744154,33731,2
744154,5456,3
744154,11005,4
744154,27344,5
744154,25138,6
744154,11140,7
744447,8736,1
744447,4142,2
744468,26369,1
744468,47626,2
744468,27845,3
745194,43154,1
745194,48812,2
745194,37710,3
745609,40706,1
745609,19508,2
745609,28204,3
745981,35951,1
745981,37220,2
746082,30391,1
746082,21137,2
746082,4920,3
746082,24852,4
746082,48364,5
746252,21386,1
746252,19057,2
746252,9623,3
746252,34024,4
746252,18523,5
746647,10385,1
746647,27845,2
746647,39928,3
746693,42557,1
746693,43875,2
746693,44787,3
746693,28378,4
746693,4605,5
746693,24184,6
746693,5240,7
746693,38273,8
747404,24852,1
747404,21903,2
747404,581,3
747404,42585,4
747404,39475,5
747404,28289,6
747404,31553,7
747404,48775,8
747404,39984,9
747800,24363,1
747800,5161,2
747800,30489,3
747800,46692,4
747800,35633,5
747800,23291,6
747800,13292,7
747800,14233,8
747800,31964,9
747800,14678,10
749211,196,1
749211,22802,2
749277,22227,1
749277,19660,2
749386,27966,1
749386,27845,2
749386,13176,3
749386,29487,4
749386,10749,5
749386,18465,6
749386,21137,7
749386,4086,8
749386,42701,9
749386,17747,10
750242,12341,1
750242,10326,2
750242,18811,3
750294,9076,1
750294,47000,2
750294,39475,3
750294,38164,4
750294,9550,5
750294,37766,6
750748,47672,1
750748,14780,2
750748,6348,3
750748,4605,4
751697,37158,1
751697,5748,2
751697,36618,3
751697,44632,4
751697,717,5
751886,14233,1
751886,38300,2
752147,23165,1
752147,34126,2
752147,21903,3
752147,27521,4
752147,4605,5
752147,42265,6
752147,44632,7
752147,32689,8
752147,45007,9
752147,5876,10
752147,48679,11
752162,24852,1
752162,17794,2
752162,34126,3
752162,48628,4
752162,9092,5
752162,21903,6
752162,38889,7
753169,22959,1
753169,47209,2
753169,49235,3
753169,42557,4
753494,39657,1
753494,31651,2
753494,37710,3
753494,41276,4
753494,39408,5
753531,20082,1
753531,39877,2
753531,210,3
753531,32734,4
753531,21616,5
753531,39275,6
753531,651,7
753531,22035,8
753531,31506,9
753531,34969,10
753533,21709,1
753533,17191,2
753533,24852,3
753533,10032,4
753533,15872,5
753533,20512,6
753724,48364,1
753724,5479,2
755495,37646,1
755495,39275,2
755495,21903,3
755495,35547,4
755495,13176,5
755495,46802,6
755685,25890,1
755685,5450,2
755685,11250,3
755685,28204,4
755685,49683,5
755685,4605,6
755703,24852,1
755703,18465,2
756714,31651,1
756714,13424,2
756714,40199,3
756714,48142,4
756714,196,5
756714,38928,6
756887,196,1
756887,46061,2
756887,40939,3
757396,35939,1
757396,44014,2
757396,25659,3
757396,18479,4
757396,17794,5
757396,20520,6
757396,16145,7
757396,11136,8
757396,31717,9
757396,42585,10
758483,11520,1
758483,39928,2
758483,19057,3
759478,43352,1
759478,21137,2
759478,21195,3
759478,9839,4
759478,30827,5
759478,10326,6
759478,20940,7
759835,18926,1
759835,33754,2
759835,36011,3
759835,13517,4
759835,27156,5
759835,5450,6
759835,37646,7
759835,37067,8
759835,8424,9
759835,47630,10
759835,43961,11
759835,16797,12
759835,30391,13
759835,17652,14
759835,1090,15
760820,13176,1
760820,47144,2
760820,28985,3
760820,5450,4
760820,45007,5
760820,12206,6
760820,18234,7
760833,4461,1
760833,24964,2
760836,47766,1
760836,5479,2
761930,45840,1
761930,4472,2
761930,25753,3
761930,21137,4
761930,32463,5
761930,40709,6
761930,47766,7
762178,35121,1
762178,38490,2
762178,37646,3
762178,8174,4
762178,21137,5
762178,39275,6
762323,43122,1
762323,8277,2
762323,46906,3
762323,12099,4
762584,26384,1
762584,33000,2
762584,26604,3
762615,27845,1
762615,30827,2
764202,35108,1
764202,23236,2
764202,19508,3
764202,28842,4
764203,46979,1
764203,47734,2
764203,8518,3
764203,34358,4
764203,6104,5
764203,39040,6
765102,15424,1
765102,10255,2
765102,31759,3
765401,41198,1
765401,20392,2
765401,44632,3
765401,47209,4
765503,19678,1
765503,24964,2
765503,47209,3
765503,22935,4
765503,48679,5
765503,13176,6
765503,43154,7
765655,10326,1
765655,39275,2
765994,38300,1
765994,48532,2
766180,16254,1
766180,44560,2
766440,45603,1
766440,9421,2
766440,20947,3
766812,44910,1
766812,14947,2
766812,21903,3
766812,39619,4
766812,49683,5
767786,42500,1
767786,22802,2
768199,2350,1
768199,11068,2
768199,18564,3
768199,4920,4
768199,22935,5
768199,38293,6
768199,24852,7
768270,28934,1
768270,42585,2
768435,13176,1
768435,5068,2
768435,30720,3
768435,27156,4
769541,13176,1
769541,37317,2
769541,48812,3
769661,27966,1
769661,8193,2
769661,27845,3
769661,24852,4
770257,41400,1
770257,13176,2
770257,20940,3
770257,43352,4
770257,31759,5
770858,19678,1
770858,11520,2
770858,43789,3
770858,31801,4
771317,16797,1
771317,43352,2
771317,46041,3
771317,39275,4
771758,4605,1
771758,31343,2
771949,14947,1
771949,46226,2
771949,18523,3
771949,47209,4
771949,34969,5
772248,27156,1
772248,890,2
772248,16953,3
773267,32655,1
773267,39812,2
773267,44628,3
773267,27845,4
773267,13176,5
773267,19057,6
774028,19057,1
774028,47209,2
774028,24852,3
774028,18441,4
774028,21137,5
774028,20754,6
774028,19677,7
774028,605,8
775431,45504,1
775431,13176,2
775431,49131,3
775431,14678,4
775431,27966,5
775431,39928,6
775431,10749,7
775431,36695,8
775431,27683,9
775706,27156,1
775706,23236,2
775856,8174,1
775856,38456,2
776262,4920,1
776262,5450,2
776262,19057,3
776262,25890,4
776809,22362,1
776809,22802,2
776848,8048,1
776848,44683,2
776848,20955,3
776848,21137,4
777179,49683,1
777179,26209,2
777179,32429,3
777179,19057,4
777179,8193,5
777179,46979,6
777179,39877,7
777179,41950,8
777179,40706,9
777179,18465,10
777179,13176,11
777243,19057,1
777243,3142,2
777243,8021,3
778159,34126,1
778159,41787,2
778159,45066,3
778159,43768,4
778159,11182,5
778159,26209,6
778159,49683,7
778159,8518,8
778307,41844,1
778307,19057,2
778307,36085,3
779034,40174,1
779034,24852,2
779034,38777,3
779034,13198,4
779034,12980,5
779034,47766,6
779034,6873,7
779789,21137,1
779789,8048,2
780301,30776,1
780301,8138,2
780301,38777,3
780301,28985,4
780418,19125,1
780418,4210,2
780545,5612,1
780545,16797,2
780545,39275,3
780545,22474,4
780584,8518,1
780584,18234,2
780895,12341,1
780895,8048,2
780947,11266,1
780947,13914,2
780947,46061,3
780947,37710,4
781021,13176,1
781021,33120,2
781021,24489,3
781021,4472,4
781021,19660,5
781021,13819,6
781622,43154,1
781622,39275,2
781717,27325,1
781717,36107,2
782149,30406,1
782149,21195,2
782149,7021,3
782149,6184,4
782775,24852,1
782775,30391,2
782775,28204,3
782775,22825,4
782775,21903,5
782775,28985,6
782775,27336,7
782775,44359,8
782775,13517,9
782775,2078,10
782775,27845,11
782894,196,1
782894,46149,2
783268,48142,1
783268,196,2
783268,46149,3
783705,20842,1
783705,20734,2
783761,12606,1
783761,41276,2
783927,21137,1
783927,10326,2
784007,5876,1
784007,5258,2
784007,27325,3
784007,13176,4
784007,36550,5
784007,33000,6
784007,26283,7
784417,46979,1
784417,14992,2
784417,20114,3
784417,8518,4
784445,27325,1
784445,8859,2
784445,27086,3
784445,21137,4
784445,36011,5
784445,9689,6
784445,46979,7
784445,8424,8
784445,39558,9
784445,43768,10
784445,24184,11
784445,4605,12
784445,5785,13
784536,32655,1
784536,13176,2
784887,2086,1
784887,8021,2
785076,12341,1
785076,3298,2
785213,40377,1
785213,30450,2
785309,46979,1
785309,37011,2
785309,24838,3
785309,13176,4
785309,28985,5
785309,49235,6
785309,3274,7
785988,8571,1
785988,4724,2
785988,17122,3
785988,42265,4
785988,13424,5
785988,1957,6
785988,38300,7
785988,20940,8
786383,10,1
786383,4138,2
786945,14678,1
786945,46802,2
787115,11520,1
787115,17949,2
787115,15902,3
787115,2450,4
787115,40516,5
787459,13176,1
787459,48205,2
787459,28199,3
787758,9755,1
787758,1700,2
787758,43772,3
787758,32299,4
787758,18594,5
788035,37107,1
788035,7021,2
788035,16185,3
788035,47766,4
788035,21267,5
788035,12206,6
788069,16965,1
788069,26209,2
788069,4367,3
788069,21903,4
788069,35221,5
788069,49191,6
788263,12614,1
788263,28289,2
788263,43768,3
788263,8518,4
788263,26209,5
788263,4920,6
788263,27156,7
788263,3376,8
788263,10749,9
788263,24964,10
788263,15937,11
788263,28842,12
788263,47766,13
788917,46041,1
788917,4724,2
788963,21195,1
788963,500,2
788963,40939,3
788963,18023,4
789413,16797,1
789413,26317,2
789413,20940,3
789413,4920,4
790128,42265,1
790128,37710,2
790128,13176,3
790128,6184,4
790128,13575,5
790174,16797,1
790174,38928,2
790174,39275,3
790174,12341,4
790174,21288,5
790174,32303,6
790438,10132,1
790438,35108,2
790590,21903,1
790590,21288,2
791198,20082,1
791198,24852,2
791513,30233,1
791513,27744,2
792141,39475,1
792141,32864,2
792548,24852,1
792548,28204,2
792722,2120,1
792722,37923,2
793975,13176,1
793975,32478,2
793975,48015,3
793975,26620,4
793975,43409,5
794109,10326,1
794109,21288,2
794109,41400,3
794553,32403,1
794553,31759,2
794553,20738,3
796010,49520,1
796010,27275,2
796010,45747,3
796010,22556,4
796010,39947,5
796010,26620,6
796010,12576,7
796010,44632,8
796010,21709,9
796010,35221,10
796034,43154,1
796034,196,2
796037,26348,1
796037,22362,2
796037,40199,3
796758,26497,1
796758,31717,2
796758,44632,3
796758,23734,4
796758,36772,5
796758,1090,6
796758,24852,7
796800,27086,1
796800,38159,2
796800,24852,3
796800,39928,4
796800,47766,5
796839,41950,1
796839,27104,2
797443,46061,1
797443,21903,2
797443,13176,3
797574,36051,1
797574,48532,2
797601,39190,1
797601,46709,2
797735,41319,1
797735,35221,2
797735,21709,3
797735,32655,4
797735,46667,5
798122,12427,1
798122,41400,2
798122,13914,3
798122,46061,4
798122,40199,5
798133,5876,1
798133,15937,2
798133,31717,3
798133,27521,4
798381,35951,1
798381,23288,2
798867,18023,1
798867,46061,2
798867,8571,3
798889,24852,1
798889,47209,2
798889,5456,3
798889,30489,4
799441,18023,1
799441,35951,2
799622,21903,1
799622,22935,2
799622,44570,3
799622,20114,4
799622,43772,5
799622,28842,6
799622,45,7
799622,49235,8
799642,27086,1
799642,28199,2
799642,45954,3
799734,12341,1
799734,21137,2
799779,30638,1
799779,16953,2
799957,4149,1
799957,20955,2
800019,39275,1
800019,33493,2
800019,500,3
800019,16797,4
800401,16145,1
800401,26369,2
801474,30169,1
801474,46676,2
801474,47766,3
801474,41198,4
801474,5212,5
802768,18656,1
802768,34126,2
802768,21195,3
802768,20608,4
802769,21137,1
802769,43662,2
802983,45190,1
802983,26209,2
803080,43352,1
803080,16797,2
803080,39275,3
803233,35163,1
803233,37067,2
803233,31869,3
803860,5769,1
803860,8048,2
803860,43154,3
803860,7948,4
804090,9839,1
804090,21137,2
804977,13646,1
804977,30391,2
804977,27104,3
804977,38777,4
804977,46979,5
804977,21137,6
804977,24830,7
804977,26283,8
804977,21376,9
804977,31040,10
804977,43662,11
804977,28465,12
804977,39558,13
804977,11005,14
805165,38689,1
805165,18465,2
805165,31717,3
805165,44359,4
805165,47156,5
805165,24852,6
805165,8277,7
805165,21137,8
805165,38557,9
805165,45007,10
805165,10749,11
805165,39558,12
805165,17706,13
805165,7781,14
805165,27548,15
805428,13176,1
805428,43122,2
805428,49235,3
805428,4472,4
805428,5450,5
805428,18465,6
805428,30353,7
805428,26209,8
805428,27521,9
805428,15902,10
805428,34243,11
805428,44683,12
805428,8174,13
805836,24810,1
805836,11777,2
805836,18234,3
806197,8859,1
806197,45948,2
806197,44632,3
806197,47766,4
806768,35855,1
806768,47626,2
806887,26317,1
806887,12341,2
806906,8571,1
806906,8048,2
806906,30720,3
807465,11759,1
807465,46562,2
807465,6184,3
807587,4920,1
807587,43352,2
807587,6184,3
807587,8571,4
809953,2078,1
809953,21616,2
809953,21903,3
809953,38383,4
810176,6184,1
810176,10326,2
810571,38777,1
810571,47209,2
810571,17948,3
810571,11182,4
810571,33120,5
810571,44643,6
812916,10749,1
812916,30391,2
812916,5876,3
812916,21137,4
813699,43352,1
813699,39275,2
813699,21386,3
814845,19376,1
814845,21903,2
814845,45104,3
814972,14419,1
814972,48532,2
815253,35951,1
815253,39040,2
815253,21295,3
815253,21938,4
815531,18465,1
815531,41950,2
815531,8424,3
815531,7948,4
816030,31343,1
816030,27521,2
816030,45066,3
817445,47209,1
817445,48118,2
818092,6184,1
818092,39275,2
818092,43352,3
818250,2120,1
818250,1160,2
818770,11266,1
818770,31651,2
819445,49683,1
819445,24852,2
819799,21938,1
819799,5876,2
819799,24964,3
819799,26209,4
819799,44359,5
819799,43295,6
819799,26369,7
819799,47209,8
819980,24852,1
819980,881,2
819980,34287,3
820158,43352,1
820158,13424,2
821593,27985,1
821593,36107,2
821593,1194,3
821638,26209,1
821638,23630,2
821638,9020,3
821638,10749,4
821638,32655,5
821638,22935,6
821638,34126,7
822110,28985,1
822110,28427,2
822110,19678,3
822110,13176,4
822110,46667,5
822110,47734,6
822454,6184,1
822454,35951,2
822454,13042,3
822631,24852,1
822631,27521,2
822631,11712,3
822631,13166,4
822631,27744,5
822631,3464,6
822631,43086,7
822745,27845,1
822745,28289,2
822745,30720,3
822745,21903,4
822745,46979,5
822745,46667,6
822745,21405,7
822745,35217,8
822745,18362,9
823294,18891,1
823294,26620,2
823294,21709,3
823294,35221,4
823294,44632,5
823294,46969,6
823294,30233,7
823658,26604,1
823658,24964,2
823658,48775,3
823658,48745,4
823658,47209,5
823658,21903,6
823664,49235,1
823664,22802,2
824049,260,1
824049,25588,2
824049,21137,3
824049,43352,4
824049,45007,5
824049,46616,6
824074,14947,1
824074,13176,2
824074,21543,3
824074,40571,4
824074,22504,5
824074,43504,6
824074,34243,7
824357,30391,1
824357,44359,2
824922,13176,1
824922,39275,2
825626,24035,1
825626,25824,2
825626,36076,3
825626,30489,4
825626,33754,5
825626,33787,6
825626,15693,7
825626,36205,8
825626,18606,9
825626,43961,10
825626,28918,11
825626,10,12
825626,3599,13
825794,13292,1
825794,33198,2
825794,27845,3
825949,23236,1
825949,33731,2
825949,9387,3
825949,34358,4
826457,24852,1
826457,39275,2
826457,45066,3
826633,8580,1
826633,31231,2
826633,4920,3
827015,27548,1
827015,47766,2
827015,37011,3
827015,4562,4
827015,44142,5
827015,40706,6
827015,21267,7
827015,6104,8
828315,14161,1
828315,16797,2
828315,21572,3
828315,9755,4
828833,20940,1
828833,13176,2
828833,5769,3
828833,6184,4
828833,890,5
828833,9076,6
828833,37220,7
829137,12341,1
829137,35561,2
829949,41400,1
829949,20940,2
830175,16797,1
830175,12341,2
830175,39275,3
830175,21288,4
830175,43352,5
830262,44632,1
830262,35221,2
830262,20119,3
830262,31964,4
830262,22556,5
830262,17191,6
831197,13176,1
831197,41950,2
831197,19057,3
831197,16616,4
831197,21405,5
831197,21462,6
831197,1947,7
831197,23579,8
831197,33716,9
831197,11688,10
831197,22227,11
831197,26629,12
831197,21616,13
831197,47209,14
831197,34243,15
832036,22935,1
832036,19678,2
832405,31504,1
832405,6948,2
832405,8912,3
832405,18465,4
832910,27845,1
832910,24852,2
832910,45066,3
832910,11005,4
832910,33754,5
832910,40571,6
832910,24954,7
832910,22124,8
832910,33787,9
832910,4957,10
832910,22035,11
832910,43961,12
833022,18656,1
833022,8174,2
833022,1408,3
833022,27845,4
833022,27104,5
833022,35108,6
833022,35887,7
833022,48745,8
833022,33120,9
833480,24489,1
833480,40545,2
833480,26209,3
833480,28993,4
833480,29487,5
833480,5025,6
833804,32478,1
833804,12427,2
833940,20114,1
833940,4605,2
833940,13517,3
833940,11250,4
833940,22825,5
833940,28204,6
833940,8277,7
833940,4920,8
834306,21288,1
834306,38768,2
835913,22504,1
835913,30391,2
835913,9839,3
835913,17794,4
835913,21137,5
835913,6948,6
835913,5450,7
836465,17191,1
836465,25824,2
836465,41787,3
836485,29529,1
836485,196,2
836485,43631,3
836855,46906,1
836855,4920,2
836855,33198,3
836855,9366,4
837273,46061,1
837273,46149,2
837317,27336,1
837317,47734,2
837674,41220,1
837674,31506,2
837674,47626,3
837674,48395,4
838053,6631,1
838053,33000,2
838131,39922,1
838131,8571,2
838131,21292,3
838131,16797,4
838185,4605,1
838185,1511,2
838185,10243,3
838185,47630,4
838185,19057,5
838185,37067,6
838316,7175,1
838316,33316,2
838316,20734,3
838355,8571,1
838355,20940,2
838355,16797,3
838494,1194,1
838494,8021,2
839083,5769,1
839083,14129,2
839083,16797,3
839083,8048,4
839083,35951,5
839083,32689,6
839083,37687,7
839147,25890,1
839147,44661,2
839147,12312,3
839147,39162,4
839147,27966,5
839147,26604,6
839743,18465,1
839743,27966,2
839743,21903,3
839743,39275,4
839743,26604,5
839923,21709,1
839923,47141,2
839923,35221,3
840669,20955,1
840669,22362,2
840669,30827,3
840669,21195,4
841079,20940,1
841079,8571,2
841079,33768,3
841107,16797,1
841107,39408,2
842517,19660,1
842517,196,2
843101,8859,1
843101,5612,2
843101,16759,3
843101,14992,4
843101,7503,5
843101,605,6
843101,34358,7
843383,20082,1
843383,27966,2
843383,42719,3
843383,23375,4
843383,39928,5
843383,204,6
843383,47766,7
843383,24830,8
843764,19068,1
843764,49683,2
843764,5652,3
843938,40063,1
843938,27845,2
843938,24838,3
844223,41787,1
844223,28199,2
844223,45066,3
844493,13646,1
844493,27845,2
844493,24852,3
844493,37825,4
844493,21137,5
844493,17600,6
844493,47766,7
844493,8424,8
844493,2452,9
844493,18362,10
844493,46979,11
844493,15200,12
844493,31506,13
844493,22922,14
844493,6104,15
844493,46969,16
844745,16797,1
844745,39275,2
844745,43352,3
844758,17122,1
844758,21137,2
844758,21195,3
844758,43352,4
844886,23909,1
844886,20378,2
844933,37067,1
844933,9839,2
844933,24184,3
844933,2295,4
844933,18963,5
844933,47209,6
844933,30391,7
844951,12341,1
844951,4920,2
844951,38928,3
844951,13042,4
844951,18027,5
844951,21137,6
845132,35561,1
845132,13535,2
845214,19348,1
845214,32478,2
845310,21903,1
845310,39275,2
845310,33401,3
845310,25890,4
845310,47766,5
845824,39812,1
845824,21616,2
845953,19057,1
845953,10385,2
846078,26209,1
846078,4562,2
846078,42736,3
846308,27683,1
846308,24852,2
846350,30489,1
846350,25824,2
846419,6184,1
846419,22802,2
847048,44987,1
847048,27086,2
847048,25138,3
847723,24852,1
847723,41950,2
847723,25146,3
847723,37687,4
847723,46676,5
848072,13176,1
848072,47630,2
848072,22825,3
848072,19057,4
848446,24964,1
848446,35503,2
848446,35939,3
848446,21267,4
848446,28849,5
848446,7461,6
848446,25659,7
848446,46667,8
848446,22935,9
848446,25890,10
848446,8518,11
848446,29487,12
848446,49683,13
848446,47734,14
848446,7746,15
848446,4920,16
848446,5652,17
848446,19003,18
848446,45007,19
848478,13176,1
848478,22825,2
848478,44008,3
848478,39275,4
848495,13176,1
848495,17122,2
848495,43352,3
848495,16797,4
848495,38768,5
848495,4724,6
848523,6184,1
848523,11266,2
848734,28842,1
848734,5818,2
848734,20842,3
848734,49683,4
848734,47626,5
849841,10,1
849841,26620,2
850240,13575,1
850240,6184,2
850867,17461,1
850867,46979,2
850867,19678,3
850897,30353,1
850897,31964,2
850897,12140,3
850897,9755,4
851455,13575,1
851455,38928,2
851655,13176,1
851655,16797,2
851655,19691,3
851655,37317,4
851655,45051,5
851731,12341,1
851731,10326,2
851731,13176,3
851731,18023,4
851976,46654,1
851976,47672,2
852325,4605,1
852325,8006,2
852325,5450,3
852338,24852,1
852338,48559,2
852338,46906,3
852338,45123,4
852338,30391,5
852338,28842,6
852338,44449,7
852469,39275,1
852469,27966,2
853940,21292,1
853940,21288,2
853940,18811,3
854131,2078,1
854131,27471,2
854172,38768,1
854172,43352,2
854194,40396,1
854194,48775,2
854194,27156,3
854194,24852,4
854194,18479,5
854194,44422,6
854194,34050,7
854194,45007,8
854560,11512,1
854560,23734,2
854560,31717,3
854560,41658,4
854707,24852,1
854707,26209,2
854707,49610,3
854707,47630,4
854707,32734,5
854707,17794,6
854707,33055,7
854707,45002,8
854707,14267,9
854707,19660,10
854707,32429,11
854707,47626,12
854707,22825,13
854725,23375,1
854725,28985,2
854725,21137,3
854725,22935,4
854725,37524,5
854725,24964,6
854725,43768,7
855894,280,1
855894,14715,2
855994,39275,1
855994,13176,2
855994,8277,3
855994,4920,4
855994,46906,5
855994,22825,6
856038,432,1
856038,45840,2
856038,3952,3
856601,4724,1
856601,30827,2
856601,15200,3
856601,13914,4
857322,22395,1
857322,13517,2
857322,5450,3
857322,24852,4
857322,15290,5
857322,21019,6
857488,6287,1
857488,39475,2
857488,47766,3
857644,47766,1
857644,4799,2
857644,27344,3
857644,19678,4
857644,8174,5
857644,9366,6
857644,37825,7
857644,2314,8
857784,38456,1
857784,45603,2
857858,4461,1
857858,8138,2
857858,30776,3
857858,47626,4
858152,14897,1
858152,36956,2
858413,21903,1
858413,10246,2
858531,21295,1
858531,38383,2
858539,24838,1
858539,27086,2
858539,11712,3
858654,14715,1
858654,35561,2
858654,33000,3
859000,27845,1
859000,7175,2
859000,890,3
859000,13646,4
859000,28934,5
859000,42557,6
859454,27316,1
859454,5161,2
859778,5258,1
859778,21292,2
859778,33768,3
859994,28199,1
859994,13176,2
861437,11759,1
861437,41400,2
861657,6760,1
861657,16797,2
861977,12427,1
861977,37710,2
861977,31651,3
862058,37067,1
862058,35140,2
862058,5618,3
862058,25513,4
862058,46667,5
862058,41950,6
862058,22935,7
862058,46654,8
862058,42768,9
862058,29307,10
862058,44632,11
862058,21616,12
862058,41588,13
862058,24964,14
862058,34126,15
862058,21903,16
862058,26940,17
862058,35535,18
862058,23165,19
862058,47626,20
862058,47630,21
862135,23288,1
862135,24852,2
862135,16083,3
862135,27845,4
862135,260,5
862135,25890,6
862135,21903,7
862135,45007,8
862135,8424,9
862135,31683,10
862382,49235,1
862382,37687,2
863490,14233,1
863490,33493,2
863556,41950,1
863556,40706,2
863556,45007,3
863556,49235,4
863691,14462,1
863691,27845,2
863691,26790,3
863691,38313,4
863691,33731,5
863691,22035,6
863691,27695,7
863755,21709,1
863755,20119,2
863755,49191,3
863755,35221,4
863755,44632,5
864152,17924,1
864152,32689,2
865067,47209,1
865067,34126,2
865067,47626,3
865067,29439,4
865067,22035,5
865067,5479,6
865067,36107,7
865067,35951,8
865488,42342,1
865488,27845,2
865488,47766,3
865488,18027,4
865488,39928,5
865488,36205,6
865850,10326,1
865850,9839,2
866018,14129,1
866018,23165,2
866018,17794,3
866018,34126,4
866018,44359,5
866018,46667,6
866018,24838,7
866018,6297,8
866018,48679,9
866018,9839,10
866018,8968,11
866018,47280,12
866095,8571,1
866095,13176,2
866605,7948,1
866605,49585,2
866605,7503,3
866605,37067,4
866605,12341,5
867108,13176,1
867108,47144,2
867108,26128,3
867108,11440,4
867108,18918,5
867108,10070,6
867248,26209,1
867248,20114,2
867248,23622,3
867487,19057,1
867487,23375,2
867487,22922,3
867728,32747,1
867728,22959,2
867728,19660,3
868423,11422,1
868423,18531,2
868423,10070,3
868423,29447,4
868760,39408,1
868760,14715,2
868760,22802,3
868980,6948,1
868980,13646,2
868980,37067,3
868980,35951,4
868980,29898,5
868980,21903,6
868980,25197,7
869199,38772,1
869199,8277,2
869477,30450,1
869477,8048,2
869533,5785,1
869533,36011,2
869533,27086,3
869625,39180,1
869625,21137,2
869625,28204,3
869625,34034,4
869907,27316,1
869907,23909,2
870107,10326,1
870107,13176,2
870274,43295,1
870274,13176,2
870274,21903,3
870274,21137,4
870274,26800,5
870621,42265,1
870621,6184,2
870621,13575,3
870621,22802,4
870755,2825,1
870755,13829,2
870755,42265,3
870755,27881,4
870755,28535,5
870958,24852,1
870958,39928,2
870958,28199,3
871983,45063,1
871983,16797,2
871983,26604,3
871983,39275,4
871983,10644,5
872054,27845,1
872054,36011,2
872079,38400,1
872079,13431,2
872079,46979,3
872079,5450,4
872174,31343,1
872174,44142,2
872174,11576,3
872174,19370,4
872512,5450,1
872512,18027,2
872815,45066,1
872815,21616,2
872815,40706,3
872815,34358,4
872815,47626,5
872815,1529,6
872815,7746,7
872815,5450,8
872815,48364,9
872815,5818,10
872815,37646,11
874074,42265,1
874074,20082,2
874074,24852,3
874074,38944,4
874535,40910,1
874535,28647,2
874535,40709,3
874535,33129,4
875067,24838,1
875067,7781,2
875981,47626,1
875981,24852,2
875981,21903,3
877321,22935,1
877321,13176,2
877321,21137,3
877511,40396,1
877511,31717,2
877511,48745,3
877750,39858,1
877750,21572,2
878893,27966,1
878893,4086,2
878982,36929,1
878982,10492,2
878982,39558,3
878982,34243,4
878982,33198,5
878982,6287,6
878982,3957,7
878982,19057,8
878982,47766,9
878982,36550,10
878982,21616,11
878982,24830,12
878982,260,13
879385,37067,1
879385,45063,2
879385,28289,3
879595,17924,1
879595,21137,2
879595,29127,3
879952,196,1
879952,46149,2
881185,196,1
881185,9358,2
882615,40910,1
882615,46979,2
882615,15872,3
882850,47626,1
882850,16797,2
882986,8424,1
882986,47626,2
882986,8193,3
882986,15290,4
882986,2295,5
882986,27104,6
882986,12980,7
883254,11520,1
883254,49235,2
883254,48679,3
884290,36735,1
884290,5077,2
884290,5456,3
884290,18618,4
884290,27663,5
884290,36316,6
884710,2966,1
884710,36127,2
885749,33754,1
885749,49075,2
885749,39275,3
885749,47766,4
885749,47626,5
885750,26620,1
885750,17747,2
885750,27966,3
885750,26604,4
885750,28934,5
885982,45066,1
885982,37464,2
886053,35842,1
886053,35121,2
886082,30233,1
886082,13176,2
886448,17794,1
886448,27156,2
886448,5618,3
886448,40706,4
886448,5450,5
886448,30169,6
886448,27521,7
886448,32655,8
886448,38383,9
886448,31717,10
886448,26209,11
886448,5876,12
886448,13292,13
886959,28849,1
886959,41665,2
886959,18465,3
887879,581,1
887879,20734,2
888028,12427,1
888028,31651,2
888028,37710,3
888342,196,1
888342,23288,2
888342,20940,3
888342,38300,4
888956,4367,1
888956,8479,2
889211,31343,1
889211,12456,2
889211,5025,3
889211,2086,4
889211,34243,5
889211,24852,6
889211,8277,7
889300,35921,1
889300,8424,2
889300,5025,3
889300,7179,4
889822,4920,1
889822,16797,2
889822,46906,3
889822,15995,4
889822,24852,5
889822,16965,6
890326,8048,1
890326,21292,2
890326,16797,3
890326,12341,4
890326,44683,5
890326,30450,6
890326,13575,7
891081,47766,1
891081,49683,2
891081,21903,3
891081,13646,4
891825,13176,1
891825,27521,2
891825,46667,3
891825,5077,4
891825,49683,5
891825,46654,6
891825,9076,7
891825,40706,8
891825,28289,9
892019,29675,1
892019,26209,2
892019,35108,3
892102,37646,1
892102,38689,2
892102,44661,3
892102,16797,4
892102,39275,5
892102,39993,6
892102,45007,7
892102,13629,8
892102,10305,9
892172,21616,1
892172,47626,2
892172,13852,3
892172,36695,4
892172,17794,5
892172,45007,6
892172,32433,7
892172,21903,8
892172,31553,9
892172,13176,10
892172,28465,11
892172,37646,12
892561,32655,1
892561,44632,2
892561,37067,3
892561,45123,4
892561,39877,5
892561,27845,6
892561,39928,7
892561,42244,8
892561,21137,9
892561,34335,10
892561,17706,11
892561,9550,12
892561,23801,13
892561,14852,14
892561,5450,15
892924,38689,1
892924,27845,2
893211,11520,1
893211,1463,2
893411,30233,1
893411,27344,2
893411,31801,3
893411,35986,4
894460,21292,1
894460,30827,2
894460,8859,3
895015,5161,1
895015,2855,2
895015,21137,3
896359,27521,1
896359,35535,2
896359,21903,3
896359,21709,4
896359,17191,5
896359,49191,6
896359,27325,7
896722,22935,1
896722,45007,2
896722,41220,3
896722,47209,4
896722,26940,5
896722,47734,6
896722,21938,7
896722,3835,8
896722,8518,9
896722,30391,10
896722,49383,11
896864,15937,1
896864,47766,2
897631,32433,1
897631,7503,2
897631,41220,3
897631,11068,4
897631,6046,5
897684,29801,1
897684,35986,2
897684,5450,3
897902,37067,1
897902,47209,2
897902,41950,3
898085,39993,1
898085,25305,2
898085,4605,3
898085,24964,4
898085,6101,5
898450,9387,1
898450,30353,2
899183,31759,1
899183,13176,2
899183,42265,3
899183,26088,4
899265,18465,1
899265,43772,2
899265,21405,3
899265,28204,4
900273,39180,1
900273,21137,2
900273,41787,3
900273,31040,4
900273,30489,5
900273,11777,6
900273,25767,7
900475,8571,1
900475,21288,2
900625,24852,1
900625,35163,2
901065,40396,1
901065,26209,2
901065,37687,3
901065,39275,4
901065,40706,5
901065,19348,6
901065,4920,7
901065,23594,8
901065,41787,9
901065,12980,10
901065,49683,11
901299,20082,1
901299,26604,2
901299,41950,3
901299,2611,4
901299,43352,5
901299,20670,6
901299,48697,7
901299,24852,8
901299,18594,9
901415,14233,1
901415,49235,2
901415,15680,3
901415,196,4
901567,4957,1
901567,24852,2
901567,27966,3
901631,37710,1
901631,16797,2
901631,6184,3
901631,17122,4
901631,12341,5
901631,32478,6
901946,49683,1
901946,28985,2
901946,26604,3
901946,22825,4
901946,41950,5
901946,21938,6
901946,8518,7
901946,21903,8
901946,9839,9
903205,7500,1
903205,8021,2
903205,13629,3
903292,15290,1
903292,32655,2
903292,28427,3
903292,12341,4
903292,44142,5
903292,34358,6
903292,25588,7
903467,19660,1
903467,36051,2
903817,46149,1
903817,196,2
903899,23288,1
903899,24852,2
903899,47626,3
903899,39408,4
903899,27521,5
904023,6184,1
904023,16797,2
904023,43352,3
904023,12341,4
904023,10326,5
904263,22362,1
904263,39657,2
904787,35140,1
904787,15902,2
904787,24964,3
904787,28289,4
904787,39558,5
904908,5479,1
904908,16797,2
904908,30450,3
904908,4920,4
904908,47766,5
904908,27104,6
904908,44910,7
904908,30391,8
904908,34969,9
904908,40604,10
904965,16797,1
904965,21903,2
904997,26209,1
904997,34126,2
904997,31717,3
904997,5876,4
904997,37065,5
904997,30305,6
905028,1940,1
905028,17487,2
905028,45840,3
905109,21903,1
905109,36534,2
905436,22935,1
905436,38383,2
905436,8518,3
905436,17948,4
905679,33198,1
905679,25466,2
905688,33000,1
905688,5068,2
906396,47626,1
906396,31506,2
906490,13176,1
906490,4149,2
906490,30827,3
906490,32689,4
907159,8955,1
907159,45007,2
907159,30305,3
907159,42736,4
907255,35951,1
907255,31066,2
907916,35951,1
907916,47766,2
907916,8555,3
907916,8277,4
907916,24830,5
907916,49235,6
908183,13176,1
908183,48094,2
908856,37646,1
908856,36082,2
908856,27086,3
909015,28199,1
909015,39216,2
909015,24852,3
909015,24184,4
909015,4920,5
909015,21903,6
909015,40174,7
909015,35045,8
909015,21137,9
909015,33754,10
909180,24852,1
909180,22959,2
909180,40742,3
909230,7751,1
909230,49441,2
909230,3868,3
910437,18337,1
910437,31683,2
910437,45066,3
910437,10017,4
910437,18599,5
911008,27885,1
911008,8859,2
911333,8571,1
911333,16797,2
911473,32303,1
911473,37766,2
911473,20955,3
911473,43295,4
911547,24852,1
911547,38689,2
911547,21903,3
911888,35108,1
911888,17316,2
911999,1695,1
911999,24852,2
911999,46676,3
911999,24964,4
911999,41950,5
911999,28849,6
911999,581,7
911999,21137,8
911999,36929,9
912015,17948,1
912015,47626,2
912015,48775,3
912015,26209,4
912015,47209,5
912621,33000,1
912621,21903,2
912628,27796,1
912628,19468,2
912628,34969,3
912628,44142,4
912727,29418,1
912727,1710,2
913214,25146,1
913214,32478,2
913603,16797,1
913603,21137,2
913743,44632,1
913743,35221,2
913743,21709,3
913743,26620,4
913743,49191,5
913743,14947,6
913743,12576,7
913743,45747,8
913743,49520,9
913743,31964,10
913851,17600,1
913851,9623,2
913851,1463,3
914653,36107,1
914653,33198,2
915507,8571,1
915507,13176,2
915507,39275,3
916096,42803,1
916096,33043,2
916720,25890,1
916720,16797,2
917256,21137,1
917256,4920,2
917256,41787,3
917469,44632,1
917469,8518,2
918300,35383,1
918300,42342,2
918300,38772,3
918300,12572,4
918300,8138,5
918317,41665,1
918317,13176,2
918549,17795,1
918549,48642,2
918549,43789,3
919134,40939,1
919134,13259,2
919256,8193,1
919256,4605,2
919256,43961,3
919256,27521,4
919256,20842,5
919401,22210,1
919401,5114,2
919401,14211,3
919401,43875,4
919401,38192,5
919401,28378,6
919401,34134,7
919401,5491,8
919401,13249,9
919878,21903,1
919878,39275,2
920564,21903,1
920564,24852,2
920645,4605,1
920645,13198,2
920645,26497,3
920645,43352,4
920645,15290,5
920645,45066,6
920645,16797,7
920645,21709,8
920645,31964,9
921073,30233,1
921073,47766,2
921073,43352,3
921317,31651,1
921317,37710,2
921317,17122,3
921336,31759,1
921336,32455,2
921336,35561,3
921844,27985,1
921844,12672,2
921844,23540,3
921844,13966,4
921844,7736,5
921844,37215,6
921844,5794,7
923059,3599,1
923059,432,2
923059,35221,3
923059,40709,4
923616,24852,1
923616,39877,2
923616,37646,3
923955,13176,1
923955,13575,2
923955,39275,3
923955,20940,4
923955,30827,5
924239,43352,1
924239,16797,2
924239,45066,3
924239,37646,4
924239,24852,5
924239,28204,6
924239,39928,7
924239,28199,8
924239,49683,9
924239,47766,10
924239,9839,11
924239,8138,12
924455,24852,1
924455,49683,2
924455,29487,3
924455,8518,4
924455,31717,5
924455,21174,6
924455,35951,7
924455,890,8
924455,16797,9
924455,36082,10
924455,39275,11
924691,39275,1
924691,32303,2
924691,37317,3
924691,21137,4
924691,6184,5
925093,27344,1
925093,19678,2
925723,5479,1
925723,28985,2
925723,39877,3
925723,13176,4
925723,48679,5
925723,21137,6
925723,26940,7
925907,10017,1
925907,26209,2
925907,31717,3
925907,41950,4
925907,5450,5
925907,44375,6
925907,22963,7
926991,27966,1
926991,21137,2
926991,47788,3
927043,27966,1
927043,45007,2
927043,45066,3
927043,24852,4
927043,18465,5
927043,32463,6
928286,432,1
928286,8021,2
928286,3142,3
928286,19057,4
928286,15613,5
928286,35749,6
929071,23909,1
929071,47766,2
929071,21019,3
929071,28918,4
929071,22035,5
929071,29926,6
929118,21903,1
929118,13176,2
929118,11520,3
929642,26940,1
929642,3952,2
929642,27104,3
929642,36550,4
929642,5646,5
929642,35951,6
929642,33120,7
930116,13176,1
930116,26128,2
930639,9076,1
930639,32303,2
931205,18880,1
931205,45603,2
931205,27845,3
931205,38313,4
931205,22825,5
931422,42803,1
931422,40939,2
931422,9839,3
931849,31651,1
931849,43352,2
932117,47766,1
932117,42445,2
932117,24852,3
932117,8424,4
932117,30391,5
932117,29447,6
932117,16797,7
932117,28199,8
932408,8230,1
932408,25890,2
932408,24964,3
932408,47209,4
932408,29487,5
932408,47630,6
932408,36994,7
933572,16797,1
933572,21288,2
933572,13176,3
933658,16589,1
933658,22963,2
933880,31231,1
933880,27652,2
934028,43154,1
934028,41400,2
934028,32455,3
934211,24830,1
934211,7751,2
934211,41950,3
934211,24852,4
934640,44632,1
934640,35221,2
934640,21709,3
934640,20119,4
934640,26620,5
934640,49520,6
934640,31964,7
934747,40174,1
934747,43662,2
934747,18523,3
934747,28465,4
934857,8571,1
934857,4920,2
935415,16797,1
935415,27845,2
935817,812,1
935817,28204,2
935817,24852,3
937103,43352,1
937103,39275,2
937103,21137,3
937103,30720,4
937433,3957,1
937433,24852,2
937433,28985,3
937806,21938,1
937806,34969,2
937806,30391,3
937806,24184,4
937806,24852,5
937806,47626,6
937806,49131,7
937886,3599,1
937886,5479,2
937886,18200,3
937886,30489,4
937942,25588,1
937942,31683,2
938045,35561,1
938045,37687,2
938133,19691,1
938133,16797,2
938133,12341,3
938133,6184,4
938133,21288,5
938133,4920,6
938133,17122,7
938133,9076,8
938133,43352,9
938133,10326,10
938211,23265,1
938211,1463,2
938211,26209,3
938460,8859,1
938460,13176,2
938665,46149,1
938665,196,2
938665,4149,3
938665,45051,4
939704,46654,1
939704,46820,2
939704,18027,3
939704,7175,4
939704,13380,5
940047,24852,1
940047,47144,2
940047,6187,3
940047,2326,4
940047,21903,5
940047,28204,6
940047,28849,7
940047,20995,8
940047,30391,9
940058,1202,1
940058,41844,2
940058,35221,3
940191,44142,1
940191,29487,2
940191,49683,3
940191,23909,4
940483,31964,1
940483,47766,2
940483,27966,3
940483,24184,4
940498,20345,1
940498,45007,2
940498,39108,3
940498,13176,4
940498,7559,5
940498,13431,6
940514,39275,1
940514,12341,2
940514,46562,3
940565,47766,1
940565,32655,2
940919,8021,1
940919,2086,2
940919,39475,3
941028,31506,1
941028,27521,2
941028,32689,3
941028,32433,4
941670,24852,1
941670,28465,2
941670,26604,3
941670,12980,4
941683,19660,1
941683,13176,2
942279,19660,1
942279,13914,2
942591,38433,1
942591,30353,2
942665,25890,1
942665,21903,2
942665,28849,3
942665,11712,4
942665,45007,5
942672,26209,1
942672,47626,2
942672,42736,3
942672,24964,4
942672,42244,5
942672,44142,6
942672,35939,7
942672,24852,8
942993,8277,1
942993,24852,2
942993,47626,3
942993,2855,4
943346,38444,1
943346,33065,2
943701,19660,1
943701,17706,2
943701,27695,3
943701,2086,4
943755,13176,1
943755,5785,2
943755,10132,3
943755,12456,4
944242,33671,1
944242,46802,2
944634,20670,1
944634,37317,2
944634,4149,3
944634,5769,4
945100,29487,1
945100,43789,2
945100,24852,3
945100,2295,4
945100,24184,5
945100,15290,6
945100,25588,7
945164,32478,1
945164,21137,2
945164,6184,3
945164,39332,4
945412,15680,1
945412,196,2
945412,46149,3
946006,26128,1
946006,9076,2
946006,46802,3
946274,26209,1
946274,47766,2
946274,42585,3
946274,5025,4
946354,13176,1
946354,47766,2
946354,48946,3
946354,12872,4
946354,30233,5
946354,20345,6
947793,47626,1
947793,26209,2
947976,7948,1
947976,2855,2
948923,21137,1
948923,2855,2
948923,10326,3
948923,13176,4
949163,5785,1
949163,27744,2
949163,34126,3
949163,39812,4
949163,26940,5
949163,5876,6
949163,46720,7
949163,7632,8
949163,35887,9
949163,7948,10
949163,39877,11
949435,24852,1
949435,47766,2
949435,27086,3
949435,27845,4
949435,35108,5
949455,24852,1
949455,41351,2
949605,24838,1
949605,5785,2
949605,27086,3
949605,44632,4
949605,12576,5
949605,39947,6
949790,38689,1
949790,44098,2
949790,16797,3
949790,24852,4
949790,1700,5
950078,28199,1
950078,9387,2
950078,49610,3
950271,35221,1
950271,26209,2
950446,16797,1
950446,18465,2
950446,13263,3
950446,42828,4
950807,24852,1
950807,21903,2
950807,5450,3
950846,47766,1
950846,21709,2
950846,25466,3
950846,49520,4
951487,28204,1
951487,8518,2
951487,30391,3
951487,8174,4
951487,13984,5
951487,47626,6
951487,40706,7
951487,7746,8
951487,30489,9
953101,19125,1
953101,27695,2
953101,27845,3
953176,16185,1
953176,13646,2
953176,31040,3
953176,6287,4
953176,27104,5
953497,48679,1
953497,32689,2
953497,10246,3
953497,27521,4
953497,8424,5
953497,47672,6
953497,47209,7
953647,27086,1
953647,27845,2
953647,24964,3
953647,4605,4
953647,8670,5
953647,20520,6
953647,26209,7
953647,5450,8
953919,196,1
953919,37710,2
953919,48812,3
954534,5077,1
954534,16759,2
954534,5322,3
954534,14462,4
955113,32303,1
955113,16797,2
956171,30169,1
956171,2480,2
956171,15872,3
956171,27104,4
956171,39877,5
956321,14233,1
956321,48988,2
956321,15613,3
956321,5785,4
956321,27086,5
956321,18200,6
956548,45104,1
956548,6187,2
956548,5450,3
956548,24852,4
956548,48679,5
956548,9387,6
956548,40233,7
956548,30489,8
956548,10749,9
956548,9839,10
956548,30391,11
956548,16797,12
956548,47630,13
956548,11140,14
956548,40706,15
956548,17461,16
956548,9550,17
956741,35986,1
956741,26606,2
956794,16953,1
956794,31651,2
956794,31759,3
956794,43154,4
956794,32478,5
956958,18465,1
956958,21137,2
956958,48171,3
956958,13431,4
956958,30391,5
957399,32403,1
957399,37646,2
957399,25890,3
957399,45646,4
957399,8424,5
957513,19057,1
957513,24964,2
957675,43352,1
957675,4724,2
957851,17948,1
957851,48642,2
957851,30290,3
957991,27845,1
957991,30391,2
958335,23288,1
958335,13176,2
958335,38928,3
958335,21137,4
958335,16953,5
958335,46129,6
958335,13259,7
958694,32303,1
958694,43352,2
958694,39275,3
958694,13575,4
958694,21137,5
959426,43352,1
959426,12341,2
959508,24852,1
959508,28204,2
959508,20574,3
959508,14992,4
959508,37687,5
959508,46900,6
959508,260,7
959615,21295,1
959615,25659,2
959615,1529,3
959805,5134,1
959805,43713,2
960265,47630,1
960265,43352,2
960265,16797,3
960265,24852,4
960265,4920,5
960265,12980,6
960265,30391,7
960265,28289,8
960265,248,9
960265,6046,10
960265,12320,11
960307,24852,1
960307,45123,2
960307,36011,3
960307,34969,4
960661,33000,1
960661,18352,2
960661,49235,3
960661,28156,4
960661,36695,5
960661,24852,6
960661,27344,7
960661,21137,8
960661,37646,9
960661,22035,10
960675,21903,1
960675,33120,2
960675,10246,3
960675,24184,4
960675,27104,5
960675,14992,6
960675,47626,7
960675,26209,8
960675,28849,9
960675,47766,10
960685,49235,1
960685,21903,2
960685,38383,3
960685,34466,4
960685,19678,5
960685,8424,6
960685,47734,7
960685,42265,8
960700,23375,1
960700,40593,2
960700,28278,3
960700,45535,4
960700,22035,5
961066,24964,1
961066,31506,2
961066,37067,3
961066,24838,4
961066,26209,5
961066,5876,6
961087,37766,1
961087,31683,2
961087,48642,3
961087,41665,4
961087,17080,5
961087,24489,6
961087,44661,7
961087,36076,8
961087,12872,9
961087,44643,10
961087,12442,11
961087,4493,12
961686,27966,1
961686,46720,2
961686,79,3
961686,13819,4
961686,21709,5
962259,12341,1
962259,38768,2
962259,39275,3
962588,30639,1
962588,48364,2
962588,35939,3
962588,24184,4
962588,8518,5
962588,34969,6
962623,13176,1
962623,39275,2
962623,18441,3
962623,43739,4
962814,32478,1
962814,18441,2
962814,19468,3
964278,21938,1
964278,31717,2
964278,20114,3
964278,26209,4
964278,24184,5
964278,8518,6
964278,2295,7
964278,34358,8
964278,2450,9
964278,13829,10
964278,23537,11
964278,42736,12
964278,44422,13
964278,49533,14
964278,16521,15
964451,25718,1
964451,35121,2
964451,29127,3
964733,15693,1
964733,31964,2
964733,18531,3
964733,44449,4
964733,47766,5
964733,18465,6
965714,19660,1
965714,32403,2
966134,21573,1
966134,11759,2
966134,35561,3
966325,16349,1
966325,44570,2
966325,45007,3
967121,12206,1
967121,37825,2
967143,21137,1
967143,10326,2
967251,1313,1
967251,7600,2
967251,24852,3
967285,43772,1
967285,34969,2
967285,47209,3
967285,18465,4
969584,20842,1
969584,34466,2
969584,33120,3
969584,8424,4
969584,4605,5
969584,34969,6
969584,28849,7
969584,16797,8
969840,31651,1
969840,37710,2
970263,24852,1
970263,3389,2
970263,3298,3
970263,47144,4
970515,13176,1
970515,28204,2
970515,49131,3
970515,16759,4
970515,19348,5
970515,24841,6
970515,19508,7
970515,19376,8
970515,32579,9
970515,22035,10
970677,3298,1
970677,32455,2
970677,46149,3
970677,45051,4
970740,45603,1
970740,48559,2
970740,17872,3
970740,26209,4
970740,8736,5
970740,49191,6
970740,40377,7
970740,12312,8
970740,23288,9
970740,33120,10
970900,13176,1
970900,19660,2
971068,46129,1
971068,9076,2
971534,8571,1
971534,4149,2
971534,33768,3
971534,43352,4
971534,39922,5
971539,14947,1
971539,35221,2
971539,47626,3
971539,29987,4
971539,36070,5
971539,44765,6
972907,44375,1
972907,30489,2
972907,19051,3
972907,40063,4
973102,27086,1
973102,28204,2
973102,5876,3
973102,30391,4
974395,30290,1
974395,47209,2
974942,28465,1
974942,36865,2
975146,16797,1
975146,9076,2
975146,6184,3
975146,21572,4
975192,8859,1
975192,35004,2
975230,35914,1
975230,23909,2
975340,13176,1
975340,35951,2
975340,12341,3
975340,14715,4
975340,35561,5
975340,10326,6
975645,25466,1
975645,27325,2
975887,17461,1
975887,4605,2
975887,5240,3
975887,30480,4
975887,42736,5
976178,14715,1
976178,21386,2
976178,39108,3
976178,38928,4
976178,11759,5
977101,34969,1
977101,43352,2
977101,47766,3
977101,21903,4
977101,4605,5
977101,34358,6
977806,43154,1
977806,48812,2
977894,22993,1
977894,46979,2
978137,11759,1
978137,8571,2
978818,31651,1
978818,39657,2
979458,47977,1
979458,1831,2
979714,47626,1
979714,14536,2
979819,36425,1
979819,12013,2
980338,49191,1
980338,20119,2
980530,44632,1
980530,26620,2
980530,35221,3
980568,5769,1
980568,44359,2
980568,49075,3
980568,5077,4
980568,16616,5
980568,33120,6
980568,19348,7
980568,5450,8
980568,3397,9
981226,39275,1
981226,47209,2
981240,28985,1
981240,8518,2
981240,17794,3
981240,25659,4
981240,32655,5
981240,19048,6
981240,42719,7
981705,13176,1
981705,27521,2
981705,42768,3
981705,21137,4
981705,26604,5
981705,260,6
981705,47626,7
981705,47209,8
981705,10017,9
982221,10017,1
982221,27325,2
982640,11759,1
982640,38300,2
982640,9358,3
982640,196,4
983211,24852,1
983211,48628,2
983211,31433,3
983263,31651,1
983263,5161,2
983777,5785,1
983777,40997,2
984158,38928,1
984158,13575,2
984158,13176,3
984158,196,4
985250,22802,1
985250,21292,2
985636,44987,1
985636,18465,2
985636,27845,3
985952,25659,1
985952,18479,2
985952,46667,3
985952,27521,4
985952,28156,5
985952,2086,6
985952,44632,7
985952,21903,8
985952,49383,9
985952,30391,10
986438,36316,1
986438,18465,2
986438,28836,3
986438,40174,4
987246,17924,1
987246,19660,2
987291,16797,1
987291,8518,2
987291,26209,3
987291,47626,4
987291,12872,5
987291,20114,6
987291,49683,7
987291,34969,8
987291,38383,9
987291,24852,10
987671,7500,1
987671,46962,2
987671,12312,3
987671,27544,4
987671,39408,5
987671,25043,6
987671,18465,7
987671,10017,8
987671,8239,9
987671,24852,10
987671,4920,11
987671,21903,12
987745,24799,1
987745,37158,2
987813,19894,1
987813,3957,2
987813,27845,3
987813,19348,4
987829,31717,1
987829,22935,2
987829,24024,3
987829,26209,4
988424,28199,1
988424,23622,2
988424,26209,3
988424,16759,4
988424,44142,5
988424,31717,6
988555,25890,1
988555,46979,2
989292,7014,1
989292,24852,2
989292,2086,3
989292,5449,4
989292,20754,5
989292,1090,6
989292,8424,7
989292,24184,8
989292,15290,9
989292,2295,10
989654,28204,1
989654,18880,2
989996,15290,1
989996,2295,2
989996,45007,3
989996,13646,4
989996,7485,5
989996,5652,6
990950,20082,1
990950,13176,2
990950,47766,3
991669,19660,1
991669,329,2
991669,27845,3
991725,24852,1
991725,2966,2
991725,17948,3
991725,1158,4
991725,47734,5
991725,47209,6
991729,42244,1
991729,33352,2
991729,329,3
991729,5450,4
991729,46802,5
991866,36107,1
991866,26165,2
992138,24024,1
992138,24852,2
992138,21903,3
992138,5450,4
992138,21137,5
992190,6184,1
992190,13575,2
992292,21137,1
992292,11777,2
992292,22825,3
992292,28199,4
992292,13176,5
992292,27086,6
992292,47156,7
992292,35504,8
992387,48988,1
992387,33198,2
992387,24850,3
992387,44098,4
992387,16696,5
992387,196,6
992658,25890,1
992658,37687,2
992658,4605,3
992807,13042,1
992807,23288,2
992807,7088,3
992807,48697,4
992807,18023,5
992807,14715,6
992807,890,7
992807,13176,8
992807,39275,9
992807,10326,10
992807,5769,11
993456,33198,1
993456,24852,2
993456,7503,3
993456,19508,4
993693,17080,1
993693,4138,2
993693,10,3
993714,33198,1
993714,25146,2
993714,33000,3
993714,18389,4
993714,1194,5
993714,16797,6
993714,39928,7
993714,28849,8
993714,28842,9
993889,14084,1
993889,21137,2
993889,21903,3
993889,13176,4
993889,47766,5
994126,49235,1
994126,38928,2
994303,13176,1
994303,39275,2
994303,651,3
994303,4920,4
994303,21137,5
994303,26317,6
994659,47209,1
994659,45504,2
995368,28465,1
995368,8309,2
995368,47766,3
995368,17122,4
995368,13263,5
995368,41844,6
995368,42342,7
995368,45104,8
996171,24838,1
996171,20119,2
996171,26620,3
996171,44632,4
997080,21903,1
997080,12341,2
997080,37687,3
997080,21195,4
997080,44683,5
997080,21137,6
997742,36735,1
997742,39475,2
997742,37646,3
997742,12576,4
997742,5449,5
997742,47209,6
998015,46061,1
998015,19660,2
998395,39276,1
998395,36929,2
998395,46088,3
998716,16953,1
998716,36086,2
998716,43352,3
998933,11712,1
998933,4605,2
998933,14678,3
999449,12341,1
999449,4724,2
999482,40516,1
999482,24964,2
999482,47626,3
999482,4210,4
1000264,1940,1
1000264,39180,2
1000264,13176,3
1000264,31915,4
1000520,20711,1
1000520,37606,2
1001030,48812,1
1001030,38300,2
1001139,45866,1
1001139,24852,2
1001621,33120,1
1001621,15872,2
1001621,17794,3
1001621,24838,4
1001621,24852,5
1001621,2966,6
1001621,1700,7
1001722,38928,1
1001722,12427,2
1001722,39581,3
1003057,49175,1
1003057,28849,2
1003217,13176,1
1003217,40174,2
1003217,17638,3
1003217,42244,4
1003217,21137,5
1003217,27966,6
1003217,19173,7
1003695,10032,1
1003695,28199,2
1004950,2717,1
1004950,30353,2
1004950,22556,3
1004950,35989,4
1004950,40997,5
1004950,43295,6
1004950,432,7
1004950,21709,8
1005166,19691,1
1005166,16797,2
1005166,41400,3
1005166,37710,4
1005626,42736,1
1005626,25718,2
1005816,21137,1
1005816,34126,2
1006007,19677,1
1006007,27086,2
1006007,32747,3
1006585,39275,1
1006585,23288,2
1007237,22035,1
1007237,28204,2
1007237,13176,3
1007260,27845,1
1007260,13176,2
1007260,21903,3
1007262,15937,1
1007262,25931,2
1007262,248,3
1007262,19057,4
1007262,7179,5
1007262,18465,6
1007262,18531,7
1007620,31102,1
1007620,31651,2
1007620,25890,3
1007997,2120,1
1007997,37923,2
1007997,12013,3
1007997,33065,4
1008413,24852,1
1008413,23909,2
1008434,21709,1
1008434,35221,2
1008434,18963,3
1008848,25659,1
1008848,34243,2
1008848,26165,3
1008927,34358,1
1008927,24852,2
1008927,41220,3
1008927,32864,4
1008927,16797,5
1009487,26209,1
1009487,22935,2
1009487,17794,3
1009487,40377,4
1009487,35140,5
1009487,17948,6
1009572,48679,1
1009572,24852,2
1009572,26620,3
1009572,9020,4
1009572,47626,5
1009572,49683,6
1009572,28535,7
1009642,21903,1
1009642,17794,2
1009642,48679,3
1010152,31717,1
1010152,36107,2
1010393,45603,1
1010393,48559,2
1010393,8736,3
1010627,33065,1
1010627,5818,2
1010627,38433,3
1010832,13176,1
1010832,35951,2
1010832,39877,3
1010956,31040,1
1010956,18656,2
1010956,7485,3
1010956,13198,4
1011281,196,1
1011281,20940,2
1011631,14419,1
1011631,21137,2
1011957,40742,1
1011957,890,2
1012130,1999,1
1012130,25005,2
1012130,5652,3
1012130,4163,4
1012130,27086,5
1012130,12409,6
1012130,10644,7
1012130,24964,8
1012130,47734,9
1012130,19508,10
1012415,14947,1
1012415,28373,2
1012415,5077,3
1012415,21903,4
1012608,22802,1
1012608,14715,2
1012608,46149,3
1013080,34969,1
1013080,13176,2
1013080,26317,3
1013080,5479,4
1013342,34126,1
1013342,16616,2
1013390,43154,1
1013390,42500,2
1013390,196,3
1013390,31651,4
1013457,3376,1
1013457,4605,2
1013457,38293,3
1013457,890,4
1013457,1999,5
1013457,44632,6
1013457,28842,7
1013457,27086,8
1013457,47626,9
1013457,26209,10
1013457,26369,11
1013492,21903,1
1013492,30391,2
1013492,5373,3
1013582,12916,1
1013582,16797,2
1013582,24852,3
1013582,7010,4
1014201,22802,1
1014201,196,2
1014712,5194,1
1014712,46584,2
1014758,13176,1
1014758,47209,2
1014758,43262,3
1014758,32655,4
1014758,43295,5
1014758,33754,6
1014758,40571,7
1014758,42342,8
1014776,20119,1
1014776,21709,2
1014776,7131,3
1015221,21616,1
1015221,43352,2
1015221,12614,3
1015221,32299,4
1015425,19660,1
1015425,25466,2
1015425,13245,3
1015425,23288,4
1015619,25466,1
1015619,28985,2
1015619,49383,3
1015619,39877,4
1015619,31553,5
1015619,46979,6
1015989,24852,1
1015989,49235,2
1015989,21195,3
1015989,11123,4
1016152,19660,1
1016152,47209,2
1016152,13176,3
1016152,21903,4
1016152,46969,5
1016152,18362,6
1016152,18027,7
1016261,27845,1
1016261,8174,2
1016261,47630,3
1016261,21137,4
1016261,20345,5
1016480,30233,1
1016480,5785,2
1016480,21386,3
1016480,39275,4
1016480,27966,5
1016480,30169,6
1016563,47766,1
1016563,40229,2
1016563,12606,3
1016563,33731,4
1016563,35951,5
1018067,11143,1
1018067,31683,2
1018548,43352,1
1018548,8048,2
1018548,4149,3
1018548,4724,4
1018717,16953,1
1018717,18362,2
1018717,10032,3
1018717,33198,4
1019272,21195,1
1019272,890,2
1019700,21137,1
1019700,47209,2
1020935,27521,1
1020935,36406,2
1020935,24852,3
1020935,9076,4
1021177,48532,1
1021177,13424,2
1021177,39657,3
1021185,11408,1
1021185,27744,2
1021185,20995,3
1021185,39475,4
1021253,22802,1
1021253,30591,2
1021253,21903,3
1021405,6184,1
1021405,30591,2
1021857,20995,1
1021857,4799,2
1021857,28597,3
1022622,7693,1
1022622,31964,2
1022622,1831,3
1022622,49520,4
1022622,45104,5
1022650,49191,1
1022650,21709,2
1022650,49520,3
1023898,16696,1
1023898,3389,2
1023898,2974,3
1023945,27845,1
1023945,47144,2
1023945,49235,3
1023988,280,1
1023988,30827,2
1023988,31268,3
1023988,8671,4
1024130,27344,1
1024130,38777,2
1024130,28918,3
1024130,21295,4
1024130,44683,5
1024130,11512,6
1024130,40198,7
1024130,17758,8
1024215,13176,1
1024215,30827,2
1024215,38768,3
1024215,46041,4
1024549,24852,1
1024549,27966,2
1024549,47626,3
1024549,47766,4
1024549,29103,5
1024549,27845,6
1024549,17316,7
1024756,33043,1
1024756,10326,2
1024756,42265,3
1024756,16797,4
1024756,30827,5
1025325,37067,1
1025325,45007,2
1025654,41220,1
1025654,35951,2
1026280,38293,1
1026280,14947,2
1026606,43739,1
1026606,19660,2
1028138,9839,1
1028138,5586,2
1028138,43352,3
1028144,2099,1
1028144,39275,2
1028144,15613,3
1028238,31651,1
1028238,5258,2
1028597,20794,1
1028597,43295,2
1028597,36406,3
1028597,16349,4
1028597,5428,5
1028877,21903,1
1028877,9076,2
1028877,13733,3
1028877,20842,4
1028877,32465,5
1028877,27845,6
1028877,24852,7
1028877,47766,8
1029297,13249,1
1029297,13176,2
1029297,22825,3
1029297,30391,4
1029297,8277,5
1029297,37646,6
1029297,42265,7
1029297,13629,8
1029297,18465,9
1029297,33120,10
1029297,21903,11
1029297,38557,12
1029297,9839,13
1029873,29987,1
1029873,49191,2
1029873,25718,3
1029873,9839,4
1029873,33731,5
1029873,44548,6
1029873,28842,7
1030643,6184,1
1030643,32303,2
1030643,45051,3
1030643,43154,4
1030712,27966,1
1030712,13083,2
1030745,24009,1
1030745,21333,2
1030745,27845,3
1031044,44632,1
1031044,47766,2
1031044,21903,3
1031098,10017,1
1031098,28985,2
1031098,21903,3
1031098,21938,4
1031098,8021,5
1031098,46979,6
1031098,18362,7
1031465,16185,1
1031465,40593,2
1031465,43129,3
1031486,13176,1
1031486,19057,2
1031486,48364,3
1031486,18234,4
1031486,24184,5
1031549,23909,1
1031549,34,2
1031549,40310,3
1032582,11777,1
1032582,13984,2
1033078,19691,1
1033078,16797,2
1033713,9421,1
1033713,45504,2
1034599,6046,1
1034599,40910,2
1034599,21019,3
1034599,28849,4
1034599,39619,5
1034599,12872,6
1034599,49175,7
1034703,1940,1
1034703,47144,2
1035504,25890,1
1035504,16589,2
1035504,21137,3
1035504,21903,4
1035625,35842,1
1035625,22825,2
1035625,43961,3
1035625,30489,4
1035625,47156,5
1035625,30169,6
1035625,44632,7
1035769,46402,1
1035769,17949,2
1035769,12276,3
1035769,24852,4
1035769,21137,5
1035769,43352,6
1035769,45066,7
1035769,5068,8
1036202,46900,1
1036202,2966,2
1036202,49131,3
1036202,49683,4
1036202,38200,5
1036202,46584,6
1036202,21903,7
1036202,40706,8
1037190,47766,1
1037190,24852,2
1037190,41787,3
1037190,3599,4
1037453,19660,1
1037453,3896,2
1037453,432,3
1038105,33768,1
1038105,5769,2
1038364,40742,1
1038364,26088,2
1038364,8859,3
1038926,13176,1
1038926,47209,2
1038926,18234,3
1038926,41220,4
1038926,41950,5
1038926,27845,6
1038926,8174,7
1038926,27966,8
1038926,22035,9
1038926,40723,10
1038926,6104,11
1038926,27104,12
1038926,42265,13
1038926,24489,14
1038926,26128,15
1038926,30391,16
1038926,21137,17
1038926,39928,18
1038926,26940,19
1039679,33198,1
1039679,42445,2
1039679,44632,3
1039679,21137,4
1039679,13984,5
1039679,27744,6
1039679,22035,7
1040001,22963,1
1040001,47209,2
1040001,38383,3
1040001,47626,4
1040001,26209,5
1040054,38768,1
1040054,13966,2
1040054,6184,3
1040763,27966,1
1040763,21137,2
1040763,39275,3
1040904,21174,1
1040904,25513,2
1040904,13380,3
1040904,21543,4
1040904,24852,5
1042603,8021,1
1042603,27544,2
1042780,19488,1
1042780,28427,2
1042780,19660,3
1042894,30450,1
1042894,43352,2
1043713,42265,1
1043713,13176,2
1043713,43352,3
1044030,45200,1
1044030,33198,2
1045643,7131,1
1045643,40939,2
1045937,43154,1
1045937,37710,2
1045937,7131,3
1047002,47209,1
1047002,8021,2
1047387,13176,1
1047387,27966,2
1047387,26177,3
1047387,37646,4
1047387,29801,5
1047387,2086,6
1047642,19660,1
1047642,196,2
1047669,38928,1
1047669,35199,2
1047885,196,1
1047885,6184,2
1047885,12916,3
1047979,32740,1
1047979,1511,2
1048639,5479,1
1048639,27344,2
1048639,49683,3
1048639,8518,4
1048639,34969,5
1048675,4920,1
1048675,27104,2
1048675,10246,3
1048675,32689,4
1048675,36695,5
1049490,33352,1
1049490,26165,2
1049490,21137,3
1050307,43154,1
1050307,27548,2
1050307,1194,3
1050307,8615,4
1050307,37552,5
1050307,44290,6
1050307,9755,7
1050307,23909,8
1050307,41844,9
1050636,13176,1
1050636,27966,2
1050636,41658,3
1050636,10132,4
1050636,39275,5
1050636,17948,6
1050636,20995,7
1050702,39657,1
1050702,26348,2
1050799,6184,1
1050799,15200,2
1050799,13176,3
1050799,39275,4
1050799,44683,5
1052067,24852,1
1052067,4210,2
1052291,39877,1
1052291,45007,2
1052291,34969,3
1052291,21137,4
1052291,9839,5
1052291,47766,6
1052291,47626,7
1052291,13629,8
1052291,30489,9
1052838,35951,1
1052838,17948,2
1052838,16797,3
1052838,24852,4
1052838,24759,5
1052838,26209,6
1053479,24852,1
1053479,4957,2
1053485,47766,1
1053485,41950,2
1053485,21616,3
1053485,19678,4
1053485,21709,5
1054333,37067,1
1054333,32747,2
1054333,21386,3
1054333,39877,4
1054333,19057,5
1054797,39180,1
1054797,24852,2
1054797,43961,3
1054797,21137,4
1054797,8277,5
1054797,27744,6
1054797,30233,7
1054797,38557,8
1054848,20670,1
1054848,22802,2
1054885,49683,1
1054885,21903,2
1054885,21386,3
1054885,28156,4
1054885,21137,5
1054885,20574,6
1054885,10017,7
1054885,42265,8
1055060,4920,1
1055060,13176,2
1055253,27845,1
1055253,21137,2
1055253,24852,3
1055253,41220,4
1055253,9839,5
1055253,31553,6
1055253,3142,7
1055253,27156,8
1055300,21462,1
1055300,21526,2
1055300,8021,3
1056108,47141,1
1056108,29529,2
1056800,42736,1
1056800,31869,2
1056952,2238,1
1056952,8859,2
1057536,46149,1
1057536,196,2
1057939,24964,1
1057939,49610,2
1057939,13176,3
1057939,46979,4
1058279,35898,1
1058279,36854,2
1058279,22275,3
1058685,43352,1
1058685,16797,2
1058685,4920,3
1059779,12341,1
1059779,32689,2
1059779,8048,3
1059779,26317,4
1059973,16696,1
1059973,18610,2
1059973,3389,3
1059973,48142,4
1060900,2876,1
1060900,31562,2
1060900,11182,3
1060900,16759,4
1060900,45007,5
1060900,13198,6
1061068,1710,1
1061068,24852,2
1061068,12341,3
1061068,5618,4
1061373,13176,1
1061373,14715,2
1061373,40939,3
1061373,32689,4
1061661,27156,1
1061661,30406,2
1061661,42768,3
1061661,43352,4
1061661,21137,5
1061691,41682,1
1061691,12576,2
1061691,36316,3
1061691,35221,4
1061691,30353,5
1061691,39947,6
1061691,27275,7
1061691,12919,8
1061691,2717,9
1062622,7010,1
1062622,42244,2
1062622,49235,3
1062622,37029,4
1062622,18465,5
1062622,32689,6
1064316,26604,1
1064316,22556,2
1064316,29418,3
1064316,45007,4
1064316,48745,5
1064316,47042,6
1064316,33731,7
1064316,9020,8
1064319,10957,1
1064319,8174,2
1064465,5047,1
1064465,47865,2
1065018,36695,1
1065018,47209,2
1065018,329,3
1065018,12206,4
1065018,23801,5
1065018,4799,6
1065112,19348,1
1065112,17122,2
1065112,9387,3
1065112,8571,4
1065112,13176,5
1065112,13575,6
1065112,19691,7
1065112,8048,8
1065112,10326,9
1066035,31915,1
1066035,24852,2
1066035,41658,3
1066647,33120,1
1066647,49235,2
1066647,45066,3
1066647,7503,4
1066647,21903,5
1066647,21137,6
1067194,41276,1
1067194,31102,2
1067733,26384,1
1067733,45007,2
1067733,24964,3
1067879,38768,1
1067879,16797,2
1068977,20842,1
1068977,25890,2
1068977,27104,3
1069266,6101,1
1069266,24852,2
1069266,44375,3
1069266,38313,4
1069266,4920,5
1070035,21137,1
1070035,37687,2
1070035,8048,3
1070440,22802,1
1070440,5769,2
1070440,5258,3
1072656,14947,1
1072656,13176,2
1073798,19508,1
1073798,39475,2
1073798,21137,3
1073798,39928,4
1073798,5077,5
1073798,27966,6
1073798,47766,7
1073798,26209,8
1073798,10749,9
1073798,43768,10
1073968,39180,1
1073968,17794,2
1073968,5618,3
1073968,31553,4
1073968,28601,5
1073968,24009,6
1073968,24852,7
1073968,16797,8
1073968,46802,9
1073968,39928,10
1073968,47766,11
1073968,20114,12
1073968,28842,13
1073968,37464,14
1074291,13176,1
1074291,196,2
1075241,26940,1
1075241,41220,2
1075241,1244,3
1075241,47209,4
1075383,46667,1
1075383,24838,2
1075383,47734,3
1075485,17794,1
1075485,24852,2
1075485,39408,3
1075485,47042,4
1075485,44683,5
1075485,1360,6
1075485,40233,7
1075493,47209,1
1075493,24489,2
1075493,35951,3
1075493,21903,4
1075493,5876,5
1075493,40706,6
1075493,43789,7
1075493,11422,8
1075847,11520,1
1075847,2078,2
1075847,30450,3
1075847,40396,4
1076094,28842,1
1076094,38656,2
1076094,27336,3
1076334,12916,1
1076334,196,2
1076334,47931,3
1076334,41406,4
1076334,40199,5
1076415,13176,1
1076415,21137,2
1076415,26369,3
1076415,19508,4
1076415,9839,5
1076415,16759,6
1076415,48628,7
1076415,31915,8
1076415,12341,9
1076415,6873,10
1077449,39275,1
1077449,30450,2
1077449,13259,3
1077449,30827,4
1077449,21137,5
1079558,31506,1
1079558,33768,2
1079590,25466,1
1079590,3873,2
1079978,27521,1
1079978,21903,2
1079978,28204,3
1079978,39275,4
1079978,46667,5
1079978,30233,6
1080736,35108,1
1080736,34358,2
1080736,47626,3
1080736,41319,4
1080736,15937,5
1081448,47766,1
1081448,13176,2
1081448,3835,3
1081448,21137,4
1081448,45007,5
1081464,196,1
1081464,6184,2
1081607,4605,1
1081607,45535,2
1081607,48679,3
1081607,40604,4
1081607,47626,5
1081607,39275,6
1081607,24852,7
1081607,33352,8
1081607,46979,9
1081607,45679,10
1081607,21938,11
1081607,8424,12
1081607,42585,13
1081607,42265,14
1081607,21019,15
1081607,27086,16
1081607,24964,17
1081607,4562,18
1081607,24009,19
1081898,24852,1
1081898,27845,2
1081898,19677,3
1081898,49235,4
1081898,28204,5
1081898,44632,6
1081898,39947,7
1081898,12576,8
1081898,45747,9
1082142,8277,1
1082142,26668,2
1082142,25588,3
1082142,41319,4
1082142,4605,5
1082142,24852,6
1082142,5785,7
1082142,41950,8
1083382,13176,1
1083382,2611,2
1083382,21137,3
1083382,5212,4
1083382,25890,5
1083382,15613,6
1083382,46979,7
1083382,33731,8
1083382,4799,9
1083869,44632,1
1083869,22556,2
1083869,31964,3
1083869,47766,4
1083869,42828,5
1083869,25630,6
1083869,42244,7
1083869,7781,8
1083869,33754,9
1083869,18594,10
1083869,38689,11
1084294,48745,1
1084294,27104,2
1084294,39558,3
1084294,28289,4
1084767,46149,1
1084767,196,2
1084767,14233,3
1084767,33198,4
1085295,2581,1
1085295,35507,2
1085295,13176,3
1085295,42460,4
1086051,500,1
1086051,38300,2
1086051,14233,3
1086051,5258,4
1086051,46149,5
1086104,48364,1
1086104,40174,2
1086104,38557,3
1086156,49235,1
1086156,1940,2
1087119,24838,1
1087119,16797,2
1087119,24852,3
1087119,30720,4
1087119,3957,5
1087119,2452,6
1087119,19678,7
1087842,44632,1
1087842,20119,2
1088003,47766,1
1088003,24852,2
1088003,16797,3
1088003,27966,4
1088161,36441,1
1088161,15424,2
1088350,196,1
1088350,21572,2
1088350,5161,3
1088350,37710,4
1089491,23909,1
1089491,10673,2
1089495,11520,1
1089495,13176,2
1089495,8174,3
1089495,5876,4
1089495,39877,5
1089495,22825,6
1089495,26800,7
1089495,47209,8
1089550,28204,1
1089550,19678,2
1089550,24852,3
1089550,12099,4
1089550,45,5
1090134,43154,1
1090134,13176,2
1090421,23405,1
1090421,46616,2
1090616,33352,1
1090616,16797,2
1090616,47626,3
1090616,24852,4
1090767,19057,1
1090767,8518,2
1090767,35628,3
1090767,41950,4
1091322,28204,1
1091322,49610,2
1091322,31506,3
1091367,24184,1
1091367,43768,2
1091367,1244,3
1091367,35939,4
1091367,39040,5
1091367,4605,6
1091367,5794,7
1091690,25824,1
1091690,24852,2
1091690,8277,3
1091690,48628,4
1091838,12341,1
1091838,11759,2
1091838,43154,3
1092422,28204,1
1092422,21903,2
1092757,9839,1
1092757,17461,2
1092757,49235,3
1092757,20082,4
1092757,1511,5
1092757,5479,6
1093750,196,1
1093750,38928,2
1094169,47626,1
1094169,20082,2
1094169,24852,3
1094169,46979,4
1094169,37646,5
1094169,47144,6
1094169,35547,7
1094490,21903,1
1094490,40723,2
1094490,33787,3
1094490,32747,4
1094490,30489,5
1094691,43352,1
1094691,21573,2
1094691,11759,3
1094691,35561,4
1094691,38768,5
1094741,24852,1
1094741,11712,2
1094741,45104,3
1094741,28204,4
1094741,21137,5
1094741,5161,6
1095055,20842,1
1095055,17224,2
1095055,25630,3
1095055,33438,4
1095175,19660,1
1095175,39657,2
1095175,26348,3
1095423,9839,1
1095423,4149,2
1095423,26405,3
1095624,45007,1
1095624,9839,2
1095624,47209,3
1095818,9839,1
1095818,432,2
1095818,35121,3
1096113,22935,1
1096113,21938,2
1096113,14852,3
1096246,5785,1
1096246,21137,2
1096246,42265,3
1096246,10246,4
1096567,46654,1
1096567,31506,2
1096567,44683,3
1097563,13176,1
1097563,3952,2
1097563,27966,3
1097563,26620,4
1097563,20119,5
1097563,37646,6
1097950,27521,1
1097950,26620,2
1097950,35221,3
1097950,24184,4
1097950,15290,5
1097950,2295,6
1097950,26209,7
1098475,3873,1
1098475,41844,2
1098475,44359,3
1098475,39560,4
1098475,432,5
1098569,4605,1
1098569,47626,2
1098569,17794,3
1098569,8006,4
1098569,24964,5
1098629,13176,1
1098629,45066,2
1098629,4920,3
1098867,25146,1
1098867,47672,2
1099294,44632,1
1099294,35221,2
1099294,19057,3
1099294,19006,4
1099294,6348,5
1099294,33754,6
1099294,6489,7
1099294,23645,8
1099294,49191,9
1099294,4920,10
1099294,16797,11
1099294,33716,12
1099294,4658,13
1099470,6760,1
1099470,32478,2
1099541,13176,1
1099541,39922,2
1099541,38928,3
1099541,33000,4
1099740,33452,1
1099740,13944,2
1099740,21240,3
1099740,26348,4
1099795,280,1
1099795,32478,2
1099795,30827,3
1099795,44683,4
1100238,24184,1
1100238,25466,2
1100238,39409,3
1100238,10644,4
1100238,45002,5
1100304,8193,1
1100304,10957,2
1100322,1700,1
1100322,21070,2
1100684,25890,1
1100684,48364,2
1100684,18761,3
1100684,16797,4
1100684,38739,5
1100888,43295,1
1100888,33198,2
1100888,1194,3
1100888,36011,4
1100888,41844,5
1100888,44475,6
1100888,19376,7
1100888,33129,8
1100888,13870,9
1100888,21376,10
1101118,37710,1
1101118,43154,2
1101118,3298,3
1102358,38768,1
1102358,9839,2
1102358,21137,3
1102358,6184,4
1102577,48142,1
1102577,5258,2
1102577,1957,3
1102577,38300,4
1102577,21195,5
1102590,47734,1
1102590,42445,2
1102590,20947,3
1102590,48559,4
1102590,19057,5
1102590,27845,6
1102590,19678,7
1102590,11520,8
1102590,3952,9
1102590,13984,10
1102590,27104,11
1102590,42585,12
1105456,26209,1
1105456,26369,2
1105456,5818,3
1105456,15290,4
1105456,34358,5
1105456,27086,6
1105933,42736,1
1105933,35336,2
1106904,47141,1
1106904,9623,2
1106904,14233,3
1107284,18339,1
1107284,47626,2
1107284,7969,3
1108037,7751,1
1108037,47626,2
1108184,31066,1
1108184,14419,2
1108184,19660,3
1108184,48532,4
1109042,40332,1
1109042,46473,2
1109042,21709,3
1109647,48812,1
1109647,38300,2
1109647,44449,3
1109871,25659,1
1109871,39190,2
1109871,21938,3
1109871,10749,4
1109871,27104,5
1109908,24838,1
1109908,18656,2
1110230,35601,1
1110230,4472,2
1110230,24852,3
1110230,47977,4
1110261,44632,1
1110261,20119,2
1110261,21709,3
1110261,12576,4
1110441,8571,1
1110441,38300,2
1110471,196,1
1110471,40939,2
1110471,43154,3
1111201,40174,1
1111201,21903,2
1111201,24852,3
1111201,28204,4
1111201,47766,5
1111201,23032,6
1111425,46906,1
1111425,47766,2
1111425,432,3
1112160,24964,1
1112160,47766,2
1112160,24852,3
1112160,8193,4
1112160,42701,5
1112160,15937,6
1112160,26604,7
1112160,21614,8
1112160,42736,9
1112160,23265,10
1112420,27985,1
1112420,36316,2
1112420,47977,3
1112420,12919,4
1112420,9623,5
1112420,14233,6
1112746,16387,1
1112746,27966,2
1112855,13176,1
1112855,28553,2
1112855,47144,3
1112855,41198,4
1112855,18027,5
1112855,9076,6
1112855,38400,7
1113730,4799,1
1113730,45007,2
1113730,35951,3
1113730,21903,4
1113750,26405,1
1113750,13176,2
1113750,280,3
1113951,36011,1
1113951,38689,2
1113951,49235,3
1113979,196,1
1113979,6184,2
1114131,3952,1
1114131,13176,2
1114234,27966,1
1114234,47209,2
1114234,41950,3
1114234,20114,4
1114534,13176,1
1114534,39332,2
1114534,6184,3
1114630,17224,1
1114630,3873,2
1114883,44632,1
1114883,42110,2
1115260,13966,1
1115260,21903,2
1115260,16797,3
1117099,329,1
1117099,24852,2
1117099,47766,3
1117099,22935,4
1117099,48679,5
1117099,890,6
1117099,24964,7
1117478,21137,1
1117478,43352,2
1117478,26604,3
1117998,23516,1
1117998,18382,2
1117998,25753,3
1117998,20119,4
1117998,21709,5
1117998,1158,6
1117998,19057,7
1117998,32578,8
1117998,28278,9
1117998,40706,10
1117998,43713,11
1117998,18418,12
1118341,29987,1
1118341,16616,2
1118341,28476,3
1118341,21616,4
1118341,48775,5
1118341,11777,6
1118341,26604,7
1118480,21903,1
1118480,26604,2
1119013,26620,1
1119013,49191,2
1119013,48679,3
1119013,47209,4
1119013,45007,5
1119013,42265,6
1119013,30391,7
1119039,13176,1
1119039,20940,2
1119039,13042,3
1119469,32455,1
1119469,22802,2
1119469,18023,3
1120218,26604,1
1120218,5479,2
1120218,27845,3
1120218,40723,4
1120218,4605,5
1120627,45007,1
1120627,46979,2
1120627,39928,3
1120627,3957,4
1120627,37687,5
1121301,38768,1
1121301,26604,2
1121464,43504,1
1121464,21267,2
1121464,45007,3
1121613,37687,1
1121613,21903,2
1121697,40174,1
1121697,5077,2
1121697,17706,3
1121697,8277,4
1121697,25659,5
1121782,39657,1
1121782,43154,2
1121793,42500,1
1121793,26317,2
1121793,6184,3
1122210,24852,1
1122210,25043,2
1122210,19370,3
1122375,38768,1
1122375,46149,2
1122375,39657,3
1122375,16797,4
1122506,2295,1
1122506,15290,2
1122506,21137,3
1122506,37067,4
1123120,14947,1
1123120,8277,2
1123502,23288,1
1123502,19660,2
1123502,33198,3
1124972,21903,1
1124972,1511,2
1124972,24852,3
1124972,8277,4
1124972,47766,5
1124972,14084,6
1124972,24024,7
1125107,28204,1
1125107,3952,2
1125107,28849,3
1125107,42768,4
1125107,33731,5
1125107,27521,6
1125614,25466,1
1125614,47144,2
1125614,28985,3
1125614,21903,4
1125614,5876,5
1125614,11777,6
1125614,16797,7
1125614,39877,8
1125614,46505,9
1126361,196,1
1126361,46149,2
1126403,40396,1
1126403,29307,2
1126403,47626,3
1126403,33731,4
1126403,42701,5
1126403,45290,6
1126403,34358,7
1126403,18465,8
1126403,5450,9
1126938,21903,1
1126938,32465,2
1126938,40268,3
1126938,11520,4
1126938,13176,5
1127337,48094,1
1127337,22395,2
1127337,30391,3
1127823,13176,1
1127823,33198,2
1128114,6182,1
1128114,4461,2
1128114,7503,3
1128114,30450,4
1128114,18761,5
1128212,21903,1
1128212,48679,2
1128212,39411,3
1128856,196,1
1128856,5258,2
1128856,46149,3
1129149,11759,1
1129149,21573,2
1129149,19660,3
1129149,30720,4
1129176,42342,1
1129176,27104,2
1129176,41950,3
1129176,13852,4
1129176,45535,5
1129176,605,6
1129176,35383,7
1129176,27117,8
1129176,38689,9
1129176,27845,10
1129698,44632,1
1129698,26209,2
1129698,24852,3
1129698,47209,4
1129698,39275,5
1129698,10749,6
1129698,36695,7
1129698,40706,8
1129698,22935,9
1129698,24964,10
1129698,47626,11
1129698,28918,12
1129698,45066,13
1130144,24852,1
1130144,21137,2
1130144,27845,3
1130144,9076,4
1130144,47766,5
1130144,46979,6
1130144,5077,7
1130144,43961,8
1130144,10749,9
1130144,8424,10
1130144,4920,11
1130872,43352,1
1130872,39275,2
1130872,6184,3
1130872,17122,4
1131046,6046,1
1131046,10017,2
1131119,432,1
1131119,26165,2
1131119,11712,3
1131119,42719,4
1131119,40545,5
1131119,11777,6
1131119,21903,7
1131119,25138,8
1131119,47626,9
1131119,14947,10
1131119,28204,11
1131779,5258,1
1131779,14233,2
1132090,44471,1
1132090,32650,2
1132090,40268,3
1132090,31268,4
1132090,44479,5
1132090,42356,6
1132394,39275,1
1132394,43352,2
1132876,12341,1
1132876,46149,2
1133039,30639,1
1133039,5612,2
1133039,21709,3
1133039,13176,4
1133378,16797,1
1133378,39275,2
1133594,1160,1
1133594,33065,2
1133619,42265,1
1133619,13176,2
1133619,47209,3
1133619,46676,4
1133824,890,1
1133824,4149,2
1134072,44987,1
1134072,21137,2
1134072,9839,3
1134121,14086,1
1134121,13176,2
1134121,1158,3
1134121,46802,4
1134121,27325,5
1134121,32553,6
1134244,49383,1
1134244,17794,2
1134244,24759,3
1134244,24852,4
1134244,21137,5
1134999,5450,1
1134999,29487,2
1134999,4605,3
1134999,24852,4
1134999,34034,5
1134999,16349,6
1134999,9387,7
1134999,47626,8
1134999,30391,9
1134999,43789,10
1134999,39108,11
1134999,18337,12
1135049,35951,1
1135049,46129,2
1135506,24964,1
1135506,46667,2
1135758,35042,1
1135758,39408,2
1135758,5077,3
1135758,24852,4
1135785,13176,1
1135785,8277,2
1135876,21903,1
1135876,4149,2
1135876,39275,3
1135922,21137,1
1135922,7185,2
1136142,40939,1
1136142,30406,2
1136142,44683,3
1137056,21616,1
1137056,49383,2
1137056,14462,3
1137056,47626,4
1137056,8174,5
1137056,45066,6
1137257,37646,1
1137257,4920,2
1137257,46906,3
1137257,21137,4
1137352,19057,1
1137352,34358,2
1137352,39275,3
1138879,35951,1
1138879,5479,2
1138879,26165,3
1138879,13870,4
1138879,21903,5
1138879,37158,6
1138879,26604,7
1138879,8424,8
1138879,33787,9
1139355,32478,1
1139355,21292,2
1139355,18441,3
1139506,24799,1
1139506,4462,2
1139698,43789,1
1139698,48679,2
1139698,22935,3
1139708,13176,1
1139708,20995,2
1139708,39928,3
1139708,47630,4
1139708,30450,5
1139708,27156,6
1139708,40229,7
1139708,19478,8
1139708,31927,9
1139976,9076,1
1139976,35855,2
1139976,27966,3
1139976,11520,4
1139976,13176,5
1139976,47766,6
1139976,5134,7
1140893,49683,1
1140893,21137,2
1140893,26209,3
1140971,28934,1
1140971,4210,2
1140971,14947,3
1140971,18441,4
1140971,30489,5
1140971,7412,6
1141358,38273,1
1141358,22935,2
1141667,21137,1
1141667,39275,2
1141873,26497,1
1141873,10246,2
1141873,31562,3
1141873,14992,4
1141873,8424,5
1141873,28985,6
1141873,49683,7
1141887,43352,1
1141887,46802,2
1141887,21292,3
1141887,40199,4
1141986,13176,1
1141986,46906,2
1141986,4920,3
1141986,22935,4
1141986,19057,5
1141986,44359,6
1141986,14678,7
1141986,43961,8
1141986,3376,9
1141986,44422,10
1141986,16823,11
1141986,9839,12
1141986,19048,13
1141986,48679,14
1141986,35535,15
1142174,17924,1
1142174,12341,2
1142174,19691,3
1142174,8048,4
1142174,26088,5
1142264,3274,1
1142264,24852,2
1142264,18362,3
1142902,26940,1
1142902,34335,2
1143440,26940,1
1143440,10017,2
1143440,5876,3
1143440,25466,4
1143440,35951,5
1143440,39877,6
1143521,25072,1
1143521,46584,2
1143521,38557,3
1143854,30450,1
1143854,21903,2
1143908,5258,1
1143908,26348,2
1143908,196,3
1143908,46149,4
1143908,7131,5
1144134,47626,1
1144134,47766,2
1144134,48679,3
1144134,27156,4
1144134,21903,5
1144134,27966,6
1144134,26940,7
1144134,33120,8
1146418,33493,1
1146418,1940,2
1146418,39275,3
1146418,26604,4
1146752,4724,1
1146752,30450,2
1146752,5769,3
1146752,21903,4
1146752,21573,5
1146920,44008,1
1146920,42585,2
1146920,11182,3
1146920,45066,4
1146920,42265,5
1146920,19660,6
1146920,23165,7
1146920,25138,8
1146920,9076,9
1146950,27845,1
1146950,13176,2
1146950,12341,3
1146950,44987,4
1147153,12845,1
1147153,28289,2
1147153,16525,3
1147153,33401,4
1147153,21903,5
1147206,41844,1
1147206,2452,2
1148059,39877,1
1148059,8277,2
1149203,34243,1
1149203,42719,2
1149203,24964,3
1149203,25659,4
1149203,45007,5
1149203,11520,6
1149203,12409,7
1149203,40706,8
1149203,24184,9
1149203,13176,10
1149203,5450,11
1149491,21295,1
1149491,16083,2
1149996,25767,1
1149996,47144,2
1149996,22035,3
1149996,19057,4
1150129,41950,1
1150129,10385,2
1151882,24964,1
1151882,18234,2
1151882,44661,3
1151882,20114,4
1153185,8277,1
1153185,21903,2
1153185,47209,3
1153258,33000,1
1153258,35898,2
1153258,43262,3
1153660,47766,1
1153660,14891,2
1153930,49075,1
1153930,8859,2
1154888,13424,1
1154888,11266,2
1154888,37710,3
1154888,26348,4
1155192,27521,1
1155192,45603,2
1155192,26620,3
1155192,12576,4
1155192,20119,5
1155192,2611,6
1155525,38293,1
1155525,39877,2
1155525,26209,3
1156344,13176,1
1156344,47209,2
1156344,46667,3
1156990,12341,1
1156990,6184,2
1157032,21903,1
1157032,48679,2
1157123,42731,1
1157123,16696,2
1157719,45051,1
1157719,11266,2
1158204,17316,1
1158204,2086,2
1158204,8021,3
1158204,24852,4
1158204,26209,5
1158204,23375,6
1158204,9515,7
1158625,36011,1
1158625,1463,2
1158625,49235,3
1158625,11576,4
1158625,3957,5
1158625,21872,6
1158625,47626,7
1159151,13032,1
1159151,48697,2
1159151,31506,3
1159176,4920,1
1159176,6184,2
1159176,21137,3
1159176,43352,4
1159420,14419,1
1159420,25588,2
1159420,35561,3
1159441,43352,1
1159441,33956,2
1159774,4086,1
1159774,28913,2
1159922,43352,1
1159922,21288,2
1159922,30827,3
1159922,9387,4
1159922,46061,5
1159922,13914,6
1159922,29363,7
1159922,16797,8
1159922,39275,9
1160109,196,1
1160109,13966,2
1160117,27156,1
1160117,29487,2
1160117,13249,3
1160117,20842,4
1160117,37687,5
1160117,12962,6
1160117,47626,7
1160117,27104,8
1160293,21288,1
1160293,39275,2
1160293,32478,3
1160429,6046,1
1160429,40516,2
1160429,30391,3
1161228,196,1
1161228,33000,2
1161240,38273,1
1161240,16185,2
1161240,24852,3
1161391,13176,1
1161391,26283,2
1161391,5450,3
1162217,5077,1
1162217,21137,2
1162217,13829,3
1162217,8518,4
1162217,35042,5
1162217,45007,6
1162217,21938,7
1162455,39984,1
1162455,38739,2
1163043,27885,1
1163043,36425,2
1164218,1940,1
1164218,44632,2
1164218,30353,3
1164218,35989,4
1164285,33120,1
1164285,40396,2
1164469,28535,1
1164469,34126,2
1164469,260,3
1164469,11777,4
1164469,46979,5
1164469,43789,6
1164469,40706,7
1164469,47766,8
1164469,24852,9
1165475,13176,1
1165475,20955,2
1165748,12341,1
1165748,39275,2
1165763,26209,1
1165763,44632,2
1166884,15680,1
1166884,7751,2
1167274,19660,1
1167274,196,2
1167274,13575,3
1167934,34126,1
1167934,8518,2
1167934,47156,3
1167934,19660,4
1167934,46667,5
1167934,35004,6
1167934,10960,7
1168094,26348,1
1168094,40939,2
1168665,9387,1
1168665,27845,2
1168665,22035,3
1168665,37067,4
1168665,19006,5
1168771,196,1
1168771,22802,2
1168952,13176,1
1168952,35951,2
1168952,25138,3
1168952,25005,4
1169406,21709,1
1169406,35221,2
1169406,27966,3
1170216,16185,1
1170216,40174,2
1170216,2078,3
1170216,24852,4
1170216,28745,5
1170216,45066,6
1170216,35951,7
1170604,47766,1
1170604,34969,2
1171498,16290,1
1171498,49198,2
1171734,17122,1
1171734,13176,2
1171840,9623,1
1171840,13755,2
1171840,9175,3
1172262,47626,1
1172262,26209,2
1172262,30391,3
1172511,49683,1
1172511,24852,2
1172511,16797,3
1172511,36011,4
1172511,11352,5
1172511,22035,6
1172511,24799,7
1172511,28204,8
1172511,33198,9
1172757,21288,1
1172757,39275,2
1172757,46562,3
1175160,38928,1
1175160,21572,2
1175160,46149,3
1175160,196,4
1175464,40571,1
1175464,33787,2
1175464,49113,3
1175491,9358,1
1175491,8571,2
1175981,25890,1
1175981,4605,2
1176213,39275,1
1176213,21903,2
1176390,23165,1
1176390,35939,2
1176390,24838,3
1176390,5785,4
1176632,1463,1
1176632,3952,2
1176632,32655,3
1176632,13176,4
1176632,42445,5
1176632,42701,6
1176632,11005,7
1176632,49235,8
1177153,2855,1
1177153,47209,2
1177153,13535,3
1177269,29447,1
1177269,6046,2
1177269,10017,3
1177269,24964,4
1177449,27086,1
1177449,2855,2
1177449,42244,3
1177931,24852,1
1177931,47626,2
1177931,24964,3
1177931,46979,4
1177931,29487,5
1177931,40706,6
1177931,45066,7
1177931,25146,8
1177931,18811,9
1177931,40878,10
1178982,25588,1
1178982,49683,2
1178982,29487,3
1178982,35782,4
1179172,4920,1
1179172,42265,2
1179624,651,1
1179624,26405,2
1179981,25588,1
1179981,6184,2
1179981,30827,3
1179981,21292,4
1179981,37687,5
1179981,40199,6
1180062,35221,1
1180062,24852,2
1180062,44632,3
1180062,21709,4
1181161,8174,1
1181161,47626,2
1181161,37646,3
1181161,26209,4
1181161,21137,5
1181548,19660,1
1181548,20995,2
1181726,29801,1
1181726,37552,2
1181726,16290,3
1181909,33065,1
1181909,38444,2
1181909,46088,3
1181909,34024,4
1181909,39921,5
1182649,24852,1
1182649,35221,2
1182649,25931,3
1182649,47209,4
1182649,49683,5
1183178,6184,1
1183178,13575,2
1183178,41787,3
1183291,20082,1
1183291,13176,2
1183291,21137,3
1183536,24850,1
1183536,36085,2
1184142,44632,1
1184142,11123,2
1184142,16083,3
1184142,46979,4
1184142,23025,5
1184142,6046,6
1184142,25197,7
1184142,21137,8
1184142,17316,9
1184142,4920,10
1184142,30391,11
1184142,7628,12
1184142,24184,13
1184142,24799,14
1184142,9076,15
1184195,27325,1
1184195,31506,2
1184215,4138,1
1184215,24852,2
1184215,19348,3
1185415,42244,1
1185415,39984,2
1185415,34126,3
1185415,19660,4
1185415,8174,5
1185415,28204,6
1185544,15680,1
1185544,40939,2
1185544,45051,3
1185901,18531,1
1185901,44987,2
1185901,31717,3
1186211,40939,1
1186211,19660,2
1186320,26348,1
1186320,12427,2
1186491,9387,1
1186491,37524,2
1186491,23650,3
1186491,19677,4
1187117,33731,1
1187117,40174,2
1187117,19660,3
1187117,12797,4
1187117,30480,5
1187366,35221,1
1187366,5212,2
1187366,21709,3
1187366,26165,4
1187594,22825,1
1187594,47766,2
1187594,37524,3
1187594,7503,4
1187594,2452,5
1187594,37158,6
1187787,41220,1
1187787,19057,2
1187787,2078,3
1187787,22935,4
1187787,21938,5
1187787,35939,6
1188391,21195,1
1188391,9358,2
1188391,8048,3
1188408,21288,1
1188408,28199,2
1188445,14715,1
1188445,43154,2
1188519,46149,1
1188519,20940,2
1188519,14161,3
1188519,6184,4
1188519,13575,5
1188519,40939,6
1188519,11759,7
1188534,5769,1
1188534,890,2
1189203,10032,1
1189203,34024,2
1189281,47626,1
1189281,42736,2
1189281,40174,3
1189281,21137,4
1189281,5450,5
1189281,39475,6
1189281,43961,7
1190338,38689,1
1190338,17600,2
1190613,40939,1
1190613,41400,2
1190613,46562,3
1190903,45066,1
1190903,24852,2
1190903,23734,3
1191097,49683,1
1191097,1158,2
1191097,21903,3
1191097,42803,4
1191097,432,5
1191097,34,6
1191097,42265,7
1191447,6184,1
1191447,4920,2
1191447,3298,3
1191447,32455,4
1191550,27086,1
1191550,35914,2
1191550,47144,3
1192609,24830,1
1192609,1244,2
1192609,45007,3
1192609,39430,4
1192966,46979,1
1192966,31506,2
1192966,8424,3
1192966,8193,4
1193250,38293,1
1193250,46654,2
1193327,7963,1
1193327,45866,2
1193631,30776,1
1193631,45603,2
1193938,25890,1
1193938,48171,2
1193938,42139,3
1194019,13176,1
1194019,16797,2
1194062,44632,1
1194062,35221,2
1194062,26620,3
1194363,18523,1
1194363,47977,2
1194363,33055,3
1194363,47766,4
1194363,46906,5
1194363,35108,6
1194363,35167,7
1194363,5612,8
1194363,40604,9
1194798,14947,1
1194798,21903,2
1195115,23909,1
1195115,45104,2
1195115,196,3
1195115,43631,4
1195115,29529,5
1195115,3298,6
1195848,27845,1
1195848,18531,2
1196110,13176,1
1196110,36011,2
1196110,11777,3
1196110,8277,4
1196559,38739,1
1196559,43295,2
1196559,28985,3
1196559,39275,4
1196559,21903,5
1196559,25659,6
1196559,46667,7
1196569,49235,1
1196569,46061,2
1196569,13176,3
1196569,13575,4
1196569,38928,5
1196720,25890,1
1196720,46505,2
1196720,42342,3
1196720,37011,4
1196880,24852,1
1196880,47766,2
1197371,5646,1
1197371,6873,2
1197371,30850,3
1197798,43352,1
1197798,21288,2
1197798,20940,3
1198128,14715,1
1198128,2966,2
1198468,9839,1
1198468,24184,2
1198468,31717,3
1199988,24852,1
1199988,43076,2
1199988,21903,3
1200275,47209,1
1200275,19048,2
1200275,27966,3
1200275,21137,4
1201075,13032,1
1201075,42265,2
1201075,21288,3
1201075,13176,4
1201092,21903,1
1201092,8048,2
1201092,21292,3
1201092,19691,4
1201092,31651,5
1201092,27845,6
1202012,30827,1
1202012,43352,2
1202655,196,1
1202655,30591,2
1202723,17461,1
1202723,43262,2
1202723,26209,3
1202723,17794,4
1202919,37646,1
1202919,20947,2
1202919,24852,3
1202919,581,4
1202919,5618,5
1202919,47766,6
1202919,8736,7
1202919,32433,8
1202919,40706,9
1203204,13755,1
1203204,23909,2
1203204,28577,3
1203830,9741,1
1203830,4920,2
1203830,20114,3
1203830,14218,4
1203830,26604,5
1204026,27885,1
1204026,881,2
1204026,47626,3
1204026,47672,4
1204026,1217,5
1204026,40992,6
1204057,40939,1
1204057,19660,2
1204057,196,3
1204057,26348,4
1204487,28204,1
1204487,43504,2
1204487,1158,3
1204487,42450,4
1204487,47766,5
1204487,5883,6
1204886,19057,1
1204886,47042,2
1204886,44471,3
1204886,33290,4
1205716,38293,1
1205716,34243,2
1205716,8193,3
1205716,28204,4
1205716,22935,5
1205716,34969,6
1205716,33768,7
1205716,47626,8
1205716,22963,9
1205716,47209,10
1205716,5077,11
1205716,46979,12
1205717,432,1
1205717,47766,2
1205717,47626,3
1205936,2536,1
1205936,38371,2
1206217,24964,1
1206217,39475,2
1206217,47156,3
1206310,15261,1
1206310,5025,2
1206554,35503,1
1206554,35547,2
1206554,1710,3
1206554,4799,4
1206554,31506,5
1207166,1463,1
1207166,43295,2
1207658,32650,1
1207658,28031,2
1207658,22950,3
1207658,10255,4
1207658,13838,5
1207658,18963,6
1207892,43295,1
1207892,10749,2
1207892,22935,3
1207892,45007,4
1208426,18610,1
1208426,41220,2
1208426,37067,3
1208426,48745,4
1208426,46979,5
1208426,39040,6
1208634,13176,1
1208634,39275,2
1208719,21903,1
1208719,27323,2
1208719,13176,3
1208719,19660,4
1208719,17794,5
1208719,25146,6
1208876,44632,1
1208876,36011,2
1208876,5785,3
1208876,44375,4
1208876,4138,5
1208876,49533,6
1208876,26620,7
1208876,20119,8
1209196,21292,1
1209196,8048,2
1209196,8571,3
1209472,47626,1
1209472,43295,2
1209472,21709,3
1209523,36127,1
1209523,24964,2
1209523,47626,3
1209523,18465,4
1209523,37011,5
1209523,25659,6
1209523,27243,7
1209523,24852,8
1209523,47209,9
1209730,44632,1
1209730,49520,2
1209730,17191,3
1209730,32403,4
1209730,6046,5
1210419,40545,1
1210419,3957,2
1211157,32403,1
1211157,22802,2
1211157,37710,3
1211187,890,1
1211187,43744,2
1211187,12341,3
1211187,16797,4
1211187,16953,5
1211369,46149,1
1211369,48142,2
1211579,2361,1
1211579,27744,2
1212675,196,1
1212675,40939,2
1213312,24852,1
1213312,24024,2
1213312,26209,3
1213312,5450,4
1213312,44632,5
1213312,43961,6
1213312,26604,7
1213312,26177,8
1213312,21903,9
1213312,35547,10
1213312,40706,11
1213312,46979,12
1213312,13629,13
1213525,432,1
1213525,30639,2
1214216,5769,1
1214216,35561,2
1214216,13176,3
1214216,21195,4
1214317,13176,1
1214317,5161,2
1215771,10957,1
1215771,42240,2
1215771,47877,3
1215814,32455,1
1215814,46061,2
1215814,31759,3
1215814,20940,4
1216099,16797,1
1216099,39275,2
1216232,37067,1
1216232,37220,2
1216232,21903,3
1216232,33043,4
1216232,3896,5
1216232,16797,6
1216232,17600,7
1216232,21616,8
1216257,14233,1
1216257,33198,2
1216257,29926,3
1216289,14992,1
1216289,21405,2
1216521,13176,1
1216521,49683,2
1216521,3873,3
1216521,37552,4
1216521,16290,5
1216521,21137,6
1216521,39275,7
1216521,19057,8
1216521,43352,9
1217055,36534,1
1217055,37710,2
1217055,500,3
1217155,47766,1
1217155,29926,2
1217155,49683,3
1217155,21903,4
1217155,8424,5
1217155,28985,6
1217155,24852,7
1217155,27845,8
1217155,27104,9
1217937,37646,1
1217937,43295,2
1217937,21543,3
1218030,40310,1
1218030,2086,2
1218030,5876,3
1218030,7014,4
1218352,19660,1
1218352,4812,2
1218352,24852,3
1218352,26790,4
1218352,20082,5
1218352,25890,6
1218352,4920,7
1218372,21616,1
1218372,47626,2
1218372,4562,3
1218372,24964,4
1218372,15937,5
1218372,42768,6
1218372,18963,7
1218372,31506,8
1218388,21386,1
1218388,5258,2
1218497,13984,1
1218497,24964,2
1218497,47626,3
1218497,33731,4
1218497,29987,5
1218497,10960,6
1218497,41570,7
1218497,10243,8
1218497,45200,9
1218497,26209,10
1218497,21137,11
1218497,35939,12
1218497,31717,13
1219057,8277,1
1219057,47209,2
1219486,36011,1
1219486,37646,2
1219486,31915,3
1220187,21903,1
1220187,5479,2
1220187,27845,3
1220187,44987,4
1220187,42736,5
1220868,38768,1
1220868,9020,2
1221286,35561,1
1221286,32478,2
1221286,13535,3
1221695,19057,1
1221695,13176,2
1221695,37220,3
1221695,36735,4
1221695,17652,5
1221695,39275,6
1222027,7175,1
1222027,36216,2
1222027,11440,3
1222027,45223,4
1222027,41658,5
1222027,28373,6
1222094,5994,1
1222094,27323,2
1222094,40332,3
1222137,42736,1
1222137,15261,2
1222137,42625,3
1222137,28842,4
1222137,49683,5
1222137,4605,6
1222137,40706,7
1222137,26209,8
1222137,44683,9
1222137,38739,10
1222137,34969,11
1222422,19348,1
1222422,44632,2
1222422,35221,3
1222422,20842,4
1222422,17461,5
1222422,9839,6
1222422,45007,7
1222422,16349,8
1223032,24852,1
1223032,38383,2
1223187,2966,1
1223187,24852,2
1223296,22963,1
1223296,21137,2
1223296,40706,3
1223296,18362,4
1223432,22825,1
1223432,18027,2
1223432,13176,3
1223432,18465,4
1223432,37646,5
1223618,24759,1
1223618,13245,2
1223618,14788,3
1224055,47766,1
1224055,24838,2
1224480,39657,1
1224480,40199,2
1224544,41787,1
1224544,24852,2
1224544,36086,3
1224544,30696,4
1224814,24184,1
1224814,40604,2
1224814,8615,3
1224814,32864,4
1224814,47209,5
1224814,40706,6
1224843,30827,1
1224843,6184,2
1224843,12341,3
1225138,4210,1
1225138,19677,2
1225138,27959,3
1225273,21616,1
1225273,34126,2
1225273,21137,3
1225273,37646,4
1225273,10749,5
1225484,31759,1
1225484,20955,2
1226963,31759,1
1226963,32455,2
1226963,16953,3
1226963,40939,4
1227195,35898,1
1227195,3957,2
1227273,42585,1
1227273,17652,2
1227273,20995,3
1227273,35951,4
1227273,14947,5
1227273,22035,6
1227273,21137,7
1227273,6297,8
1227532,34969,1
1227532,4605,2
1227847,13259,1
1227847,38928,2
1228041,17924,1
1228041,29363,2
1228041,38300,3
1228213,4605,1
1228213,12980,2
1228213,13870,3
1228213,4086,4
1228213,19678,5
1228213,20345,6
1228510,33120,1
1228510,47766,2
1228510,12409,3
1228563,48679,1
1228563,12206,2
1228563,47766,3
1228563,20995,4
1228563,13629,5
1228637,37496,1
1228637,21137,2
1228781,5646,1
1228781,27885,2
1228781,7014,3
1228960,22362,1
1228960,14419,2
1229547,18531,1
1229547,19660,2
1229547,40199,3
1229998,16797,1
1229998,21288,2
1229998,8571,3
1229998,8048,4
1229998,27796,5
1230198,22935,1
1230198,46667,2
1230198,42585,3
1230198,27845,4
1230246,21288,1
1230246,43352,2
1230246,16797,3
1230246,21903,4
1230246,13176,5
1230296,47626,1
1230296,47209,2
1230296,14218,3
1230296,21903,4
1230296,46979,5
1230296,27966,6
1230296,24184,7
1230296,13852,8
1230296,39190,9
1230296,43295,10
1230296,31506,11
1230296,40706,12
1230296,21938,13
1230296,31927,14
1230296,30391,15
1230296,44359,16
1230296,40593,17
1230296,22849,18
1230296,9092,19
1230296,25659,20
1230603,21292,1
1230603,9020,2
1231190,48697,1
1231190,48812,2
1232341,42768,1
1232341,26283,2
1232341,24852,3
1232341,47766,4
1232341,20574,5
1232341,30489,6
1232356,5212,1
1232356,48395,2
1232554,36127,1
1232554,47734,2
1232880,4920,1
1232880,1700,2
1232880,41844,3
1232880,27845,4
1232923,23909,1
1232923,22395,2
1233629,46149,1
1233629,196,2
1233629,43154,3
1233629,37317,4
1234102,27156,1
1234102,21137,2
1234102,19057,3
1234102,5652,4
1234102,38383,5
1234102,35887,6
1234102,329,7
1234676,5322,1
1234676,45066,2
1234676,1463,3
1234676,11068,4
1234676,44560,5
1234676,13113,6
1234676,24852,7
1234676,38777,8
1234989,26165,1
1234989,19660,2
1235184,38689,1
1235184,27845,2
1235881,13646,1
1235881,43961,2
1235881,46906,3
1236599,33198,1
1236599,13176,2
1236878,19678,1
1236878,25890,2
1236878,26940,3
1236940,13176,1
1236940,21386,2
1236940,19660,3
1237028,38928,1
1237028,32689,2
1237028,12341,3
1237527,47766,1
1237527,21137,2
1237527,37646,3
1237527,20114,4
1238199,3957,1
1238199,21614,2
1238501,39619,1
1238501,13535,2
1239006,1463,1
1239006,19678,2
1239006,22935,3
1239006,48745,4
1239006,5373,5
1239009,46676,1
1239009,32465,2
1239009,23543,3
1239009,17794,4
1239009,47766,5
1239009,25043,6
1239009,1511,7
1239009,23594,8
1239009,40706,9
1239298,14992,1
1239298,18656,2
1239298,47626,3
1239298,21137,4
1240033,32655,1
1240033,37220,2
1240033,8424,3
1240674,47209,1
1240674,30489,2
1240674,41950,3
1240674,31717,4
1240674,5876,5
1240674,21903,6
1240674,31215,7
1240674,8021,8
1240674,43295,9
1240674,47156,10
1240956,21292,1
1240956,27845,2
1240956,13176,3
1240956,6184,4
1240956,39408,5
1240956,39275,6
1240956,21137,7
1241028,19660,1
1241028,22802,2
1241028,17122,3
1241135,26209,1
1241135,35939,2
1241135,21903,3
1241135,43789,4
1241135,28289,5
1241135,39558,6
1241389,24964,1
1241389,47766,2
1241389,39812,3
1241389,13176,4
1241389,22935,5
1241783,7503,1
1241783,7969,2
1241792,8087,1
1241792,30450,2
1241792,44661,3
1241792,14332,4
1241859,31964,1
1241859,39947,2
1241859,12576,3
1241859,45747,4
1241859,44632,5
1241859,49191,6
1242036,30391,1
1242036,7559,2
1242036,36994,3
1242036,24852,4
1242036,18465,5
1242036,48679,6
1242399,35221,1
1242399,14947,2
1242399,44632,3
1242399,21709,4
1242927,16797,1
1242927,21137,2
1242927,47209,3
1242927,15937,4
1242927,21903,5
1242927,15872,6
1242927,38777,7
1242927,4920,8
1244028,43352,1
1244028,13176,2
1244036,20842,1
1244036,17758,2
1244129,8518,1
1244129,24852,2
1244129,39275,3
1244264,18023,1
1244264,23288,2
1244329,39409,1
1244329,8518,2
1244329,28842,3
1244329,13535,4
1244329,21616,5
1244569,3376,1
1244569,45007,2
1244569,47912,3
1245192,11520,1
1245192,43122,2
1245192,24838,3
1245192,21137,4
1245217,13966,1
1245217,13424,2
1245244,6184,1
1245244,41400,2
1245959,6184,1
1245959,40939,2
1246286,39275,1
1246286,13176,2
1246286,8277,3
1246286,42265,4
1246469,44987,1
1246469,17862,2
1246826,14218,1
1246826,5876,2
1246826,40706,3
1246826,4562,4
1246826,27881,5
1246826,40516,6
1246826,22395,7
1246826,34243,8
1246826,21405,9
1246826,14084,10
1247000,12341,1
1247000,43352,2
1247000,18023,3
1247065,44910,1
1247065,44422,2
1247065,43789,3
1247065,21137,4
1247082,33768,1
1247082,8571,2
1247082,21137,3
1247082,43352,4
1247082,21288,5
1247082,13176,6
1247082,32689,7
1247263,4149,1
1247263,1957,2
1247458,28985,1
1247458,13176,2
1247852,27323,1
1247852,31422,2
1248129,13176,1
1248129,46676,2
1248129,37646,3
1248129,22825,4
1248174,21572,1
1248174,13042,2
1248174,21288,3
1248174,9020,4
1248174,40199,5
1248174,890,6
1248304,8859,1
1248304,9358,2
1248304,38300,3
1248304,46129,4
1248304,48812,5
1249074,21137,1
1249074,30827,2
1249658,16797,1
1249658,21288,2
1250152,29987,1
1250152,42736,2
1250152,33731,3
1250152,39180,4
1250368,24838,1
1250368,43295,2
1250368,49235,3
1250368,47280,4
1250989,5161,1
1250989,37710,2
1251198,29487,1
1251198,32433,2
1251198,23341,3
1251198,24852,4
1251198,24184,5
1251235,28985,1
1251235,20114,2
1251887,28204,1
1251887,24852,2
1251887,27966,3
1251887,46906,4
1251887,39928,5
1251887,41787,6
1251887,10305,7
1252275,24852,1
1252275,3896,2
1252385,16797,1
1252385,42265,2
1252385,40706,3
1252385,24852,4
1253382,44632,1
1253382,35221,2
1253382,33198,3
1253382,35948,4
1253382,24759,5
1253527,24964,1
1253527,13176,2
1253527,16797,3
1253527,20842,4
1253527,22935,5
1254290,13245,1
1254290,1194,2
1254290,14233,3
1254290,10957,4
1254290,8475,5
1254290,12916,6
1254727,35951,1
1254727,13176,2
1254727,10326,3
1254740,22035,1
1254740,22124,2
1254740,4957,3
1254740,44765,4
1254740,7781,5
1254901,13176,1
1254901,14419,2
1254974,33198,1
1254974,42504,2
1254974,32156,3
1254974,33671,4
1254974,26209,5
1255109,23543,1
1255109,36735,2
1255109,42736,3
1255109,12492,4
1255109,39468,5
1255820,14233,1
1255820,1957,2
1255820,43352,3
1255820,13176,4
1255820,8571,5
1255820,37687,6
1255820,6184,7
1255926,10070,1
1255926,13176,2
1255926,2966,3
1255926,5794,4
1255926,33198,5
1256312,35221,1
1256312,26620,2
1256312,49191,3
1256312,12576,4
1256312,41682,5
1256312,21709,6
1256312,49520,7
1256406,12312,1
1256406,13629,2
1256406,8174,3
1256406,47766,4
1256435,34126,1
1256435,39812,2
1256435,36695,3
1256435,13984,4
1256435,16759,5
1256435,47630,6
1256464,13176,1
1256464,37317,2
1257197,33000,1
1257197,12341,2
1257214,1939,1
1257214,32650,2
1257641,24852,1
1257641,49235,2
1257641,34448,3
1257641,20767,4
1257641,36865,5
1257641,28465,6
1257641,8309,7
1257719,12341,1
1257719,48697,2
1257719,46473,3
1257719,39275,4
1257768,43352,1
1257768,26604,2
1257857,27845,1
1257857,38689,2
1258186,5876,1
1258186,24852,2
1258186,46676,3
1258186,21137,4
1258186,46979,5
1258461,13176,1
1258461,13575,2
1258461,6184,3
1258461,17122,4
1258461,38928,5
1258461,196,6
1258461,46061,7
1258859,5212,1
1258859,24184,2
1258859,11440,3
1258859,4957,4
1258859,33754,5
1258911,49481,1
1258911,18019,2
1258911,26283,3
1259022,21709,1
1259022,47626,2
1259022,21616,3
1259022,9327,4
1259022,24964,5
1259346,4920,1
1259346,37766,2
1259346,8277,3
1259346,45013,4
1259346,24852,5
1259346,43295,6
1260243,40706,1
1260243,22959,2
1260243,40571,3
1260243,33787,4
1260243,18362,5
1260243,41844,6
1260243,32655,7
1260243,28199,8
1260243,13176,9
1260243,28553,10
1260501,32478,1
1260501,16797,2
1260800,16083,1
1260800,24852,2
1260800,37524,3
1260800,45066,4
1260800,49683,5
1260800,47766,6
1260800,45007,7
1260800,13870,8
1261122,21903,1
1261122,21616,2
1261605,48812,1
1261605,4920,2
1261899,24964,1
1261899,15261,2
1261899,43961,3
1262671,23288,1
1262671,13575,2
1262671,3298,3
1263516,30776,1
1263516,32740,2
1263783,26165,1
1263783,14947,2
1263783,35221,3
1264573,37710,1
1264573,3298,2
1264573,45051,3
1264573,21572,4
1265025,21137,1
1265025,47766,2
1265025,27966,3
1265025,29447,4
1265025,26940,5
1265025,24852,6
1265025,37646,7
1265025,39275,8
1265704,43154,1
1265704,5161,2
1265831,38689,1
1265831,42265,2
1265831,24184,3
1265831,31040,4
1265831,25890,5
1265831,42736,6
1265831,27086,7
1265831,11182,8
1265831,43352,9
1265831,40706,10
1265831,37646,11
1265831,47766,12
1265831,32579,13
1265831,35217,14
1265831,28785,15
1265831,47626,16
1266281,47766,1
1266281,21137,2
1266281,24184,3
1266281,4605,4
1266281,28842,5
1266281,43352,6
1266281,34969,7
1266281,23288,8
1266281,45066,9
1266405,20082,1
1266405,26209,2
1266405,35336,3
1266463,26604,1
1266463,41065,2
1266463,21903,3
1266463,38273,4
1266463,34969,5
1266463,24759,6
1266463,26209,7
1266463,47626,8
1266463,22963,9
1266626,8518,1
1266626,21903,2
1266626,46979,3
1266626,39275,4
1266626,21137,5
1266626,8277,6
1266626,18027,7
1266626,8424,8
1266626,30391,9
1266626,44683,10
1266626,28842,11
1266626,5450,12
1266692,27845,1
1266692,21137,2
1266692,6187,3
1267286,12276,1
1267286,26283,2
1267286,21137,3
1267358,23236,1
1267358,47626,2
1267420,25890,1
1267420,46667,2
1267420,24964,3
1267420,26369,4
1267420,27845,5
1267420,28476,6
1267420,13176,7
1267420,31717,8
1267420,21903,9
1267420,28289,10
1267420,22395,11
1267420,27966,12
1267420,39275,13
1267945,16589,1
1267945,5161,2
1267945,33198,3
1267945,37496,4
1268445,20738,1
1268445,42828,2
1268445,38739,3
1268445,11520,4
1268445,13176,5
1268445,7010,6
1268445,20995,7
1268574,1194,1
1268574,33198,2
1269001,24852,1
1269001,39408,2
1269001,4920,3
1269178,27730,1
1269178,44487,2
1269636,13176,1
1269636,45603,2
1269636,30489,3
1269636,39877,4
1269636,13984,5
1269636,24841,6
1269636,43122,7
1269636,27966,8
1269636,8518,9
1269636,30391,10
1269920,32478,1
1269920,21903,2
1269920,44449,3
1270312,32747,1
1270312,27086,2
1270312,33129,3
1270670,28289,1
1270670,40706,2
1270670,27966,3
1270670,7751,4
1270670,44910,5
1270775,6184,1
1270775,8571,2
1270775,19660,3
1271559,1957,1
1271559,11759,2
1271575,12572,1
1271575,3957,2
1271575,13245,3
1271575,33754,4
1271575,37524,5
1271575,41950,6
1271795,30450,1
1271795,19660,2
1271795,8859,3
1271848,14233,1
1271848,32463,2
1273038,13249,1
1273038,27086,2
1273241,23375,1
1273241,24852,2
1273767,16797,1
1273767,4920,2
1273767,26604,3
1273767,39275,4
1273767,41787,5
1273767,46676,6
1273767,46906,7
1275188,27086,1
1275188,5785,2
1275188,1463,3
1275188,24838,4
1275417,4210,1
1275417,8204,2
1275433,35921,1
1275433,20345,2
1276113,8048,1
1276113,37687,2
1276113,30827,3
1276113,15872,4
1276113,21195,5
1276348,42244,1
1276348,25718,2
1276348,30489,3
1276348,16759,4
1276348,27966,5
1276348,4605,6
1277663,33129,1
1277663,33065,2
1277663,15290,3
1277663,47766,4
1277919,18465,1
1277919,47626,2
1277919,47766,3
1277919,12980,4
1277919,38383,5
1277919,16797,6
1277924,16696,1
1277924,10957,2
1278136,9387,1
1278136,43713,2
1278136,26369,3
1278136,16349,4
1278662,5258,1
1278662,38768,2
1278737,13176,1
1278737,16797,2
1278737,45,3
1278737,45066,4
1278737,41658,5
1278741,13176,1
1278741,47626,2
1278741,24964,3
1278741,4605,4
1278741,26209,5
1278741,34126,6
1278741,28842,7
1278741,20114,8
1278741,31553,9
1278741,5479,10
1278741,47209,11
1278741,260,12
1278741,26604,13
1278741,28204,14
1278741,21137,15
1278741,9825,16
1278741,2966,17
1278741,28985,18
1278795,4149,1
1278795,21903,2
1280141,47209,1
1280141,29307,2
1280141,5876,3
1280141,45007,4
1280141,45535,5
1280309,31651,1
1280309,16797,2
1280319,38456,1
1280319,21137,2
1280319,27966,3
1280626,49235,1
1280626,37710,2
1280626,10326,3
1280626,5161,4
1280917,11266,1
1280917,38928,2
1281080,47766,1
1281080,21903,2
1281080,24852,3
1281080,47144,4
1281080,14084,5
1281080,18963,6
1281080,22993,7
1281230,8518,1
1281230,41950,2
1281230,47209,3
1281230,10749,4
1281230,13819,5
1281230,35221,6
1281573,11520,1
1281573,47672,2
1281573,31717,3
1281573,24009,4
1281573,18656,5
1281573,10246,6
1281949,13176,1
1281949,12341,2
1282021,38689,1
1282021,20995,2
1282225,19731,1
1282225,812,2
1282225,25630,3
1282225,17224,4
1282225,6069,5
1283352,4210,1
1283352,32655,2
1283352,43961,3
1283352,3952,4
1283352,13176,5
1283598,34126,1
1283598,30233,2
1283994,16696,1
1283994,10957,2
1283994,41406,3
1283994,39921,4
1284119,35336,1
1284119,23288,2
1284119,21137,3
1284119,46562,4
1284147,6184,1
1284147,17122,2
1284147,43352,3
1284147,27323,4
1284147,8571,5
1284147,33768,6
1285701,49198,1
1285701,47877,2
1285701,45622,3
1285701,25844,4
1286070,34688,1
1286070,16797,2
1286070,1158,3
1286070,21267,4
1286184,41950,1
1286184,16797,2
1286184,39275,3
1286184,34335,4
1287297,48812,1
1287297,42803,2
1287297,9358,3
1287297,1957,4
1287297,13259,5
1287898,26348,1
1287898,46061,2
1287898,41400,3
1287937,5258,1
1287937,8048,2
1288279,43154,1
1288279,11759,2
1289228,43352,1
1289228,5258,2
1289250,42265,1
1289250,39877,2
1289250,45104,3
1289250,46676,4
1290273,27451,1
1290273,28785,2
1291199,35163,1
1291199,40878,2
1291654,4792,1
1291654,35336,2
1291654,33846,3
1291654,31338,4
1292028,35951,1
1292028,3957,2
1292028,8277,3
1292028,35547,4
1292028,47209,5
1292028,25659,6
1292028,20734,7
1292028,39475,8
1292589,40396,1
1292589,5322,2
1292589,44632,3
1292589,40063,4
1292925,11140,1
1292925,28985,2
1292925,6182,3
1293484,12916,1
1293484,43154,2
1293537,20119,1
1293537,44632,2
1293537,27086,3
1293537,36011,4
1293537,45066,5
1293537,13176,6
1293537,11777,7
1293537,28199,8
1293537,14947,9
1293537,24838,10
1293759,27275,1
1293759,31964,2
1293759,12576,3
1293759,2717,4
1293759,27985,5
1293806,35221,1
1293806,23650,2
1293936,47209,1
1293936,21903,2
1293972,8736,1
1293972,5077,2
1294036,24852,1
1294036,9076,2
1294036,47766,3
1294036,47626,4
1294036,46654,5
1294036,5646,6
1294599,18811,1
1294599,40723,2
1294599,29987,3
1294599,3298,4
1294599,30391,5
1294599,32655,6
1294599,22825,7
1294599,10070,8
1294599,45007,9
1294599,48745,10
1294599,39332,11
1294714,13176,1
1294714,43352,2
1294714,33768,3
1294714,8571,4
1294875,24852,1
1294875,21295,2
1295958,30233,1
1295958,46906,2
1295985,32433,1
1295985,10246,2
1296299,33198,1
1296299,33120,2
1296299,39928,3
1296299,16965,4
1297461,43961,1
1297461,9839,2
1297461,14858,3
1297461,21019,4
1297461,45645,5
1297461,28535,6
1297479,34358,1
1297479,38739,2
1297479,27845,3
1297479,45007,4
1297479,4461,5
1297570,17530,1
1297570,29926,2
1297570,26317,3
1297570,27104,4
1298635,26165,1
1298635,2361,2
1298657,24852,1
1298657,20876,2
1298657,7485,3
1298657,36076,4
1298657,8277,5
1298657,46906,6
1298657,2966,7
1299096,24852,1
1299096,9387,2
1299096,5077,3
1299096,33651,4
1299109,38689,1
1299109,19019,2
1299109,2450,3
1299109,47766,4
1299109,30391,5
1299109,8424,6
1299109,38293,7
1299109,2091,8
1299109,22474,9
1299109,16083,10
1299109,33754,11
1299109,40571,12
1299109,27156,13
1299109,9598,14
1299109,9076,15
1299109,21903,16
1299109,35221,17
1300410,39581,1
1300410,19660,2
1300410,4724,3
1300410,38768,4
1300410,13966,5
1300662,17316,1
1300662,22035,2
1300855,16797,1
1300855,38159,2
1300855,45007,3
1300855,13176,4
1301179,21616,1
1301179,5876,2
1302116,38689,1
1302116,27325,2
1302116,24184,3
1302116,27156,4
1302186,12341,1
1302186,20940,2
1302418,13176,1
1302418,43352,2
1302949,13176,1
1302949,15200,2
1302949,9839,3
1303012,25952,1
1303012,24382,2
1303644,8174,1
1303644,5876,2
1303644,21709,3
1303644,10070,4
1303753,24852,1
1303753,1158,2
1303753,26620,3
1303753,27966,4
1304040,47626,1
1304040,10246,2
1304040,27104,3
1304040,48745,4
1304040,43352,5
1304040,11777,6
1304040,47766,7
1304040,29987,8
1304040,23400,9
1304040,36695,10
1304040,11520,11
1304308,22993,1
1304308,13176,2
1304308,28204,3
1304448,196,1
1304448,46149,2
1304448,37710,3
1304448,19660,4
1304448,22802,5
1304448,46061,6
1304802,43154,1
1304802,18023,2
1304802,40742,3
1305122,14901,1
1305122,27086,2
1305122,10070,3
1305122,47766,4
1305502,32689,1
1305502,23737,2
1305502,9366,3
1305502,23543,4
1305502,20114,5
1305502,44142,6
1305502,18880,7
1305502,40706,8
1305723,30591,1
1305723,46149,2
1305723,196,3
1305723,31102,4
1305890,21137,1
1305890,21903,2
1305890,47209,3
1305890,13176,4
1305890,45646,5
1305890,18465,6
1306511,44632,1
1306511,1463,2
1306511,32655,3
1306511,24852,4
1306511,43086,5
1306511,34262,6
1306511,40545,7
1306511,8021,8
1306511,43961,9
1306511,10749,10
1306904,46061,1
1306904,39275,2
1307646,26604,1
1307646,11777,2
1307646,46616,3
1307927,6184,1
1307927,32403,2
1307927,13176,3
1307960,21903,1
1307960,28373,2
1307960,46676,3
1308176,7898,1
1308176,26209,2
1308539,5818,1
1308539,24852,2
1308586,40174,1
1308586,17872,2
1308663,47144,1
1308663,24852,2
1308663,49235,3
1308663,47626,4
1308663,13829,5
1308663,47209,6
1308663,19348,7
1308663,5612,8
1309217,2295,1
1309217,5025,2
1309217,20842,3
1309217,1244,4
1309217,17794,5
1309649,11123,1
1309649,31231,2
1309686,13575,1
1309686,42265,2
1309686,13424,3
1309686,4724,4
1310195,45007,1
1310195,2078,2
1310379,6184,1
1310379,13176,2
1311516,35951,1
1311516,18564,2
1311516,17949,3
1311516,41273,4
1311516,18926,5
1311516,46906,6
1311516,45007,7
1311516,4605,8
1311516,13829,9
1311516,33120,10
1311516,18027,11
1311744,42625,1
1311744,38293,2
1311744,28842,3
1311744,17794,4
1311744,25890,5
1311744,8193,6
1311744,39812,7
1311744,19019,8
1311841,25931,1
1311841,47209,2
1311841,35898,3
1311841,26209,4
1311841,890,5
1311841,31717,6
1311841,24852,7
1311841,4799,8
1311841,40706,9
1311841,40604,10
1311841,34448,11
1312076,24852,1
1312076,43295,2
1312261,20940,1
1312261,21292,2
1312261,8571,3
1312261,13176,4
1312261,39408,5
1312340,37710,1
1312340,31651,2
1312340,13575,3
1312340,32303,4
1312340,42265,5
1312684,432,1
1312684,24830,2
1312684,6873,3
1312684,38739,4
1312684,28204,5
1312684,24852,6
1312684,37276,7
1312941,8859,1
1312941,46149,2
1312941,5258,3
1313205,21903,1
1313205,8571,2
1313205,42265,3
1313977,7948,1
1313977,21903,2
1314494,3298,1
1314494,42701,2
1314870,19488,1
1314870,7948,2
1314912,11140,1
1314912,12572,2
1314912,13198,3
1314912,42736,4
1314912,22935,5
1315230,18465,1
1315230,37766,2
1315230,5450,3
1315230,27966,4
1315230,8518,5
1315230,41273,6
1315565,47626,1
1315565,28849,2
1315565,13517,3
1315565,21405,4
1315767,196,1
1315767,13176,2
1315767,32478,3
1315767,6184,4
1315767,31759,5
1316000,16797,1
1316000,8174,2
1316576,8518,1
1316576,45007,2
1316576,17794,3
1316576,47209,4
1316576,5876,5
1316576,37971,6
1316718,24009,1
1316718,13870,2
1316718,35221,3
1316718,24852,4
1316718,13646,5
1317203,8571,1
1317203,5068,2
1317203,21903,3
1317203,43352,4
1317203,21137,5
1317203,9839,6
1317203,10326,7
1317664,43352,1
1317664,17122,2
1317664,4724,3
1317664,39275,4
1317779,48559,1
1317779,1158,2
1318116,13176,1
1318116,24838,2
1320220,36051,1
1320220,5258,2
1320653,35561,1
1320653,21573,2
1321265,38739,1
1321265,19048,2
1321265,6046,3
1321265,21903,4
1321265,14084,5
1321265,42265,6
1321265,38400,7
1321265,21288,8
1321265,16797,9
1321538,46061,1
1321538,21137,2
1321538,13176,3
1321545,37646,1
1321545,31717,2
1321545,24852,3
1321948,1896,1
1321948,5194,2
1321948,19478,3
1321948,44661,4
1322296,4920,1
1322296,5047,2
1322296,500,3
1322394,47977,1
1322394,12919,2
1322394,43739,3
1322394,18610,4
1322394,1940,5
1322960,38689,1
1322960,27845,2
1323396,21195,1
1323396,20955,2
1323865,47209,1
1323865,13176,2
1323865,28985,3
1323865,39275,4
1323865,22935,5
1323865,39877,6
1323865,37646,7
1323945,26209,1
1323945,17794,2
1324188,46088,1
1324188,20345,2
1324285,32691,1
1324285,13245,2
1324984,11520,1
1324984,13629,2
1324984,42803,3
1324984,21903,4
1324984,26940,5
1324984,11136,6
1325616,19660,1
1325616,204,2
1325616,49113,3
1325616,48628,4
1325616,3957,5
1325873,5258,1
1325873,38300,2
1325873,196,3
1326170,38768,1
1326170,39275,2
1326170,48812,3
1326562,24489,1
1326562,37642,2
1326562,17956,3
1326562,47626,4
1326857,25890,1
1326857,8518,2
1326857,15613,3
1326857,13733,4
1326857,41165,5
1326952,21903,1
1326952,23645,2
1326952,19478,3
1326952,16083,4
1326952,21137,5
1326952,18370,6
1327139,13292,1
1327139,45007,2
1327139,10749,3
1327139,27845,4
1327139,42342,5
1327139,42265,6
1327139,27695,7
1327139,47792,8
1327309,49610,1
1327309,20842,2
1327309,4658,3
1327309,23543,4
1327309,46802,5
1327354,40377,1
1327354,19660,2
1327354,49383,3
1327354,45603,4
1327354,18918,5
1327354,20734,6
1327354,43789,7
1327354,21295,8
1327354,23178,9
1327911,49235,1
1327911,38273,2
1327911,13176,3
1327911,18523,4
1327911,26604,5
1328099,38689,1
1328099,42736,2
1328099,34358,3
1328099,49383,4
1328099,26209,5
1328155,4367,1
1328155,5785,2
1328155,24852,3
1328563,43295,1
1328563,47626,2
1328563,27086,3
1328563,36550,4
1328563,8479,5
1328563,28553,6
1330204,19660,1
1330204,196,2
1330204,26348,3
1330269,2537,1
1330269,5077,2
1330269,39040,3
1330269,47626,4
1330269,5240,5
1330728,47766,1
1330728,13176,2
1330728,21903,3
1330728,19057,4
1330728,42244,5
1330728,17461,6
1330728,29127,7
1330728,43192,8
1331071,19660,1
1331071,33198,2
1331708,49383,1
1331708,49683,2
1331708,46802,3
1332126,9366,1
1332126,23375,2
1332126,4799,3
1332126,43789,4
1332414,38768,1
1332414,49235,2
1332414,13176,3
1332414,6184,4
1332604,4724,1
1332604,13176,2
1332604,46061,3
1332604,35561,4
1333306,24852,1
1333306,21137,2
1333753,432,1
1333753,4942,2
1333827,12409,1
1333827,39275,2
1333827,24852,3
1333827,37158,4
1334241,35633,1
1334241,31981,2
1334241,27344,3
1334424,27966,1
1334424,47626,2
1334424,13176,3
1334424,36127,4
1334424,21137,5
1334431,27344,1
1334431,8479,2
1334784,45066,1
1334784,21709,2
1334784,14947,3
1334784,17191,4
1334784,35221,5
1334784,20119,6
1334784,44632,7
1334784,31964,8
1334784,35989,9
1334972,43154,1
1334972,3298,2
1335485,40199,1
1335485,4210,2
1335485,27086,3
1336400,28842,1
1336400,18987,2
1336400,34969,3
1337102,13176,1
1337102,4920,2
1337102,8277,3
1337102,42265,4
1337102,14233,5
1337215,21903,1
1337215,49075,2
1337920,38383,1
1337920,22395,2
1337920,45646,3
1337920,21903,4
1338952,39928,1
1338952,42768,2
1339585,46149,1
1339585,196,2
1339585,35898,3
1339585,46061,4
1339585,26348,5
1339618,13198,1
1339618,25890,2
1339618,13176,3
1339618,5212,4
1339618,47209,5
1339618,39877,6
1339618,11440,7
1339618,20345,8
1339618,33198,9
1339618,3957,10
1339618,13431,11
1339699,15937,1
1339699,44632,2
1339699,19488,3
1339699,33198,4
1339767,48205,1
1339767,13176,2
1339827,25138,1
1339827,27959,2
1339827,25466,3
1339871,33754,1
1339871,13176,2
1339871,22935,3
1339871,34969,4
1339871,49683,5
1339982,196,1
1339982,19660,2
1339982,46149,3
1340021,40199,1
1340021,13914,2
1340021,26348,3
1340496,41950,1
1340496,6873,2
1340580,13176,1
1340580,21137,2
1340580,5068,3
1340580,38768,4
1340580,8048,5
1340580,33000,6
1340580,43352,7
1340580,46129,8
1340580,13914,9
1340580,9839,10
1340580,37710,11
1340580,10326,12
1340939,21195,1
1340939,38300,2
1340939,31066,3
1341185,8277,1
1341185,13176,2
1341185,38557,3
1341270,13176,1
1341270,11266,2
1341865,13176,1
1341865,21903,2
1341865,11712,3
1341865,43961,4
1341865,30776,5
1341865,32177,6
1341865,5450,7
1341865,38159,8
1342161,35221,1
1342161,39475,2
1342161,25824,3
1342161,21709,4
1342161,35887,5
1342298,49075,1
1342298,4605,2
1342298,9020,3
1342298,4472,4
1342298,3376,5
1342852,24852,1
1342852,47759,2
1344167,42585,1
1344167,26369,2
1344167,26209,3
1344167,22935,4
1344167,30391,5
1344167,27104,6
1344167,42768,7
1344167,44359,8
1345623,7559,1
1345623,11182,2
1345623,6104,3
1346262,5876,1
1346262,41220,2
1346262,9092,3
1346262,47209,4
1346262,27104,5
1346324,28204,1
1346324,24852,2
1346324,31981,3
1347634,26620,1
1347634,44632,2
1347634,49191,3
1347634,40749,4
1347634,49235,5
1347634,35221,6
1347634,47144,7
1347899,27845,1
1347899,11520,2
1348332,22802,1
1348332,12341,2
1348332,8859,3
1348332,6184,4
1348332,13176,5
1349153,46667,1
1349153,47626,2
1349153,22260,3
1349393,13176,1
1349393,3298,2
1349393,46562,3
1349885,4210,1
1349885,39275,2
1349885,21137,3
1349885,3007,4
1349976,6287,1
1349976,43352,2
1349976,19019,3
1349976,18594,4
1350285,2078,1
1350285,42585,2
1350285,15290,3
1350384,26209,1
1350384,42736,2
1350384,24830,3
1350384,9366,4
1350384,890,5
1350384,21903,6
1350384,14197,7
1350384,16290,8
1350384,18465,9
1350384,32478,10
1350746,20084,1
1350746,14766,2
1350746,21903,3
1350856,38689,1
1350856,49520,2
1350856,9839,3
1350892,46676,1
1350892,45007,2
1351257,47766,1
1351257,45066,2
1351257,13292,3
1351335,45104,1
1351335,9076,2
1351335,1158,3
1351335,43352,4
1351335,21543,5
1351864,196,1
1351864,38768,2
1351864,8048,3
1351864,43352,4
1351864,21137,5
1351864,21292,6
1351864,21288,7
1351864,30720,8
1351864,8571,9
1351864,21903,10
1352423,44632,1
1352423,22556,2
1352423,35221,3
1352423,17191,4
1352423,21709,5
1352677,24852,1
1352677,19678,2
1352677,30233,3
1352677,27104,4
1352677,21405,5
1352677,34126,6
1352677,39984,7
1353684,21137,1
1353684,2825,2
1354112,49235,1
1354112,1940,2
1354329,32553,1
1354329,35951,2
1354329,27086,3
1354329,24852,4
1354329,47766,5
1354329,28199,6
1354329,28204,7
1354329,48988,8
1354329,35221,9
1354329,26620,10
1354329,20119,11
1354400,12341,1
1354400,6184,2
1354400,7131,3
1354400,16797,4
1354400,13259,5
1354400,13575,6
1354400,43352,7
1354814,49520,1
1354814,11123,2
1355150,39275,1
1355150,43352,2
1355150,21137,3
1355641,13575,1
1355641,13176,2
1356928,43154,1
1356928,6184,2
1357382,13517,1
1357382,47144,2
1358065,16797,1
1358065,19019,2
1358547,20738,1
1358547,4210,2
1358775,24838,1
1358775,47144,2
1358775,49235,3
1358775,10957,4
1358775,21709,5
1358775,35221,6
1358775,33198,7
1358848,13176,1
1358848,37710,2
1359285,5194,1
1359285,24850,2
1359285,21083,3
1360235,21288,1
1360235,1957,2
1360235,6184,3
1361089,47626,1
1361089,26209,2
1361089,10749,3
1361089,34969,4
1361089,21903,5
1361089,49683,6
1361089,46802,7
1361089,35951,8
1361089,1158,9
1361089,42736,10
1361165,12576,1
1361165,39947,2
1361303,33000,1
1361303,12341,2
1361397,12341,1
1361397,13176,2
1361397,19057,3
1361397,5450,4
1361397,21405,5
1361397,21903,6
1361397,40706,7
1361397,38557,8
1361397,21616,9
1361397,22935,10
1361397,5785,11
1361397,34358,12
1361397,26369,13
1361397,36550,14
1361397,38164,15
1361920,5479,1
1361920,8736,2
1361920,8518,3
1361920,30290,4
1361969,24852,1
1361969,49235,2
1361969,27730,3
1362367,32403,1
1362367,12341,2
1362367,13176,3
1362367,13575,4
1362367,37687,5
1362369,16797,1
1362369,34466,2
1362931,12099,1
1362931,1194,2
1362931,35914,3
1362948,24852,1
1362948,37646,2
1362948,33055,3
1362986,196,1
1362986,2855,2
1362986,9755,3
1363007,14462,1
1363007,1999,2
1363007,24852,3
1363007,5785,4
1363007,24009,5
1363007,47209,6
1363739,26317,1
1363739,14233,2
1363775,5876,1
1363775,43789,2
1363775,22935,3
1363775,2581,4
1363775,39275,5
1363775,2825,6
1363775,11440,7
1363775,23375,8
1364605,12341,1
1364605,6184,2
1364766,20940,1
1364766,21137,2
1364792,43789,1
1364792,45007,2
1364792,27086,3
1365247,37710,1
1365247,43154,2
1365247,18023,3
1365722,4149,1
1365722,21137,2
1365729,25146,1
1365729,32156,2
1365729,26209,3
1365729,33671,4
1365729,28836,5
1365943,18362,1
1365943,27845,2
1365943,49235,3
1365943,44632,4
1365943,20119,5
1365943,30489,6
1365943,21019,7
1365943,7485,8
1365943,37067,9
1365943,28204,10
1365943,28199,11
1365943,27966,12
1365943,35221,13
1365943,26620,14
1366012,22935,1
1366012,39928,2
1366012,10385,3
1366012,46667,4
1366012,44359,5
1366012,47042,6
1366012,26369,7
1366308,196,1
1366308,13575,2
1366308,6184,3
1366308,37710,4
1366848,33120,1
1366848,49111,2
1366848,28934,3
1366848,24852,4
1366848,9076,5
1366848,46802,6
1366848,8174,7
1367116,41950,1
1367116,4138,2
1367116,33198,3
1367116,46667,4
1367116,21903,5
1367116,40706,6
1367116,30391,7
1367116,37011,8
1367116,47766,9
1368176,36216,1
1368176,27966,2
1368176,44359,3
1368176,43961,4
1368176,8193,5
1368176,21938,6
1368892,49235,1
1368892,27117,2
1369103,22935,1
1369103,2966,2
1369103,35951,3
1369103,46802,4
1369119,33810,1
1369119,40706,2
1369119,24838,3
1369705,33198,1
1369705,8859,2
1370327,42240,1
1370327,27629,2
1370327,32650,3
1371197,21386,1
1371197,13176,2
1371197,26209,3
1371197,36070,4
1371197,41844,5
1371208,26369,1
1371208,24830,2
1372134,4920,1
1372134,24852,2
1372134,38689,3
1372409,44632,1
1372409,20119,2
1372409,35221,3
1372409,24838,4
1372409,13176,5
1372409,27845,6
1372476,3957,1
1372476,40377,2
1372476,27086,3
1372627,14084,1
1372627,39275,2
1372627,21903,3
1373146,12919,1
1373146,36316,2
1373146,31964,3
1373146,1831,4
1373534,5258,1
1373534,33671,2
1373724,46149,1
1373724,196,2
1373724,31102,3
1373913,13176,1
1373913,27845,2
1373913,26369,3
1373913,37646,4
1373913,16349,5
1373913,22825,6
1374506,33198,1
1374506,33754,2
1374506,33787,3
1374506,24852,4
1374506,7131,5
1374535,46820,1
1374535,49683,2
1374535,24852,3
1374747,27845,1
1374747,23288,2
1374747,21195,3
1375080,260,1
1375080,35503,2
1375080,43713,3
1375080,41665,4
1375080,18656,5
1375080,27104,6
1375080,21903,7
1375080,22922,8
1375593,29447,1
1375593,19660,2
1375593,10070,3
1375651,8021,1
1375651,49520,2
1375651,44632,3
1376003,44632,1
1376003,12576,2
1376003,31964,3
1376003,2717,4
1376003,39947,5
1376003,30353,6
1376003,36316,7
1376384,8193,1
1376384,30406,2
1376384,5025,3
1376384,21137,4
1376384,45007,5
1376384,32578,6
1376384,34358,7
1376384,42736,8
1376435,24852,1
1376435,35221,2
1376485,6184,1
1376485,45051,2
1376485,41400,3
1376790,26165,1
1376790,3957,2
1376790,36036,3
1377012,37067,1
1377012,46667,2
1377012,27966,3
1377012,21137,4
1377124,46886,1
1377124,24852,2
1377124,31215,3
1377124,26165,4
1377124,29487,5
1377787,41950,1
1377787,5876,2
1377787,47766,3
1377787,13431,4
1377787,28553,5
1377787,21137,6
1377787,31506,7
1377787,45002,8
1377787,4461,9
1377787,46667,10
1377787,17461,11
1377787,21903,12
1377787,4605,13
1377787,31717,14
1377787,44359,15
1377881,5258,1
1377881,38300,2
1378018,28204,1
1378018,41787,2
1378018,24852,3
1378018,47141,4
1378018,39332,5
1378018,19488,6
1378505,27845,1
1378505,47766,2
1378595,5456,1
1378595,18811,2
1378782,33401,1
1378782,31927,2
1378782,31343,3
1378782,46979,4
1378782,21903,5
1378782,13176,6
1378782,46906,7
1378782,4605,8
1378782,18465,9
1378782,44683,10
1379411,31717,1
1379411,28985,2
1379411,35951,3
1379411,26209,4
1379411,34126,5
1379411,44422,6
1379411,39877,7
1379411,21903,8
1379411,27966,9
1379500,42139,1
1379500,24363,2
1379500,12980,3
1379500,44142,4
1379851,49191,1
1379851,14947,2
1379851,20119,3
1379851,10960,4
1379851,28985,5
1380759,30406,1
1380759,5068,2
1380759,21137,3
1380860,196,1
1380860,26348,2
1380860,37710,3
1380860,6184,4
1381523,196,1
1381523,13914,2
1381603,37067,1
1381603,19677,2
1381603,36865,3
1381603,28465,4
1381603,36724,5
1381677,23650,1
1381677,1194,2
1381677,7175,3
1381677,27966,4
1381677,43352,5
1381677,8174,6
1381677,25890,7
1381677,35547,8
1381677,39558,9
1381677,19348,10
1381677,40706,11
1381677,16185,12
1381732,30489,1
1381732,1158,2
1381732,17794,3
1381732,41220,4
1381732,43961,5
1381732,43154,6
1381946,14419,1
1381946,32403,2
1381946,13176,3
1382956,21709,1
1382956,46485,2
1382956,7350,3
1382956,30489,4
1382956,43961,5
1382956,32303,6
1383080,21137,1
1383080,39275,2
1383080,43352,3
1383405,24852,1
1383405,38656,2
1383405,28204,3
1383405,22825,4
1383405,8174,5
1383432,42803,1
1383432,21137,2
1383432,13176,3
1383432,42265,4
1383816,24184,1
1383816,34358,2
1383816,47626,3
1383816,12320,4
1384829,43961,1
1384829,45066,2
1384829,24852,3
1384829,16290,4
1385466,33754,1
1385466,33787,2
1385466,34969,3
1385466,37524,4
1385466,38656,5
1385466,47626,6
1385466,28934,7
1385637,44359,1
1385637,48559,2
1385637,49383,3
1385637,46667,4
1385637,18479,5
1385637,890,6
1385637,20114,7
1385983,13176,1
1385983,21903,2
1385983,12341,3
1385983,14161,4
1385983,21292,5
1385983,6184,6
1385983,32303,7
1385983,10326,8
1386601,196,1
1386601,46149,2
1386877,38689,1
1386877,21137,2
1386877,26604,3
1386877,19057,4
1386925,47626,1
1386925,28535,2
1386925,43961,3
1386925,21405,4
1386925,43086,5
1386925,23909,6
1386925,13176,7
1386925,28156,8
1386925,27966,9
1386925,36550,10
1386925,27104,11
1386925,10749,12
1387522,29662,1
1387522,23165,2
1387522,16759,3
1387522,27744,4
1388181,30720,1
1388181,4920,2
1388181,43352,3
1388181,16797,4
1388181,21903,5
1389075,26165,1
1389075,37067,2
1389075,47766,3
1389075,17948,4
1389075,17568,5
1389075,1158,6
1389075,37687,7
1389075,21903,8
1389204,8424,1
1389204,44683,2
1389204,5618,3
1389204,18891,4
1389204,12576,5
1390087,33352,1
1390087,20794,2
1390087,20947,3
1390087,30776,4
1390087,6287,5
1390087,30639,6
1390087,19894,7
1390087,13176,8
1390094,1463,1
1390094,47209,2
1390094,5785,3
1391187,196,1
1391187,47931,2
1391215,7963,1
1391215,43504,2
1391232,18389,1
1391232,8309,2
1391232,42736,3
1391232,19660,4
1391424,20940,1
1391424,40939,2
1391839,9839,1
1391839,21137,2
1392349,11543,1
1392349,25072,2
1392349,3599,3
1392349,31766,4
1392349,34448,5
1392658,41400,1
1392658,35951,2
1392658,15680,3
1392658,22362,4
1392658,40199,5
1392825,13176,1
1392825,40198,2
1393493,48142,1
1393493,1957,2
1393493,40939,3
1393964,13176,1
1393964,19348,2
1393964,21137,3
1394230,41276,1
1394230,32478,2
1394956,45603,1
1394956,40604,2
1394956,42265,3
1394956,14633,4
1394956,46979,5
1394956,24852,6
1394956,47626,7
1394956,34,8
1394956,39190,9
1394956,8138,10
1395361,4210,1
1395361,5450,2
1395361,17948,3
1395361,11777,4
1396716,33768,1
1396716,20955,2
1397113,31506,1
1397113,21903,2
1397113,42625,3
1397783,10017,1
1397783,49683,2
1397783,39993,3
1397783,46979,4
1397783,44683,5
1397783,47766,6
1397783,39275,7
1398600,41400,1
1398600,3298,2
1398626,47626,1
1398626,10017,2
1398794,47766,1
1398794,29987,2
1398794,48094,3
1398794,24964,4
1398794,27845,5
1398794,45007,6
1398794,34969,7
1399245,13176,1
1399245,16797,2
1399245,43352,3
1399380,24852,1
1399380,5450,2
1399557,27652,1
1399557,38444,2
1399557,24759,3
1399557,42731,4
1399899,19660,1
1399899,25588,2
1399964,25466,1
1399964,38777,2
1399964,46820,3
1400591,22952,1
1400591,24382,2
1400756,49235,1
1400756,32747,2
1400756,13176,3
1400756,6348,4
1400756,8309,5
1400756,36865,6
1400756,46906,7
1400942,23801,1
1400942,24009,2
1400942,27156,3
1400942,34034,4
1400942,24852,5
1400942,29487,6
1400942,44643,7
1400942,47626,8
1401092,13176,1
1401092,18023,2
1401092,22802,3
1401092,43154,4
1401092,37710,5
1402331,24852,1
1402331,38689,2
1402331,44910,3
1402331,19508,4
1402331,46260,5
1402595,39180,1
1402595,8424,2
1402595,21903,3
1402814,30489,1
1402814,16185,2
1402823,35561,1
1402823,21195,2
1403058,17461,1
1403058,34969,2
1403058,45066,3
1403467,16965,1
1403467,35951,2
1403467,33120,3
1403467,3274,4
1403467,20738,5
1403467,44422,6
1403467,2450,7
1403467,2238,8
1404196,43744,1
1404196,41400,2
1404226,38768,1
1404226,19660,2
1405100,27845,1
1405100,13292,2
1405100,29270,3
1405100,8309,4
1405100,28465,5
1405100,43409,6
1405149,31215,1
1405149,40198,2
1405149,31683,3
1405180,29447,1
1405180,32655,2
1405180,26209,3
1406058,47766,1
1406058,26209,2
1406058,14947,3
1406124,13176,1
1406124,19691,2
1406124,16797,3
1406124,43352,4
1406124,21903,5
1406124,21195,6
1406124,46802,7
1406124,15680,8
1406124,26348,9
1406589,27344,1
1406589,23291,2
1406589,49383,3
1406589,35842,4
1406589,16521,5
1406811,7485,1
1406811,31040,2
1406811,24852,3
1406830,25146,1
1406830,32303,2
1406966,43352,1
1406966,4942,2
1406966,24489,3
1407600,33000,1
1407600,31102,2
1407600,27796,3
1407600,39275,4
1407829,4799,1
1407829,1891,2
1407829,24009,3
1407829,19019,4
1407829,35221,5
1407829,35004,6
1407829,13212,7
1407829,23537,8
1407829,45066,9
1407829,42139,10
1407829,14218,11
1408715,27845,1
1408715,10385,2
1408715,8518,3
1408781,22922,1
1408781,27845,2
1408781,13176,3
1408781,29307,4
1408781,21543,5
1409210,40199,1
1409210,45051,2
1409256,196,1
1409256,46129,2
1409256,46061,3
1409256,40199,4
1409688,47626,1
1409688,47912,2
1409688,21137,3
1409688,27966,4
1410079,13176,1
1410079,21267,2
1410079,47209,3
1410079,27344,4
1410079,28199,5
1410079,40706,6
1410079,39928,7
1410079,43086,8
1410079,38456,9
1411524,10326,1
1411524,4149,2
1411524,8048,3
1412012,16145,1
1412012,12341,2
1412012,47042,3
1412012,39190,4
1412012,13083,5
1412012,30827,6
1412012,24964,7
1412012,26604,8
1412429,46149,1
1412429,11759,2
1412621,18465,1
1412621,27966,2
1412621,36036,3
1412621,5077,4
1412621,8277,5
1412621,43961,6
1412621,13176,7
1412621,21137,8
1413724,43352,1
1413724,37971,2
1414416,7969,1
1414416,47626,2
1414593,13176,1
1414593,40377,2
1414593,30233,3
1414678,37687,1
1414678,14536,2
1414678,20738,3
1414678,45954,4
1414821,24009,1
1414821,24810,2
1414821,30450,3
1414821,22825,4
1414821,37646,5
1414821,43662,6
1414821,31717,7
1414821,5876,8
1414821,26209,9
1414821,21903,10
1414821,10312,11
1414911,28842,1
1414911,8518,2
1414911,35939,3
1414911,41220,4
1414911,2450,5
1415367,21137,1
1415367,6184,2
1415367,8571,3
1415575,11520,1
1415575,11182,2
1415785,14233,1
1415785,2086,2
1416373,1940,1
1416373,27845,2
1416373,49235,3
1416863,196,1
1416863,22802,2
1416863,43352,3
1416933,17122,1
1416933,39877,2
1417062,13176,1
1417062,4462,2
1417062,30391,3
1417062,40706,4
1417062,40604,5
1417155,16797,1
1417155,43352,2
1417155,39947,3
1417155,45747,4
1417155,30353,5
1418082,44632,1
1418082,13176,2
1418082,45747,3
1419058,4210,1
1419058,8424,2
1419058,4086,3
1419058,26209,4
1419058,32689,5
1419058,25931,6
1419058,40706,7
1419058,43352,8
1419330,42585,1
1419330,24184,2
1419330,27086,3
1419449,44142,1
1419449,26209,2
1419481,41276,1
1419481,43631,2
1419490,21903,1
1419490,26209,2
1419490,24852,3
1419490,47209,4
1419490,23622,5
1419490,5240,6
1419490,44632,7
1419490,21616,8
1419490,30489,9
1419490,42265,10
1419490,3952,11
1419802,44632,1
1419802,17191,2
1419802,21709,3
1419802,49191,4
1419802,22556,5
1419802,2966,6
1420148,18918,1
1420148,33120,2
1420148,35140,3
1420148,28156,4
1420148,21137,5
1420148,31915,6
1420148,31506,7
1420448,35108,1
1420448,4210,2
1420448,45007,3
1420448,22935,4
1420448,10132,5
1420448,12576,6
1420448,39947,7
1420478,21616,1
1420478,34126,2
1420478,40706,3
1420478,26209,4
1420478,21903,5
1420478,49683,6
1420478,8518,7
1420478,45007,8
1420478,22935,9
1420478,5876,10
1421380,42803,1
1421380,43154,2
1421380,12916,3
1421380,15680,4
1422098,47479,1
1422098,19468,2
1422098,6873,3
1422227,18523,1
1422227,16797,2
1422227,41787,3
1422227,39408,4
1422227,28199,5
1422227,8174,6
1422227,4605,7
1422227,46692,8
1422227,34448,9
1422227,32689,10
1422291,13249,1
1422291,49235,2
1422697,30406,1
1422697,30169,2
1422697,38400,3
1423377,38928,1
1423377,37687,2
1423377,16797,3
1423377,32403,4
1423739,13176,1
1423739,8859,2
1423739,5876,3
1423755,39275,1
1423755,27966,2
1423755,43961,3
1423755,30489,4
1423755,16290,5
1423755,8615,6
1423755,14766,7
1423755,13176,8
1423906,46088,1
1423906,22275,2
1425044,19660,1
1425044,40939,2
1425136,32455,1
1425136,21572,2
1425136,40199,3
1425160,21137,1
1425160,13176,2
1425160,29447,3
1425776,39275,1
1425776,43352,2
1425776,21288,3
1425994,21137,1
1425994,46149,2
1425994,26405,3
1425994,38768,4
1426073,8859,1
1426073,5612,2
1426073,49111,3
1426073,1891,4
1426073,22504,5
1426073,23579,6
1426470,48205,1
1426470,48171,2
1426470,34358,3
1426830,36011,1
1426830,24852,2
1426830,46906,3
1426830,47626,4
1426830,5450,5
1426830,34969,6
1427221,18465,1
1427221,32177,2
1427221,7131,3
1427316,6184,1
1427316,32478,2
1427499,47626,1
1427499,24852,2
1427499,19057,3
1427499,13166,4
1427499,5077,5
1427780,24852,1
1427780,43352,2
1427780,16797,3
1427780,28204,4
1427780,39275,5
1427796,21137,1
1427796,24852,2
1427796,41844,3
1428213,40939,1
1428213,41400,2
1428213,6184,3
1428463,23288,1
1428463,196,2
1429181,40063,1
1429181,28476,2
1429737,24964,1
1429737,34126,2
1429737,5876,3
1430085,16387,1
1430085,3583,2
1430085,8021,3
1430085,2086,4
1430085,6287,5
1430085,45603,6
1430203,13176,1
1430203,1463,2
1430203,23288,3
1430203,36550,4
1430203,21137,5
1430203,19678,6
1430296,22935,1
1430296,24964,2
1430296,35939,3
1430296,21938,4
1430296,5450,5
1430296,30233,6
1430444,32303,1
1430444,37687,2
1430986,45066,1
1430986,28985,2
1430986,49520,3
1430986,37766,4
1431162,30489,1
1431162,13646,2
1431162,7485,3
1431162,21376,4
1431162,17568,5
1431855,45066,1
1431855,15613,2
1432817,21292,1
1432817,8571,2
1432817,12341,3
1432817,21137,4
1433261,26369,1
1433261,26604,2
1433261,14332,3
1433261,18288,4
1433438,13032,1
1433438,39275,2
1434141,47141,1
1434141,31808,2
1434601,21267,1
1434601,24852,2
1434601,18656,3
1434601,35163,4
1434601,34969,5
1434601,20574,6
1434601,15392,7
1435049,37710,1
1435049,13176,2
1435049,6184,3
1435742,21903,1
1435742,47626,2
1435742,17872,3
1435742,24852,4
1435742,6287,5
1435939,43352,1
1435939,500,2
1436324,3957,1
1436324,47626,2
1436324,27966,3
1436324,45066,4
1436958,30391,1
1436958,48745,2
1437387,35561,1
1437387,13535,2
1437387,19691,3
1437541,46709,1
1437541,37687,2
1437541,41065,3
1437541,47209,4
1437541,13176,5
1437541,34243,6
1437613,30489,1
1437613,27845,2
1437613,24852,3
1437613,7412,4
1437613,31506,5
1437613,24489,6
1437613,17948,7
1437613,15290,8
1437613,46676,9
1437613,38400,10
1437990,44632,1
1437990,2717,2
1438033,24852,1
1438033,27845,2
1439338,3896,1
1439338,24852,2
1439338,48679,3
1439608,27845,1
1439608,7948,2
1439608,24852,3
1439608,35503,4
1440244,34243,1
1440244,29307,2
1440451,44683,1
1440451,8193,2
1440451,21405,3
1440451,5876,4
1440459,32303,1
1440459,38928,2
1440459,16797,3
1440722,8021,1
1440722,33352,2
1440722,47626,3
1441398,10326,1
1441398,21903,2
1441398,16797,3
1441398,4149,4
1441398,6184,5
1441585,19660,1
1441585,18963,2
1442049,17316,1
1442049,18523,2
1442236,38777,1
1442236,21616,2
1442302,27845,1
1442302,13176,2
1442777,13176,1
1442777,41950,2
1443167,13176,1
1443167,13646,2
1443167,6104,3
1443167,13166,4
1443374,48679,1
1443374,24852,2
1443374,48523,3
1443792,16759,1
1443792,30290,2
1443792,5876,3
1443792,22935,4
1443792,34658,5
1443792,48679,6
1444743,21288,1
1444743,16797,2
1444743,43352,3
1444743,14161,4
1444763,26620,1
1444763,6348,2
1445137,35561,1
1445137,13535,2
1445137,21292,3
1445647,23405,1
1445647,27325,2
1445647,43295,3
1445747,44632,1
1445747,3952,2
1445747,16349,3
1445747,17794,4
1445747,43961,5
1445747,4605,6
1445747,5876,7
1445747,34358,8
1445747,39812,9
1445747,35221,10
1445747,39877,11
1445757,20114,1
1445757,46616,2
1446440,16290,1
1446440,8615,2
1446897,6631,1
1446897,3389,2
1446897,47357,3
1446897,7644,4
1446897,7600,5
1446923,27086,1
1446923,24852,2
1446923,1463,3
1446923,5646,4
1447363,43713,1
1447363,30489,2
1447363,46584,3
1447363,33120,4
1447363,24184,5
1447509,13176,1
1447509,30827,2
1447509,8571,3
1447509,16797,4
1447509,8048,5
1447705,26209,1
1447705,30391,2
1447705,44359,3
1447705,28985,4
1447705,34126,5
1447705,47626,6
1447954,27104,1
1447954,21137,2
1447954,7781,3
1447954,5460,4
1447954,13740,5
1447954,13166,6
1447954,24964,7
1447954,16616,8
1448149,33198,1
1448149,3873,2
1448149,2966,3
1448331,432,1
1448331,40545,2
1448331,49191,3
1448331,2228,4
1448331,38164,5
1448356,22802,1
1448356,890,2
1448434,12341,1
1448434,38768,2
1448434,47788,3
1448434,18023,4
1448434,37687,5
1448434,21195,6
1448523,9358,1
1448523,46129,2
1448523,16797,3
1448652,3298,1
1448652,46149,2
1448727,44910,1
1448727,651,2
1449630,42356,1
1449630,21616,2
1449630,651,3
1450072,22802,1
1450072,38928,2
1450072,196,3
1450072,14715,4
1450401,42585,1
1450401,21903,2
1450401,40229,3
1450401,34243,4
1450401,24489,5
1450823,46979,1
1450823,45646,2
1450823,37011,3
1452198,14419,1
1452198,31759,2
1452314,47209,1
1452314,24852,2
1452314,43295,3
1452314,42585,4
1452314,36735,5
1452357,30233,1
1452357,19057,2
1452357,13176,3
1452622,35951,1
1452622,7948,2
1452622,15392,3
1452622,26604,4
1452622,13984,5
1452622,10644,6
1452622,36695,7
1452622,43961,8
1452622,44359,9
1452622,8021,10
1452622,2350,11
1452705,22802,1
1452705,21137,2
1453091,35973,1
1453091,24964,2
1453091,34126,3
1453091,39993,4
1453091,14197,5
1453091,16083,6
1453091,8424,7
1453091,49683,8
1453091,17706,9
1453091,12312,10
1453106,42265,1
1453106,34126,2
1453819,24852,1
1453819,22959,2
1453819,35140,3
1453819,49683,4
1454118,28993,1
1454118,30391,2
1454118,38739,3
1454167,21137,1
1454167,37646,2
1454167,7175,3
1454565,8424,1
1454565,32433,2
1454565,44910,3
1454565,11068,4
1454565,22849,5
1454565,5818,6
1454565,1999,7
1454565,41165,8
1454565,49683,9
1454565,33055,10
1454565,8670,11
1454565,48094,12
1454834,47626,1
1454834,5450,2
1454834,28985,3
1454834,38456,4
1454834,43352,5
1454834,47144,6
1454834,13176,7
1454834,21938,8
1454834,21903,9
1454834,24184,10
1454834,9387,11
1455364,46061,1
1455364,38300,2
1455441,5479,1
1455441,21903,2
1455441,16797,3
1455441,40396,4
1455441,18200,5
1455985,21137,1
1455985,8859,2
1455985,39275,3
1456421,31717,1
1456421,34126,2
1456421,24184,3
1456421,47766,4
1456421,49075,5
1456421,32689,6
1456421,11408,7
1456421,4605,8
1456421,35939,9
1456421,21616,10
1456421,25890,11
1457018,44008,1
1457018,27966,2
1457018,27845,3
1457402,41220,1
1457402,24852,2
1457402,8193,3
1457402,38400,4
1457402,28849,5
1457402,45535,6
1457402,35887,7
1457402,11068,8
1457402,28204,9
1457581,35547,1
1457581,29307,2
1457581,24799,3
1457581,8518,4
1457629,20119,1
1457629,49520,2
1457629,2086,3
1457950,11759,1
1457950,35561,2
1457950,6184,3
1458116,20955,1
1458116,5068,2
1458315,46061,1
1458315,41400,2
1458390,28849,1
1458390,42265,2
1458390,30391,3
1458390,6873,4
1458390,49235,5
1458455,196,1
1458455,40939,2
1458455,45051,3
1458455,37710,4
1458455,41400,5
1458640,44632,1
1458640,21709,2
1458640,4461,3
1459429,5258,1
1459429,37317,2
1459429,21903,3
1459923,39275,1
1459923,21137,2
1459923,10326,3
1459923,27845,4
1459934,23410,1
1459934,47144,2
1459958,14947,1
1459958,1511,2
1459958,31683,3
1459958,47766,4
1459958,44628,5
1460237,30720,1
1460237,16759,2
1461827,42803,1
1461827,8571,2
1461875,19660,1
1461875,14233,2
1461875,13259,3
1461992,32650,1
1461992,49355,2
1462562,31717,1
1462562,48745,2
1462562,24964,3
1462562,47626,4
1462562,34126,5
1462562,26209,6
1462699,26604,1
1462699,30233,2
1462699,2086,3
1462699,43662,4
1462801,13032,1
1462801,13042,2
1463042,35561,1
1463042,8048,2
1463042,30827,3
1463296,49075,1
1463296,34448,2
1463296,18479,3
1463296,15261,4
1463296,21903,5
1463296,41570,6
1463296,42768,7
1463296,20549,8
1463296,33731,9
1463359,43154,1
1463359,40939,2
1464125,38288,1
1464125,29987,2
1464125,20082,3
1464125,19678,4
1464202,31759,1
1464202,34551,2
1464327,5876,1
1464327,4920,2
1464327,41950,3
1464327,24838,4
1464327,33198,5
1464327,27966,6
1464553,20955,1
1464553,5077,2
1464553,34050,3
1464553,24852,4
1464591,26405,1
1464591,26317,2
1464591,40939,3
1464973,9047,1
1464973,23405,2
1464973,21903,3
1464973,40706,4
1464973,47209,5
1464973,28289,6
1464973,5876,7
1464973,13176,8
1464973,21137,9
1464973,5646,10
1464973,35140,11
1464973,43961,12
1465658,15200,1
1465658,21137,2
1465658,39275,3
1465658,42768,4
1465658,13176,5
1465658,10326,6
1466094,34358,1
1466094,40604,2
1466094,47626,3
1466094,24852,4
1466094,35547,5
1466094,14197,6
1466094,42557,7
1466094,24838,8
1466894,33787,1
1466894,26620,2
1466894,47626,3
1466894,44570,4
1466894,45007,5
1466894,34358,6
1466894,4605,7
1466894,21903,8
1466894,42625,9
1466894,16145,10
1466894,16185,11
1466949,16797,1
1466949,10326,2
1466949,13176,3
1466949,4724,4
1467152,19125,1
1467152,12440,2
1467152,34551,3
1467152,18479,4
1467152,14129,5
1467152,47626,6
1467152,11182,7
1467152,8277,8
1468652,43154,1
1468652,33493,2
1469178,32689,1
1469178,47766,2
1469178,13176,3
1469178,16797,4
1469301,39657,1
1469301,31651,2
1469301,41400,3
1469301,40199,4
1469301,38928,5
1469301,22802,6
1469301,196,7
1469311,32403,1
1469311,43352,2
1469366,21938,1
1469366,19678,2
1469366,8518,3
1469366,41950,4
1469366,6104,5
1469366,21137,6
1469366,4656,7
1469366,1891,8
1470933,33198,1
1470933,6184,2
1470933,22802,3
1470933,41276,4
1470933,196,5
1470933,13176,6
1471048,7021,1
1471048,7746,2
1471048,12916,3
1471048,41165,4
1471222,39275,1
1471222,27845,2
1471427,10017,1
1471427,45066,2
1471427,11408,3
1471427,22260,4
1471427,12341,5
1471427,10305,6
1471660,45190,1
1471660,33754,2
1471660,26165,3
1471832,16797,1
1471832,39275,2
1471832,21903,3
1471832,7131,4
1473020,13176,1
1473020,8571,2
1473020,42265,3
1473020,4724,4
1473020,16797,5
1473072,196,1
1473072,43154,2
1473072,39657,3
1473072,3298,4
1473072,6184,5
1473598,21903,1
1473598,28156,2
1473598,45104,3
1473598,24852,4
1474764,42265,1
1474764,3298,2
1474970,24852,1
1474970,44560,2
1474970,25197,3
1474970,28204,4
1474970,38689,5
1474970,21137,6
1474970,5212,7
1474970,5450,8
1474970,4605,9
1474970,30391,10
1474970,8518,11
1474970,48679,12
1474970,21903,13
1474970,42557,14
1474970,45002,15
1475831,2086,1
1475831,49113,2
1477440,24852,1
1477440,18382,2
1477440,12916,3
1477440,10753,4
1477440,39190,5
1477534,27104,1
1477534,34126,2
1477534,40706,3
1477534,30233,4
1477534,14127,5
1477534,19048,6
1477534,21405,7
1477534,21616,8
1477534,47209,9
1477534,28985,10
1477534,44359,11
1478005,44987,1
1478005,26209,2
1478005,25305,3
1478005,33198,4
1478005,329,5
1478005,21137,6
1478005,17872,7
1478005,31506,8
1478090,18441,1
1478090,1463,2
1478090,37067,3
1478090,37687,4
1478090,10385,5
1478090,23622,6
1478090,38739,7
1478405,46676,1
1478405,18362,2
1478405,30391,3
1478405,30233,4
1478831,29447,1
1478831,25890,2
1478831,7948,3
1478831,5876,4
1479409,6184,1
1479409,13176,2
1479409,4920,3
1479409,37766,4
1479409,39275,5
1479409,26604,6
1479559,196,1
1479559,16797,2
1479975,24852,1
1479975,35782,2
1480535,13176,1
1480535,5785,2
1480535,25931,3
1480535,43122,4
1480535,19057,5
1480535,8174,6
1480751,24830,1
1480751,19678,2
1480751,47209,3
1480751,10246,4
1480930,40939,1
1480930,19660,2
1480935,30489,1
1480935,23650,2
1481143,8277,1
1481143,2452,2
1481143,48395,3
1481143,35628,4
1481143,21137,5
1481143,13083,6
1481143,28373,7
1481761,6948,1
1481761,24489,2
1481761,36082,3
1482878,1957,1
1482878,19660,2
1482878,196,3
1482878,38768,4
1482878,39922,5
1482972,14947,1
1482972,8424,2
1482972,11777,3
1482972,24852,4
1482972,46906,5
1482972,47209,6
1482972,37687,7
1482972,43772,8
1482972,36865,9
1482972,47626,10
1482972,21137,11
1482972,8309,12
1482972,32429,13
1482972,8021,14
1483112,8174,1
1483112,13176,2
1483112,37065,3
1483112,42342,4
1483112,37464,5
1483451,42719,1
1483451,26165,2
1483699,43262,1
1483699,44449,2
1483699,3376,3
1483699,47209,4
1483699,13176,5
1483699,17600,6
1483699,18880,7
1483699,5876,8
1483787,4724,1
1483787,20738,2
1483787,21137,3
1484002,196,1
1484002,46149,2
1484002,19660,3
1484124,15613,1
1484124,37646,2
1484124,49235,3
1484124,20738,4
1484124,37029,5
1484543,3873,1
1484543,30391,2
1484543,27325,3
1484750,1511,1
1484750,15261,2
1484750,1999,3
1484750,651,4
1484750,21903,5
1484750,29675,6
1484750,46667,7
1484750,47759,8
1485119,44292,1
1485119,21137,2
1485259,21903,1
1485259,6873,2
1485259,27104,3
1485259,43772,4
1485259,40992,5
1485259,21267,6
1485259,24852,7
1485259,42445,8
1485939,8048,1
1485939,35336,2
1486585,47626,1
1486585,34243,2
1486585,5652,3
1487000,16797,1
1487000,11182,2
1487000,34126,3
1487000,32303,4
1487000,14992,5
1487172,8277,1
1487172,24799,2
1487172,8309,3
1487172,13176,4
1487172,8174,5
1488184,11461,1
1488184,21333,2
1488184,46979,3
1488269,20580,1
1488269,49683,2
1488269,22035,3
1488269,21137,4
1488269,43961,5
1488627,5258,1
1488627,14947,2
1488727,46149,1
1488727,37710,2
1488788,21292,1
1488788,44683,2
1488788,39408,3
1489397,33647,1
1489397,23594,2
1489397,46676,3
1489397,18465,4
1489397,11440,5
1489397,27966,6
1489397,39275,7
1489397,2450,8
1489446,38928,1
1489446,6184,2
1490358,30391,1
1490358,31927,2
1490358,35628,3
1490358,11352,4
1490358,18288,5
1490358,39928,6
1490358,37067,7
1490358,42803,8
1490589,43154,1
1490589,46149,2
1490589,196,3
1490775,34243,1
1490775,21903,2
1490775,28842,3
1490775,44359,4
1490775,22142,5
1490775,32433,6
1490775,2078,7
1490775,30391,8
1490775,27104,9
1490775,24009,10
1490775,47734,11
1491976,15200,1
1491976,5068,2
1492770,19691,1
1492770,4920,2
1492770,16797,3
1492770,6184,4
1493611,13176,1
1493611,21137,2
1493697,17122,1
1493697,19660,2
1495148,35628,1
1495148,21137,2
1495148,27966,3
1495335,38768,1
1495335,9358,2
1496133,25466,1
1496133,39877,2
1496133,46654,3
1496133,36205,4
1496873,28199,1
1496873,42828,2
1496873,13176,3
1497069,34243,1
1497069,329,2
1497069,13176,3
1497069,39190,4
1497697,35221,1
1497697,21709,2
1497697,14947,3
1497697,45747,4
1497808,34050,1
1497808,32740,2
1497808,24838,3
1498493,19660,1
1498493,47209,2
1498493,11520,3
1498656,24852,1
1498656,24184,2
1498656,38273,3
1498656,26384,4
1498656,42736,5
1498656,11440,6
1499604,29370,1
1499604,18465,2
1499604,12456,3
1499814,21709,1
1499814,34024,2
1499814,41351,3
1500431,37011,1
1500431,35042,2
1500431,19370,3
1500431,24852,4
1500431,12817,5
1500472,29127,1
1500472,28476,2
1500620,31759,1
1500620,37710,2
1500620,31422,3
1500620,32478,4
1500620,20940,5
1501392,13176,1
1501392,22802,2
1501392,5258,3
1501617,27156,1
1501617,31717,2
1501617,21070,3
1501617,44422,4
1501617,11777,5
1501634,18523,1
1501634,33198,2
1501634,46820,3
1501634,31981,4
1501634,18027,5
1502553,21137,1
1502553,39928,2
1502553,46906,3
1502553,260,4
1502737,21903,1
1502737,23537,2
1502737,37646,3
1502737,45063,4
1502737,35951,5
1504099,12341,1
1504099,23375,2
1504705,37065,1
1504705,28993,2
1504705,17795,3
1504705,18370,4
1505285,40939,1
1505285,16797,2
1505285,44987,3
1505285,21903,4
1505285,33768,5
1505410,26317,1
1505410,37215,2
1505410,35561,3
1505410,11759,4
1505410,20345,5
1505410,32403,6
1505470,24852,1
1505470,30391,2
1505470,15290,3
1505470,46906,4
1505470,12614,5
1505470,39928,6
1505470,21137,7
1505470,39877,8
1505470,43961,9
1505470,38273,10
1505470,43129,11
1505470,21938,12
1505470,46979,13
1506027,4799,1
1506027,24009,2
1506027,8193,3
1506027,19677,4
1506027,14778,5
1506027,44683,6
1506027,7175,7
1506262,27966,1
1506262,26369,2
1506262,21137,3
1506262,44765,4
1506490,27966,1
1506490,28199,2
1506786,8518,1
1506786,7628,2
1506786,44359,3
1506786,42625,4
1506786,24964,5
1506786,17794,6
1506786,47626,7
1506786,21376,8
1506786,34448,9
1506786,36076,10
1506786,16290,11
1506786,38383,12
1506786,4138,13
1507020,13176,1
1507020,6184,2
1507020,10326,3
1507020,41400,4
1507077,26348,1
1507077,6184,2
1507077,32455,3
1507081,25931,1
1507081,19068,2
1507081,49481,3
1507081,22935,4
1507081,2707,5
1507492,11266,1
1507492,5161,2
1507584,5258,1
1507584,13914,2
1507608,28918,1
1507608,20734,2
1507708,37067,1
1507708,7021,2
1507708,39619,3
1507708,13984,4
1507708,4799,5
1507931,43772,1
1507931,47209,2
1507931,44303,3
1508172,12341,1
1508172,33000,2
1509183,40377,1
1509183,47209,2
1509183,49235,3
1509667,18362,1
1509667,30233,2
1509667,30489,3
1509667,3952,4
1509667,27104,5
1509667,204,6
1509955,27845,1
1509955,6104,2
1509955,44359,3
1509955,13176,4
1509955,35547,5
1509955,48679,6
1510444,8048,1
1510444,21292,2
1510444,16797,3
1510444,13575,4
1510858,48364,1
1510858,3142,2
1510858,34969,3
1510858,20995,4
1510858,21137,5
1511133,4724,1
1511133,8048,2
1511192,37067,1
1511192,5450,2
1511401,17487,1
1511401,47877,2
1511639,41787,1
1511639,9387,2
1511639,19057,3
1511639,28836,4
1512287,26604,1
1512287,13176,2
1512287,4920,3
1512287,43352,4
1512287,49192,5
1513059,20842,1
1513059,30489,2
1513059,21137,3
1513059,34969,4
1513059,8424,5
1513059,19660,6
1513372,16797,1
1513372,13176,2
1513372,33000,3
1513372,12341,4
1513857,4210,1
1513857,24852,2
1514095,12341,1
1514095,13176,2
1514095,14715,3
1514095,21903,4
1514108,5161,1
1514108,39275,2
1514108,26604,3
1514146,13176,1
1514146,27966,2
1514146,46802,3
1514146,21137,4
1514146,27086,5
1514146,2314,6
1514146,30305,7
1514146,23375,8
1514146,4799,9
1514146,43295,10
1514146,5876,11
1514146,34126,12
1514146,23516,13
1514146,46979,14
1514146,45066,15
1514146,22035,16
1514146,35132,17
1514146,8479,18
1514146,40706,19
1514146,43961,20
1514788,45104,1
1514788,30639,2
1514788,36011,3
1515043,45190,1
1515043,25783,2
1516331,18599,1
1516331,45007,2
1516331,34243,3
1516331,33198,4
1516331,26209,5
1516331,13535,6
1516331,48109,7
1516855,31717,1
1516855,47630,2
1516855,8193,3
1516855,29487,4
1516855,24184,5
1516855,48364,6
1516855,5240,7
1516855,37825,8
1516855,23165,9
1517590,43352,1
1517590,39275,2
1517590,21137,3
1517952,21288,1
1517952,32689,2
1518377,1940,1
1518377,13914,2
1518377,12341,3
1518377,30827,4
1518377,26348,5
1519750,4210,1
1519750,28985,2
1519750,18234,3
1519750,12409,4
1519754,20114,1
1519754,7021,2
1519754,34358,3
1519754,15290,4
1519754,26209,5
1519838,3873,1
1519838,10957,2
1519838,16696,3
1520533,27156,1
1520533,22935,2
1520533,47209,3
1520533,13517,4
1520533,44632,5
1521534,30391,1
1521534,44008,2
1521534,24852,3
1521534,3599,4
1521534,21137,5
1521553,42500,1
1521553,33198,2
1521639,22035,1
1521639,49235,2
1521680,47141,1
1521680,36691,2
1521734,19508,1
1521734,26405,2
1521866,46906,1
1521866,21614,2
1521866,23630,3
1521866,30489,4
1522115,29447,1
1522115,5450,2
1522115,37067,3
1522115,26634,4
1522181,14947,1
1522181,45747,2
1522181,21709,3
1522181,39947,4
1522181,44632,5
1522181,12576,6
1522181,35221,7
1522181,26620,8
1522181,20119,9
1522352,196,1
1522352,12341,2
1524036,196,1
1524036,12427,2
1524188,34969,1
1524188,24852,2
1525052,49610,1
1525052,42736,2
1525052,29603,3
1525486,44142,1
1525486,24964,2
1525531,49683,1
1525531,41950,2
1525531,30391,3
1525576,31683,1
1525576,48205,2
1525576,4210,3
1525576,5077,4
1526230,35628,1
1526230,40516,2
1526528,12341,1
1526528,10326,2
1526528,4149,3
1526528,37710,4
1526528,18023,5
1527036,18599,1
1527036,23375,2
1527036,4605,3
1527036,16797,4
1527036,47766,5
1527036,28842,6
1527302,35951,1
1527302,18811,2
1527302,22035,3
1527663,47209,1
1527663,13176,2
1527663,40706,3
1527663,29447,4
1527928,16953,1
1527928,23288,2
1528415,35628,1
1528415,18523,2
1528415,18370,3
1528415,41950,4
1528415,44910,5
1529320,5258,1
1529320,48142,2
1529320,22802,3
1529320,35951,4
1529556,12341,1
1529556,30827,2
1529556,9387,3
1529622,24852,1
1529622,12341,2
1529622,21903,3
1529622,26800,4
1529622,30391,5
1529622,8424,6
1529622,25890,7
1529622,21616,8
1529874,26209,1
1529874,28849,2
1529874,47626,3
1529874,13176,4
1529874,30290,5
1529874,7014,6
1529874,22260,7
1530249,7503,1
1530249,16797,2
1530249,35221,3
1530249,26369,4
1530249,47626,5
1530249,20995,6
1530249,31506,7
1530249,39877,8
1530785,1957,1
1530785,13176,2
1530785,38300,3
1530785,46149,4
1530942,24964,1
1530942,42736,2
1530942,49235,3
1530942,47209,4
1530942,43768,5
1531226,23375,1
1531226,5161,2
1531226,13176,3
1531226,29987,4
1531853,49192,1
1531853,34126,2
1531853,33000,3
1531853,8518,4
1531853,47626,5
1531853,5479,6
1531855,35951,1
1531855,10326,2
1532060,44987,1
1532060,34358,2
1532060,48679,3
1532938,8571,1
1532938,43352,2
1533012,24841,1
1533012,12341,2
1533012,16797,3
1533428,7644,1
1533428,25146,2
1533428,7600,3
1533428,8955,4
1534242,13176,1
1534242,5876,2
1534242,18564,3
1534242,35163,4
1534242,47209,5
1534242,37646,6
1534242,10749,7
1534242,46979,8
1534242,10644,9
1534242,18370,10
1534242,47717,11
1534985,43086,1
1534985,24838,2
1535028,24852,1
1535028,5450,2
1535056,23288,1
1535056,5652,2
1535056,48679,3
1535623,21573,1
1535623,8571,2
1535623,32455,3
1535623,21137,4
1535664,3298,1
1535664,29603,2
1535664,47990,3
1535664,12140,4
1535664,24852,5
1535810,25890,1
1535810,17794,2
1535810,8424,3
1535810,22825,4
1536410,196,1
1536410,40199,2
1536518,8859,1
1536518,13245,2
1539305,41220,1
1539305,19057,2
1539305,21903,3
1539305,28985,4
1539305,9825,5
1539305,36735,6
1540182,34126,1
1540182,29675,2
1540182,47626,3
1541435,2295,1
1541435,27845,2
1541435,16965,3
1541435,13176,4
1541435,13870,5
1541547,49075,1
1541547,18918,2
1541547,33120,3
1541547,35951,4
1541547,14084,5
1541547,13176,6
1541547,43086,7
1541547,20995,8
1542238,25718,1
1542238,12576,2
1542238,39947,3
1542238,28199,4
1542238,43295,5
1542238,22935,6
1542238,13176,7
1542238,21137,8
1542238,33768,9
1542238,26940,10
1543499,21292,1
1543499,21903,2
1543574,41400,1
1543574,6184,2
1543574,33000,3
1544627,31759,1
1544627,23537,2
1544627,20608,3
1544627,4724,4
1544627,44683,5
1544627,13575,6
1544627,21195,7
1544630,37646,1
1544630,8174,2
1544630,13176,3
1545615,30169,1
1545615,18027,2
1545615,45066,3
1545760,35561,1
1545760,34551,2
1545831,5785,1
1545831,26177,2
1545831,21616,3
1545831,34969,4
1545831,37067,5
1547048,9387,1
1547048,43122,2
1547048,46906,3
1547251,47630,1
1547251,9387,2
1547251,47766,3
1547251,47626,4
1547251,39275,5
1547251,21137,6
1547555,49520,1
1547555,1831,2
1547555,45123,3
1547772,45840,1
1547772,1463,2
1547772,1194,3
1548285,33787,1
1548285,33754,2
1548285,47766,3
1548285,16185,4
1548493,34126,1
1548493,20114,2
1548810,24852,1
1548810,16185,2
1548810,19691,3
1549060,42736,1
1549060,21938,2
1549060,27845,3
1549060,13176,4
1549060,21903,5
1549060,48628,6
1549060,32655,7
1549060,27966,8
1549294,34126,1
1549294,21616,2
1549294,46667,3
1549294,12797,4
1549294,49520,5
1549662,9020,1
1549662,29987,2
1549662,32177,3
1549969,3957,1
1549969,38490,2
1550089,9515,1
1550089,7628,2
1550089,46979,3
1550089,21137,4
1550089,27086,5
1550188,47672,1
1550188,40706,2
1550188,22935,3
1550188,17461,4
1550356,26209,1
1550356,22035,2
1550356,47209,3
1550356,28535,4
1550356,30391,5
1550356,37067,6
1550356,42585,7
1550356,20549,8
1550356,21019,9
1550477,7644,1
1550477,7600,2
1550477,41406,3
1550477,12481,4
1551054,34358,1
1551054,44142,2
1551054,30233,3
1551118,4605,1
1551118,24964,2
1551118,5769,3
1551118,19048,4
1551118,11408,5
1551118,16145,6
1551118,28985,7
1551345,28289,1
1551345,260,2
1551345,4920,3
1551345,47766,4
1551345,31683,5
1551345,15290,6
1551345,47626,7
1551345,34,8
1551345,24841,9
1551634,13198,1
1551634,25890,2
1551634,13263,3
1551634,24799,4
1551634,29675,5
1551634,16797,6
1551634,8193,7
1551634,47626,8
1551634,24184,9
1552994,42265,1
1552994,19691,2
1552994,21137,3
1552994,26088,4
1552994,32455,5
1553124,38689,1
1553124,49683,2
1553244,24852,1
1553244,47766,2
1553244,4605,3
1553244,35951,4
1553244,35140,5
1553244,44303,6
1553244,21903,7
1553244,16797,8
1553244,21616,9
1553899,24852,1
1553899,49111,2
1553943,8048,1
1553943,42265,2
1553943,13575,3
1553943,9076,4
1553955,45504,1
1553955,42265,2
1553955,5785,3
1553955,21903,4
1553955,20995,5
1554103,46616,1
1554103,33527,2
1554103,21386,3
1554120,46061,1
1554120,40939,2
1554913,18465,1
1554913,34358,2
1554913,20114,3
1554913,38739,4
1554913,37646,5
1554913,44449,6
1554913,34969,7
1554913,5818,8
1554913,22227,9
1554913,48679,10
1554913,9339,11
1554913,24184,12
1554913,15290,13
1554913,2295,14
1554913,45007,15
1554913,18027,16
1555387,33198,1
1555387,20119,2
1555387,13166,3
1555387,27086,4
1555387,45747,5
1555387,12576,6
1555421,13914,1
1555421,13966,2
1555421,46061,3
1555562,32650,1
1555562,25466,2
1555565,16797,1
1555565,23288,2
1555565,29487,3
1555565,35473,4
1555565,32689,5
1556115,13176,1
1556115,9839,2
1556115,43352,3
1556168,8859,1
1556168,13259,2
1556168,32455,3
1556526,34126,1
1556526,47626,2
1556526,21709,3
1557094,15424,1
1557094,1217,2
1557094,2536,3
1557883,5646,1
1557883,19660,2
1558548,6184,1
1558548,38928,2
1558548,17122,3
1558548,8571,4
1558548,39275,5
1558548,5161,6
1558696,196,1
1558696,12341,2
1559746,21292,1
1559746,19691,2
1559746,13176,3
1560083,31759,1
1560083,32403,2
1560222,31651,1
1560222,46149,2
1560222,14715,3
1560669,13263,1
1560669,21872,2
1560730,4957,1
1560730,22124,2
1560730,24852,3
1560730,22474,4
1560730,37646,5
1560730,35951,6
1560730,45002,7
1561168,8859,1
1561168,33731,2
1561168,12845,3
1562035,22556,1
1562035,26209,2
1562233,47626,1
1562233,47766,2
1562422,45,1
1562422,47672,2
1562461,13176,1
1562461,23288,2
1562508,13259,1
1562508,21137,2
1562508,20995,3
1562717,4799,1
1562717,23579,2
1562717,20114,3
1562821,28985,1
1562821,3682,2
1562821,13176,3
1562821,605,4
1562821,31915,5
1562821,18465,6
1562821,7503,7
1562821,16521,8
1562821,24489,9
1562821,26604,10
1562821,46802,11
1562821,9076,12
1562821,31663,13
1562821,25138,14
1562821,8174,15
1563114,12341,1
1563114,44683,2
1563114,20995,3
1563115,1511,1
1563115,432,2
1563115,21288,3
1563115,39275,4
1563115,27966,5
1563115,9387,6
1563115,16349,7
1563115,29675,8
1563115,42265,9
1563115,790,10
1563361,28985,1
1563361,7521,2
1563361,14947,3
1563361,13380,4
1563361,5450,5
1563361,3599,6
1563361,42768,7
1563361,28849,8
1563361,8424,9
1563361,13535,10
1563361,27966,11
1563839,16797,1
1563839,4367,2
1563839,33043,3
1564186,40348,1
1564186,38185,2
1564222,43295,1
1564222,9175,2
1564707,42719,1
1564707,40604,2
1564707,11182,3
1564707,19660,4
1564707,33120,5
1564707,25890,6
1564707,47766,7
1564707,30391,8
1564707,31343,9
1565095,39275,1
1565095,43352,2
1565178,19348,1
1565178,30340,2
1565629,46906,1
1565629,4920,2
1565629,47626,3
1565629,39928,4
1566688,49235,1
1566688,5785,2
1566688,20119,3
1566688,44632,4
1566688,35221,5
1566688,45104,6
1568109,5769,1
1568109,33000,2
1568109,40742,3
1568133,38456,1
1568133,41220,2
1568133,12341,3
1568133,46969,4
1568133,39928,5
1568133,45200,6
1568133,37646,7
1568133,3599,8
1568133,21405,9
1568538,13176,1
1568538,27845,2
1568538,7948,3
1569140,22935,1
1569140,24964,2
1569149,13176,1
1569149,39877,2
1569149,27966,3
1569149,47209,4
1569149,18523,5
1569149,13629,6
1569149,21174,7
1569149,11520,8
1569149,34243,9
1569149,21405,10
1569149,19348,11
1569149,24830,12
1569149,8736,13
1569149,45445,14
1569282,37067,1
1569282,6104,2
1569282,43768,3
1569282,12206,4
1569282,34358,5
1569282,27845,6
1569636,46061,1
1569636,26348,2
1569636,40199,3
1569856,38768,1
1569856,46061,2
1570125,41950,1
1570125,44632,2
1570125,17191,3
1570330,6184,1
1570330,13176,2
1570330,14715,3
1570330,40939,4
1570813,1700,1
1570813,27845,2
1570995,46979,1
1570995,47766,2
1570995,23341,3
1571213,47766,1
1571213,44142,2
1571213,38293,3
1571213,5883,4
1571213,22474,5
1571213,23579,6
1571263,43154,1
1571263,6184,2
1571698,21137,1
1571698,24852,2
1571698,4920,3
1571962,47626,1
1571962,46979,2
1571962,10246,3
1571962,27796,4
1571962,14999,5
1571962,22935,6
1571962,34126,7
1572338,21405,1
1572338,30391,2
1572338,11520,3
1572338,23288,4
1573139,30391,1
1573139,5876,2
1573139,6873,3
1573139,8518,4
1573139,5646,5
1573139,2825,6
1573139,47209,7
1573181,36216,1
1573181,26165,2
1573972,42356,1
1573972,27845,2
1575621,40310,1
1575621,21903,2
1575796,20549,1
1575796,24964,2
1575796,47626,3
1575796,48745,4
1576136,23909,1
1576136,19468,2
1576213,46149,1
1576213,196,2
1576213,11759,3
1576339,12817,1
1576339,29487,2
1576339,44142,3
1576875,8424,1
1576875,5618,2
1576875,26497,3
1576875,4605,4
1576875,49683,5
1577244,39812,1
1577244,36929,2
1577244,30233,3
1577802,26604,1
1577802,27966,2
1577802,17948,3
1577802,16759,4
1577802,32655,5
1577802,25659,6
1577802,46667,7
1577802,27521,8
1577802,47209,9
1577802,26209,10
1578371,39993,1
1578371,33548,2
1578371,16965,3
1579624,21083,1
1579624,17600,2
1579624,13249,3
1579624,47626,4
1579624,8518,5
1579624,29487,6
1579624,30391,7
1579624,28535,8
1579624,30489,9
1579624,32689,10
1579624,4605,11
1579624,31343,12
1579624,28934,13
1579624,44449,14
1579624,35221,15
1579655,5769,1
1579655,9020,2
1579813,18531,1
1579813,27845,2
1579813,13176,3
1579813,17948,4
1579865,21137,1
1579865,13176,2
1580473,5479,1
1580473,19677,2
1580639,6184,1
1580639,22362,2
1580639,46061,3
1581992,19660,1
1581992,5479,2
1582303,16797,1
1582303,34126,2
1582303,37766,3
1582303,44987,4
1582303,24964,5
1582544,13249,1
1582544,34969,2
1582544,38739,3
1582544,11250,4
1582544,35898,5
1582727,47626,1
1582727,45603,2
1582727,47866,3
1582736,5077,1
1582736,14678,2
1582736,4605,3
1582736,20995,4
1582736,8193,5
1582736,8518,6
1582736,47626,7
1582736,24184,8
1582736,21938,9
1582736,12276,10
1583213,32478,1
1583213,44987,2
1583215,10017,1
1583215,13629,2
1583278,19508,1
1583278,28849,2
1583278,26209,3
1583278,47626,4
1583278,31717,5
1583278,22935,6
1583278,23734,7
1583278,17795,8
1584542,4149,1
1584542,21137,2
1584760,27966,1
1584760,18362,2
1584760,18465,3
1584760,27344,4
1584760,13535,5
1584760,24184,6
1585229,26369,1
1585229,17794,2
1585229,47734,3
1585229,22935,4
1585233,29447,1
1585233,13176,2
1585233,42265,3
1585233,17600,4
1585233,28204,5
1585233,365,6
1585233,42828,7
1585325,3873,1
1585325,40706,2
1585325,49683,3
1585325,21903,4
1585325,6182,5
1585325,14233,6
1585614,31338,1
1585614,43713,2
1585941,25466,1
1585941,35887,2
1585941,13176,3
1585941,39877,4
1586511,27104,1
1586511,28842,2
1586511,42768,3
1586511,48364,4
1586511,4210,5
1586511,28289,6
1586511,6104,7
1586511,26369,8
1586511,39558,9
1586511,26209,10
1586715,46088,1
1586715,33671,2
1586746,40199,1
1586746,35561,2
1586864,13176,1
1586864,16797,2
1586864,43352,3
1586895,18465,1
1586895,17795,2
1586895,2295,3
1586895,5876,4
1586895,28204,5
1586895,26604,6
1586895,10305,7
1586895,24964,8
1586895,41844,9
1586895,12872,10
1586895,24852,11
1587497,23288,1
1587497,21903,2
1587497,4149,3
1587497,33768,4
1587497,13575,5
1587825,26283,1
1587825,42701,2
1587825,19006,3
1587884,16797,1
1587884,19691,2
1587900,23375,1
1587900,43713,2
1587900,33198,3
1587900,26165,4
1587900,46584,5
1587900,47209,6
1587900,30391,7
1587900,13629,8
1588260,42450,1
1588260,41290,2
1588260,19348,3
1589025,16759,1
1589025,13176,2
1589025,5769,3
1589025,25659,4
1589268,38300,1
1589268,13966,2
1589268,36051,3
1589764,30169,1
1589764,39475,2
1589791,24852,1
1589791,5450,2
1589791,32655,3
1589791,3896,4
1589791,4920,5
1589791,45066,6
1589791,28199,7
1589791,47788,8
1589791,48745,9
1589791,37220,10
1589791,27845,11
1589791,38689,12
1589794,13176,1
1589794,19660,2
1589794,16797,3
1590094,24759,1
1590094,39921,2
1590095,19125,1
1590095,35948,2
1590095,26209,3
1590095,28836,4
1590095,12916,5
1590095,196,6
1590263,196,1
1590263,43154,2
1590263,38928,3
1590376,44632,1
1590376,26620,2
1590376,45747,3
1590376,39947,4
1590376,38164,5
1590376,39190,6
1590376,20119,7
1590376,34565,8
1590752,21137,1
1590752,39275,2
1590752,12341,3
1590752,33000,4
1592242,48015,1
1592242,27730,2
1592244,47788,1
1592244,4920,2
1592244,39922,3
1592793,47042,1
1592793,20114,2
1592843,49191,1
1592843,40199,2
1592843,23576,3
1592843,27729,4
1592843,23645,5
1593742,49683,1
1593742,41950,2
1593742,24184,3
1593742,32689,4
1593742,5479,5
1594075,38689,1
1594075,24852,2
1594075,38192,3
1594075,24838,4
1594075,48628,5
1594075,8277,6
1594075,27104,7
1594075,21010,8
1594075,2450,9
1594992,10492,1
1594992,13176,2
1595895,12606,1
1595895,5258,2
1595895,21195,3
1596387,46149,1
1596387,196,2
1596631,47209,1
1596631,5876,2
1596631,40723,3
1596631,26620,4
1596631,22556,5
1596631,35221,6
1596631,33731,7
1596631,38400,8
1597150,14992,1
1597150,18523,2
1597183,8571,1
1597183,13424,2
1597183,14419,3
1597183,12341,4
1597183,37687,5
1597593,28204,1
1597593,14233,2
1597593,13176,3
1597593,3957,4
1597593,21137,5
1597763,8859,1
1597763,16953,2
1597763,30450,3
1598221,47144,1
1598221,46979,2
1598670,17122,1
1598670,46061,2
1598670,32303,3
1598670,19691,4
1599328,48364,1
1599328,13176,2
1599328,35951,3
1599328,29127,4
1599328,3464,5
1599328,19048,6
1599328,35750,7
1599487,39275,1
1599487,26209,2
1599487,46667,3
1599487,8518,4
1599487,34969,5
1599487,47766,6
1599487,47626,7
1599487,24964,8
1599487,24852,9
1599487,8424,10
1599487,49683,11
1599929,13176,1
1599929,47209,2
1599929,47626,3
1600160,40604,1
1600160,35108,2
1600911,43713,1
1600911,42356,2
1600911,36127,3
1600911,5322,4
1601032,21616,1
1601032,29926,2
1601032,5134,3
1601032,17835,4
1601693,4149,1
1601693,32478,2
1601941,21009,1
1601941,28597,2
1601941,6489,3
1601941,25824,4
1601941,5077,5
1601941,5212,6
1601941,45066,7
1601941,43122,8
1601941,46969,9
1601941,40199,10
1601941,46979,11
1601997,43154,1
1601997,46149,2
1602150,21903,1
1602150,13176,2
1602150,9839,3
1602389,3599,1
1602389,260,2
1602389,47788,3
1602389,21137,4
1602389,27966,5
1602766,35561,1
1602766,21573,2
1603160,38490,1
1603160,35951,2
1603160,27086,3
1603397,16797,1
1603397,43352,2
1603397,4562,3
1603397,37524,4
1603397,34969,5
1603830,44142,1
1603830,16797,2
1603830,31553,3
1604108,12846,1
1604108,40545,2
1604346,6184,1
1604346,21903,2
1604425,19376,1
1604425,47209,2
1604425,29127,3
1604634,47626,1
1604634,46906,2
1604723,12341,1
1604723,6184,2
1604723,10326,3
1604723,35898,4
1604834,40706,1
1604834,24852,2
1604834,21137,3
1605787,46616,1
1605787,28535,2
1605895,3389,1
1605895,10255,2
1608036,21903,1
1608036,10246,2
1608036,21292,3
1608886,19894,1
1608886,21137,2
1608886,45066,3
1608886,43352,4
1608886,47209,5
1608886,5194,6
1608886,4920,7
1608886,17949,8
1608886,25197,9
1608886,39108,10
1608886,45603,11
1608886,42265,12
1608886,39275,13
1608886,16254,14
1608886,37687,15
1609666,22935,1
1609666,34358,2
1609666,19068,3
1610029,17794,1
1610029,39812,2
1610029,47626,3
1610029,24964,4
1610489,10017,1
1610489,47626,2
1610489,26620,3
1610489,28985,4
1610489,47766,5
1610489,45007,6
1610759,12341,1
1610759,17122,2
1610759,18023,3
1611535,22802,1
1611535,196,2
1611686,5258,1
1611686,13176,2
1611964,19660,1
1611964,7131,2
1612601,28601,1
1612601,47626,2
1612601,4920,3
1612762,39877,1
1612762,13176,2
1612762,27966,3
1612762,39475,4
1612762,49235,5
1612762,46906,6
1613047,36011,1
1613047,19057,2
1613047,42265,3
1613047,44560,4
1613053,46676,1
1613053,28465,2
1613053,43662,3
1613053,24852,4
1613053,13263,5
1613248,29987,1
1613248,18288,2
1613248,6631,3
1613483,30776,1
1613483,45603,2
1613483,24852,3
1613483,9550,4
1613483,35951,5
1613483,43192,6
1613483,21543,7
1613483,8277,8
1614281,21137,1
1614281,21903,2
1614281,20995,3
1614281,13575,4
1614281,14715,5
1614812,46720,1
1614812,14233,2
1614812,21267,3
1614812,42265,4
1614812,29675,5
1614812,26369,6
1614840,13646,1
1614840,25466,2
1615095,21903,1
1615095,42265,2
1615095,11759,3
1615098,2238,1
1615098,21137,2
1615098,31766,3
1615248,19348,1
1615248,43352,2
1615389,29987,1
1615389,5450,2
1617989,30450,1
1617989,12341,2
1617989,26348,3
1618154,38689,1
1618154,27845,2
1618154,35004,3
1618248,13245,1
1618248,15613,2
1618248,45066,3
1618248,27744,4
1618248,31506,5
1618382,33290,1
1618382,27086,2
1619171,30827,1
1619171,13176,2
1619370,7781,1
1619370,21903,2
1619370,34243,3
1619370,16616,4
1619370,21137,5
1619370,42803,6
1619454,6184,1
1619454,22362,2
1619920,8174,1
1619920,35221,2
1619920,33352,3
1619920,31553,4
1619920,20754,5
1619920,23375,6
1619920,37825,7
1619920,43768,8
1620093,13914,1
1620093,46061,2
1620093,31759,3
1620093,26348,4
1620282,12312,1
1620282,39162,2
1620282,18606,3
1620509,25466,1
1620509,19660,2
1620752,28204,1
1620752,31343,2
1620752,24964,3
1620752,24184,4
1620752,47209,5
1620752,23579,6
1620752,46979,7
1620752,49683,8
1620752,44910,9
1620752,21903,10
1621020,38689,1
1621020,43295,2
1621020,45066,3
1621020,13176,4
1621020,21137,5
1621020,32429,6
1621020,43961,7
1621020,10749,8
1621020,21019,9
1621020,30720,10
1621020,22474,11
1621020,5194,12
1621020,21903,13
1621195,49235,1
1621195,5258,2
1621250,9689,1
1621250,13176,2
1621250,47766,3
1621250,48395,4
1621250,47626,5
1621250,18918,6
1621250,13380,7
1621335,34243,1
1621335,45066,2
1621335,17948,3
1621335,24964,4
1622198,13176,1
1622198,46061,2
1622198,48812,3
1622198,40199,4
1622198,6184,5
1622198,10326,6
1622273,3896,1
1622273,790,2
1622273,42342,3
1622273,35948,4
1622273,365,5
1622273,4792,6
1622273,26209,7
1622273,7500,8
1622273,45066,9
1622629,9825,1
1622629,11422,2
1622688,47766,1
1622688,46802,2
1622688,17948,3
1622688,24489,4
1622688,29487,5
1622688,28985,6
1622688,47626,7
1622688,26209,8
1622688,38557,9
1622688,48679,10
1622688,10749,11
1622688,43961,12
1622830,39928,1
1622830,8859,2
1622830,5612,3
1622830,260,4
1623400,26497,1
1623400,21267,2
1623712,7781,1
1623712,46676,2
1623712,18523,3
1623712,33754,4
1623712,47626,5
1623712,24852,6
1623712,35221,7
1623712,8277,8
1623712,39877,9
1623712,8174,10
1623794,46061,1
1623794,41276,2
1624166,12341,1
1624166,14161,2
1624166,25588,3
1624231,13176,1
1624231,32478,2
1624231,280,3
1624289,49683,1
1624289,47766,2
1624567,13176,1
1624567,21903,2
1624567,20940,3
1624567,38768,4
1625450,19660,1
1625450,5258,2
1625450,30827,3
1626076,1511,1
1626076,24852,2
1626076,581,3
1626076,1090,4
1626076,10017,5
1626958,18523,1
1626958,29640,2
1627056,37067,1
1627056,19057,2
1627056,8174,3
1627056,18362,4
1627065,8193,1
1627065,44661,2
1627065,44632,3
1627065,37067,4
1627065,44098,5
1627065,36107,6
1628350,40939,1
1628350,13259,2
1628350,34050,3
1628766,8859,1
1628766,1957,2
1628968,49235,1
1628968,39275,2
1628968,21137,3
1628968,24852,4
1628968,22556,5
1628968,31964,6
1629863,22362,1
1629863,19660,2
1629863,8859,3
1629885,16823,1
1629885,14129,2
1629885,8424,3
1629885,27966,4
1629885,21137,5
1629885,45066,6
1629885,32655,7
1629885,1463,8
1629885,8518,9
1629885,5646,10
1629885,49075,11
1630087,41220,1
1630087,16759,2
1630213,21137,1
1630213,39275,2
1630213,43352,3
1630256,43352,1
1630256,21903,2
1630281,11266,1
1630281,30591,2
1630281,41400,3
1630880,21462,1
1630880,17949,2
1630986,13263,1
1630986,36865,2
1630986,10749,3
1630986,45,4
1630986,15290,5
1630986,34137,6
1631201,8859,1
1631201,23288,2
1631258,27521,1
1631258,49683,2
1631258,28204,3
1631258,26209,4
1631258,24852,5
1631258,44359,6
1631258,16349,7
1631258,26384,8
1631258,21903,9
1631258,36011,10
1631258,2309,11
1631492,18362,1
1631492,33043,2
1631492,11520,3
1631623,49235,1
1631623,16797,2
1631841,890,1
1631841,28918,2
1631841,17862,3
1632488,38928,1
1632488,37710,2
1632488,196,3
1632488,22802,4
1633365,44632,1
1633365,49520,2
1633396,6046,1
1633396,8424,2
1633396,21903,3
1633396,22963,4
1633396,26668,5
1633396,5876,6
1633396,30391,7
1633396,13176,8
1633396,44051,9
1633396,11123,10
1633396,21267,11
1633969,19660,1
1633969,14715,2
1634486,42828,1
1634486,29801,2
1634486,47766,3
1634486,24852,4
1634486,16797,5
1634487,28842,1
1634487,16797,2
1634487,24852,3
1634645,39180,1
1634645,27845,2
1634987,16797,1
1634987,37825,2
1634987,45007,3
1634987,19057,4
1634987,4920,5
1635128,329,1
1635128,13176,2
1635128,21903,3
1635128,44422,4
1635300,25332,1
1635300,47209,2
1635300,5876,3
1635300,20842,4
1635300,14947,5
1635332,11440,1
1635332,44632,2
1635332,21709,3
1635332,12576,4
1635332,39947,5
1635413,15200,1
1635413,21137,2
1635413,30406,3
1635413,39275,4
1635413,12341,5
1635444,22802,1
1635444,23288,2
1635444,39275,3
1635444,12341,4
1635647,49235,1
1635647,4920,2
1635647,39275,3
1635832,22802,1
1635832,13966,2
1635832,4920,3
1635832,42265,4
1635832,39922,5
1635832,21137,6
1635832,30591,7
1635832,46061,8
1636031,19348,1
1636031,28836,2
1636261,25890,1
1636261,42736,2
1636261,8424,3
1636261,33043,4
1637061,30489,1
1637061,42265,2
1637061,24810,3
1637061,21903,4
1637061,46505,5
1637061,18606,6
1637061,26165,7
1637061,21616,8
1637061,35221,9
1637845,43789,1
1637845,14947,2
1637845,47626,3
1637845,35951,4
1637845,18234,5
1638233,22935,1
1638233,5450,2
1638233,37687,3
1638233,30290,4
1638233,8021,5
1638233,27544,6
1638233,36550,7
1638233,7485,8
1638233,46979,9
1638233,47626,10
1638233,34126,11
1638233,43789,12
1638233,33731,13
1638233,37825,14
1638340,6104,1
1638340,5450,2
1638340,22935,3
1638340,1463,4
1638340,11712,5
1638340,13176,6
1638340,16797,7
1638340,3376,8
1638340,3020,9
1638340,22035,10
1638340,45535,11
1638340,21903,12
1638340,14491,13
1638340,43875,14
1638340,19057,15
1638984,31717,1
1638984,8670,2
1638984,34335,3
1639277,13176,1
1639277,33000,2
1639277,4149,3
1639568,8138,1
1639568,47626,2
1639568,45066,3
1639568,21903,4
1639568,21137,5
1639944,25146,1
1639944,47209,2
1639944,21903,3
1640217,44683,1
1640217,33000,2
1640217,12341,3
1640448,47209,1
1640448,890,2
1640448,44359,3
1640448,22395,4
1640448,32655,5
1640448,46667,6
1640448,31717,7
1640448,35939,8
1640448,22935,9
1640448,38383,10
1640448,38293,11
1640448,45007,12
1640448,2086,13
1640448,8021,14
1640448,24964,15
1640448,10644,16
1640448,43961,17
1640448,21019,18
1640448,7963,19
1640505,4920,1
1640505,40199,2
1640505,38300,3
1640797,10749,1
1640797,890,2
1640797,27845,3
1641471,21195,1
1641471,31759,2
1641625,35561,1
1641625,11759,2
1641625,37710,3
1641625,21573,4
1641625,32478,5
1641625,13176,6
1641625,12341,7
1642112,5258,1
1642112,43739,2
1643050,47766,1
1643050,14992,2
1643050,46886,3
1643050,21137,4
1643050,38400,5
1643238,37710,1
1643238,11266,2
1643238,6184,3
1643238,32478,4
1643470,46149,1
1643470,196,2
1643470,41406,3
1643470,40939,4
1643699,21709,1
1643699,47144,2
1643699,20119,3
1643699,49235,4
1643699,24852,5
1643699,39877,6
1643858,26209,1
1643858,6873,2
1644575,38383,1
1644575,14129,2
1644575,13198,3
1644594,42585,1
1644594,8518,2
1644594,16965,3
1644594,21903,4
1644626,13176,1
1644626,46562,2
1644626,46061,3
1645226,5785,1
1645226,21903,2
1645226,23543,3
1645226,33120,4
1645226,45007,5
1645442,47766,1
1645442,11182,2
1645442,11422,3
1645442,11520,4
1645442,27325,5
1645442,13176,6
1645442,27521,7
1645442,8021,8
1645442,248,9
1645442,38490,10
1645796,49131,1
1645796,21009,2
1645796,13176,3
1645796,34134,4
1645796,12020,5
1645796,42265,6
1645796,7948,7
1645796,17948,8
1645796,34551,9
1645796,23537,10
1645962,5212,1
1645962,24852,2
1645962,21137,3
1645962,4920,4
1645962,39928,5
1645962,37766,6
1645962,13263,7
1645962,28465,8
1645962,17872,9
1645962,20084,10
1645962,29270,11
1645962,40709,12
1646167,27845,1
1646167,46820,2
1646167,13176,3
1646167,8277,4
1646167,49192,5
1647007,45007,1
1647007,32864,2
1647007,5373,3
1647007,7021,4
1647007,21903,5
1647007,34358,6
1647007,44570,7
1647007,45066,8
1647007,4605,9
1647007,47626,10
1647007,41787,11
1647098,36011,1
1647098,28204,2
1647098,13176,3
1647098,21137,4
1647098,12440,5
1647193,42719,1
1647193,24852,2
1647193,37687,3
1647193,47766,4
1647193,45002,5
1647533,5450,1
1647533,44799,2
1647533,38444,3
1647730,8021,1
1647730,19660,2
1647730,33198,3
1647790,32689,1
1647790,9839,2
1647790,42768,3
1648466,31683,1
1648466,5785,2
1648466,24852,3
1648466,3599,4
1648466,8580,5
1648466,26604,6
1648466,13380,7
1648466,30489,8
1648466,23543,9
1648466,13083,10
1648466,28535,11
1648466,40268,12
1648466,10749,13
1648856,42500,1
1648856,6184,2
1648856,16797,3
1649266,26620,1
1649266,35221,2
1649266,20119,3
1650657,18963,1
1650657,37687,2
1650657,5876,3
1650657,47209,4
1650781,23165,1
1650781,5769,2
1650781,25659,3
1650781,27845,4
1650781,42244,5
1650982,32303,1
1650982,13032,2
1652437,4149,1
1652437,37317,2
1653641,7628,1
1653641,24964,2
1653641,46720,3
1653641,21010,4
1653641,28985,5
1653641,39877,6
1653641,4799,7
1653641,47626,8
1653641,34590,9
1653641,2091,10
1654730,43295,1
1654730,47912,2
1654730,48679,3
1654730,14947,4
1654730,12845,5
1654730,35108,6
1654730,29987,7
1654730,21137,8
1654730,28601,9
1654978,31964,1
1654978,1831,2
1654978,7693,3
1654978,36316,4
1654978,49520,5
1654978,2966,6
1656148,39657,1
1656148,10326,2
1656148,12916,3
1658277,3957,1
1658277,432,2
1658515,44292,1
1658515,21386,2
1658515,44843,3
1658515,46720,4
1658666,21137,1
1658666,33120,2
1658666,26369,3
1658666,35921,4
1658666,18027,5
1658666,21709,6
1658666,39928,7
1658666,3376,8
1658666,8670,9
1658666,22935,10
1658666,39877,11
1658666,21903,12
1658666,33000,13
1658666,49235,14
1658666,18234,15
1659490,196,1
1659490,11266,2
1659490,41276,3
1659490,31102,4
1659771,18465,1
1659771,31553,2
1659771,47209,3
1659771,44422,4
1659771,5373,5
1659771,42265,6
1659771,14678,7
1659771,5785,8
1659771,49683,9
1660603,11520,1
1660603,26940,2
1660603,8021,3
1660603,45066,4
1661704,38928,1
1661704,5258,2
1661704,13176,3
1662147,21137,1
1662147,10305,2
1662147,1947,3
1662147,43789,4
1662436,19660,1
1662436,30391,2
1662436,35951,3
1662436,43086,4
1662712,42445,1
1662712,10070,2
1662712,13176,3
1662712,48628,4
1662712,22963,5
1662712,44632,6
1662712,28476,7
1662712,19057,8
1662735,44632,1
1662735,43352,2
1662735,24852,3
1662735,42828,4
1662735,30489,5
1662735,45537,6
1662735,39108,7
1662735,13870,8
1662735,47766,9
1662735,31717,10
1662735,16254,11
1662735,41658,12
1662735,38772,13
1662735,22963,14
1662735,42265,15
1662735,35108,16
1662735,42736,17
1662735,581,18
1662735,8518,19
1662735,22935,20
1662735,4086,21
1662735,8736,22
1662735,31040,23
1662735,39411,24
1662735,9076,25
1662735,10749,26
1662735,21137,27
1662735,15290,28
1662735,2295,29
1662735,44359,30
1662906,34063,1
1662906,42265,2
1662906,37646,3
1662944,21195,1
1662944,41400,2
1662994,37067,1
1662994,5428,2
1662994,38490,3
1662994,37029,4
1662994,20738,5
1662994,17706,6
1662994,44098,7
1662994,39877,8
1662994,5646,9
1663623,28373,1
1663623,42193,2
1663777,32403,1
1663777,49235,2
1663777,31759,3
1664122,21709,1
1664122,2099,2
1664122,35221,3
1664122,49191,4
1664122,24852,5
1664122,44632,6
1664122,14947,7
1664320,47766,1
1664320,42585,2
1664320,37067,3
1664320,21903,4
1664320,42768,5
1664320,18761,6
1664320,10644,7
1664320,5212,8
1664320,43789,9
1664320,43352,10
1664320,40706,11
1664320,7503,12
1665205,19894,1
1665205,39475,2
1666225,21616,1
1666225,3098,2
1666323,31553,1
1666323,24852,2
1666323,18465,3
1666323,47734,4
1666378,34287,1
1666378,48226,2
1666378,33290,3
1666378,27544,4
1666378,10957,5
1667805,4605,1
1667805,21938,2
1667805,21295,3
1667805,14852,4
1667805,28278,5
1668166,29447,1
1668166,30639,2
1668166,16797,3
1668166,11777,4
1668166,8021,5
1668225,47877,1
1668225,30233,2
1668225,43352,3
1668225,21137,4
1668225,26604,5
1668225,36082,6
1668305,19660,1
1668305,11520,2
1668558,17652,1
1668558,21174,2
1668558,42265,3
1668558,5621,4
1668558,2326,5
1668581,5161,1
1668581,39877,2
1668581,37067,3
1668581,24838,4
1668581,27966,5
1669027,5785,1
1669027,30233,2
1669445,24852,1
1669445,9839,2
1669445,6046,3
1669619,45504,1
1669619,6948,2
1669619,5077,3
1669619,2855,4
1669619,21903,5
1669619,27521,6
1669619,19048,7
1669619,2581,8
1669653,19660,1
1669653,43739,2
1670032,27966,1
1670032,21137,2
1670756,44142,1
1670756,34969,2
1670765,38689,1
1670765,27695,2
1670765,2611,3
1671219,45965,1
1671219,7948,2
1671445,196,1
1671445,46149,2
1671445,45051,3
1671489,28465,1
1671489,47912,2
1671489,19057,3
1671489,13176,4
1671489,8309,5
1671489,13263,6
1671489,21137,7
1671489,35989,8
1671489,49235,9
1671670,6184,1
1671670,13575,2
1671670,32689,3
1671670,8571,4
1671670,16953,5
1671670,7751,6
1671686,24184,1
1671686,44142,2
1671686,20842,3
1672796,6184,1
1672796,13176,2
1673396,13176,1
1673396,37646,2
1673396,43352,3
1673396,48094,4
1673396,5818,5
1673396,13380,6
1673396,11250,7
1673616,45504,1
1673616,13176,2
1673616,43772,3
1673837,13914,1
1673837,46061,2
1673837,30591,3
1673913,39475,1
1673913,7179,2
1673913,46709,3
1673913,39162,4
1674558,46979,1
1674558,22963,2
1674558,21267,3
1674674,27966,1
1674674,39877,2
1674674,21137,3
1674674,37646,4
1674854,24852,1
1674854,40174,2
1674854,5134,3
1674854,38383,4
1674854,17794,5
1674854,45535,6
1674854,28985,7
1674854,47626,8
1674854,8239,9
1674854,38656,10
1674854,21137,11
1674854,27966,12
1674871,13944,1
1674871,3020,2
1674871,47888,3
1674871,43875,4
1674871,38192,5
1674899,15290,1
1674899,47626,2
1674899,2295,3
1674899,37825,4
1675155,24852,1
1675155,19348,2
1675155,21616,3
1675320,40706,1
1675320,13176,2
1675320,32177,3
1675320,46979,4
1675320,48364,5
1675320,8174,6
1675571,47977,1
1675571,38739,2
1675571,9076,3
1675626,21903,1
1675626,2228,2
1675626,40377,3
1676348,22935,1
1676348,7021,2
1676348,19678,3
1676348,24964,4
1676389,22035,1
1676389,11005,2
1676389,45123,3
1676389,48595,4
1676389,13535,5
1676846,22474,1
1676846,1940,2
1676846,35004,3
1676846,9825,4
1677047,9339,1
1677047,41844,2
1677047,6948,3
1677153,30489,1
1677153,7963,2
1677153,2480,3
1677153,38383,4
1677153,21938,5
1677153,44910,6
1677153,26369,7
1677153,48745,8
1677153,43768,9
1677153,45007,10
1677153,12872,11
1677471,21616,1
1677471,21267,2
1677471,31506,3
1677471,27086,4
1677471,49191,5
1677471,46979,6
1678310,27086,1
1678310,5785,2
1678310,36011,3
1678310,14127,4
1678310,16908,5
1678414,7969,1
1678414,33120,2
1678414,5449,3
1678414,31231,4
1678414,44632,5
1678414,47766,6
1678414,2086,7
1678414,47626,8
1678414,39275,9
1678545,20955,1
1678545,44987,2
1678545,25890,3
1678545,33043,4
1679097,20842,1
1679097,30489,2
1679097,42265,3
1679097,8277,4
1679225,26165,1
1679225,20734,2
1679225,13176,3
1679225,17191,4
1679225,19057,5
1679225,21137,6
1679225,8174,7
1679443,47766,1
1679443,45066,2
1679461,21543,1
1679461,14127,2
1679461,21295,3
1679461,38273,4
1679461,48364,5
1679461,38293,6
1679824,16797,1
1679824,3298,2
1680261,24852,1
1680261,38400,2
1680483,13176,1
1680483,6184,2
1680483,41400,3
1680483,19691,4
1680483,13575,5
1680483,31651,6
1680483,42500,7
1680483,17122,8
1680740,12341,1
1680740,16797,2
1681094,24799,1
1681094,22963,2
1681094,27845,3
1681675,13176,1
1681675,41950,2
1681675,20995,3
1681675,47144,4
1681790,5258,1
1681790,21386,2
1681939,44632,1
1681939,25931,2
1681939,27985,3
1681939,49191,4
1681995,13176,1
1681995,21903,2
1681995,42265,3
1681995,30489,4
1681995,43789,5
1682139,24852,1
1682139,21903,2
1682139,34969,3
1682139,22935,4
1682139,21267,5
1682139,40545,6
1682139,4920,7
1682139,33527,8
1682139,1700,9
1682139,21070,10
1683196,43352,1
1683196,18023,2
1683196,21288,3
1684809,23288,1
1684809,12341,2
1684859,33407,1
1684859,8239,2
1684976,27104,1
1684976,13629,2
1686050,4210,1
1686050,49235,2
1686050,43154,3
1686179,49683,1
1686179,28842,2
1686179,21616,3
1686179,41950,4
1686217,43739,1
1686217,13259,2
1686289,27966,1
1686289,22825,2
1686289,43961,3
1686289,10749,4
1686289,16797,5
1686289,22935,6
1686289,44661,7
1686289,23375,8
1686289,34969,9
1686289,30391,10
1686289,41220,11
1686289,40723,12
1686657,22035,1
1686657,5785,2
1686657,45066,3
1686657,21709,4
1686657,35221,5
1686657,44632,6
1686657,24799,7
1686657,18523,8
1686657,30169,9
1686657,33754,10
1686657,33787,11
1686657,18926,12
1686657,37646,13
1686657,29370,14
1686763,24852,1
1686763,27845,2
1686763,18023,3
1686763,18606,4
1686763,45223,5
1686763,42828,6
1686763,45,7
1686763,6104,8
1686763,10305,9
1686763,32177,10
1686865,41400,1
1686865,31759,2
1687470,5134,1
1687470,46906,2
1687470,39877,3
1687470,13176,4
1687470,28199,5
1688206,37646,1
1688206,40723,2
1688206,13249,3
1688206,21903,4
1688206,13629,5
1688206,21543,6
1688206,33731,7
1688206,42265,8
1688206,31343,9
1688206,46906,10
1688206,40706,11
1688310,196,1
1688310,41276,2
1689448,15424,1
1689448,41400,2
1689448,28204,3
1689587,13176,1
1689587,37646,2
1689587,48628,3
1689587,17706,4
1689587,4656,5
1689699,21572,1
1689699,196,2
1689699,40199,3
1691185,30391,1
1691185,47766,2
1691185,13249,3
1691349,31717,1
1691349,26209,2
1691349,20114,3
1691349,46667,4
1691349,24964,5
1691349,47209,6
1691349,33438,7
1691414,17794,1
1691414,10246,2
1691414,38383,3
1691414,27423,4
1691424,24852,1
1691424,47630,2
1691525,19348,1
1691525,13166,2
1691525,24852,3
1691525,24838,4
1692696,14992,1
1692696,17706,2
1692696,45504,3
1692696,47209,4
1693465,1463,1
1693465,5748,2
1693465,27966,3
1693607,13176,1
1693607,21137,2
1693607,35951,3
1693607,5258,4
1693607,1957,5
1693607,6184,6
1694715,12341,1
1694715,32478,2
1694715,890,3
1694882,8518,1
1694882,49683,2
1695210,24852,1
1695210,24830,2
1695210,31915,3
1695299,41950,1
1695299,46906,2
1695299,24964,3
1695299,46820,4
1695299,35921,5
1695464,32650,1
1695464,34287,2
1695464,45566,3
1695464,47877,4
1695784,47766,1
1695784,45063,2
1695784,19057,3
1695784,27086,4
1695784,11777,5
1695784,32478,6
1695784,29077,7
1695962,40939,1
1695962,25146,2
1695991,11520,1
1695991,49683,2
1695991,38739,3
1695991,42265,4
1695991,21903,5
1695991,40706,6
1695991,44359,7
1695991,24830,8
1695991,24841,9
1695991,26128,10
1695991,30720,11
1696095,9387,1
1696095,37710,2
1696276,46886,1
1696276,41290,2
1696276,28745,3
1696299,16797,1
1696299,6184,2
1696391,19660,1
1696391,13176,2
1696391,13575,3
1696391,46061,4
1696391,6184,5
1696613,25659,1
1696613,49235,2
1696613,35221,3
1697087,651,1
1697087,21903,2
1697087,1957,3
1697329,17191,1
1697329,44632,2
1697329,22556,3
1697505,10255,1
1697505,42441,2
1697505,34287,3
1697505,37923,4
1699231,27845,1
1699231,39928,2
1699231,21137,3
1699231,26604,4
1699231,47766,5
1699555,32303,1
1699555,21137,2
1699555,21288,3
1699555,43352,4
1699852,27845,1
1699852,22849,2
1699852,10305,3
1699852,41787,4
1699852,39408,5
1700313,12341,1
1700313,21903,2
1700313,45007,3
1700313,48679,4
1700313,16759,5
1700313,1244,6
1700736,19691,1
1700736,42265,2
1702424,21417,1
1702424,24009,2
1702424,27156,3
1702424,31717,4
1702424,43961,5
1702424,49131,6
1702424,10132,7
1702424,28985,8
1702424,21872,9
1702424,10749,10
1702424,4605,11
1702424,39619,12
1703582,6184,1
1703582,46562,2
1703582,13575,3
1703582,41400,4
1703984,25043,1
1703984,14901,2
1704142,196,1
1704142,41400,2
1704729,196,1
1704729,26317,2
1704836,33527,1
1704836,7559,2
1705435,41570,1
1705435,36550,2
1705435,27104,3
1705435,28476,4
1705435,39275,5
1705435,39928,6
1705435,30391,7
1705435,47209,8
1705903,12341,1
1705903,25659,2
1705903,22849,3
1705993,40939,1
1705993,196,2
1705993,46149,3
1706028,38689,1
1706028,21903,2
1706028,21137,3
1706028,23165,4
1706028,24852,5
1706274,196,1
1706274,47141,2
1706274,29529,3
1706890,30450,1
1706890,12427,2
1706890,196,3
1707144,2078,1
1707144,23288,2
1707144,45747,3
1707144,24838,4
1707144,35921,5
1707483,32478,1
1707483,33000,2
1707946,19348,1
1707946,33198,2
1707946,23288,3
1707946,42240,4
1707977,13176,1
1707977,13535,2
1707977,35561,3
1708694,13032,1
1708694,31759,2
1708694,13042,3
1708694,32478,4
1708694,32403,5
1708738,35503,1
1708738,13176,2
1708738,21137,3
1708738,36127,4
1708738,13198,5
1708738,8174,6
1708738,46886,7
1708738,29487,8
1708738,40198,9
1708738,16254,10
1708738,39275,11
1708738,43352,12
1708738,39619,13
1708738,10749,14
1708738,49075,15
1708738,8021,16
1708738,33438,17
1708738,38689,18
1708753,19660,1
1708753,46149,2
1708833,15424,1
1708833,16696,2
1709188,42500,1
1709188,37710,2
1709192,47977,1
1709192,12919,2
1709341,30391,1
1709341,47626,2
1709341,26283,3
1709341,35163,4
1709341,31506,5
1709838,12341,1
1709838,34466,2
1709838,6184,3
1709838,21903,4
1709972,6184,1
1709972,13575,2
1710185,44359,1
1710185,8518,2
1710185,48679,3
1710185,45007,4
1710185,12845,5
1710185,22034,6
1710185,26668,7
1710185,35951,8
1710185,22963,9
1710646,37687,1
1710646,37646,2
1710646,4461,3
1710646,260,4
1710646,46667,5
1710646,24964,6
1710646,5212,7
1710860,21292,1
1710860,21137,2
1710860,31759,3
1710860,32455,4
1711389,21405,1
1711389,36929,2
1711389,25659,3
1711389,26369,4
1711389,29307,5
1711507,40604,1
1711507,31506,2
1711507,26283,3
1711507,21386,4
1711654,21137,1
1711654,39275,2
1711654,13176,3
1711693,30639,1
1711693,16083,2
1711693,46676,3
1712604,31343,1
1712604,33731,2
1712604,23165,3
1712604,43129,4
1712604,42625,5
1712608,196,1
1712608,46129,2
1712608,9358,3
1712804,21137,1
1712804,26604,2
1713079,4472,1
1713079,8518,2
1713079,25659,3
1713079,43086,4
1713079,43295,5
1713079,16349,6
1713449,24852,1
1713449,20842,2
1713449,14129,3
1713449,4605,4
1713449,34358,5
1713449,41588,6
1713449,45290,7
1713449,210,8
1713449,31663,9
1713449,49683,10
1713449,47626,11
1713449,26209,12
1713449,23165,13
1713449,41787,14
1713449,21137,15
1713522,42450,1
1713522,40706,2
1713522,43662,3
1713522,21174,4
1713522,260,5
1714770,24852,1
1714770,27086,2
1714770,4920,3
1714770,24830,4
1714770,30391,5
1714770,21137,6
1714770,12845,7
1714770,7503,8
1714770,5612,9
1714824,46149,1
1714824,196,2
1714824,26348,3
1714971,35951,1
1714971,13176,2
1714971,21903,3
1714971,40706,4
1714971,47766,5
1714971,48679,6
1714971,9387,7
1714971,30391,8
1714971,22935,9
1714971,2966,10
1714971,24799,11
1714971,23909,12
1715130,24852,1
1715130,6046,2
1715130,21903,3
1715130,40706,4
1716553,1940,1
1716553,22935,2
1717134,19660,1
1717134,5258,2
1717485,19894,1
1717485,40706,2
1717485,31506,3
1717485,28476,4
1717701,48679,1
1717701,16521,2
1717701,27845,3
1717701,34969,4
1717701,47626,5
1717701,20345,6
1717701,8518,7
1717701,45007,8
1717701,24852,9
1717701,21903,10
1718254,9623,1
1718254,48015,2
1718551,42244,1
1718551,9387,2
1718551,47766,3
1718551,26209,4
1718551,31717,5
1718551,20114,6
1719103,35336,1
1719103,40939,2
1719217,32864,1
1719217,36695,2
1719217,40706,3
1719217,16797,4
1719217,26604,5
1719217,38273,6
1719217,10132,7
1719217,37011,8
1719217,39408,9
1719217,37524,10
1719553,41290,1
1719553,1217,2
1720910,14947,1
1720910,35989,2
1720910,26620,3
1720910,20119,4
1720910,27086,5
1720910,32864,6
1720910,17948,7
1721007,27104,1
1721007,21137,2
1721007,14992,3
1721007,5818,4
1721007,34969,5
1721007,18656,6
1721134,45051,1
1721134,196,2
1721326,39812,1
1721326,36735,2
1721326,40706,3
1721326,27521,4
1721326,8277,5
1721470,40706,1
1721470,8193,2
1721470,15937,3
1721470,28849,4
1721470,8518,5
1721470,21903,6
1721470,25890,7
1722207,40516,1
1722207,24852,2
1722207,18362,3
1722207,1215,4
1722503,25466,1
1722503,29447,2
1722577,196,1
1722577,41400,2
1722577,46562,3
1722870,16797,1
1722870,37710,2
1723313,13176,1
1723313,30450,2
1723313,14084,3
1723609,13176,1
1723609,280,2
1723609,48812,3
1723609,21137,4
1723609,43352,5
1723799,1999,1
1723799,26209,2
1723799,19894,3
1723799,34551,4
1723799,34358,5
1723799,4605,6
1723799,44359,7
1723799,17794,8
1723799,1529,9
1724027,37687,1
1724027,27086,2
1724027,27464,3
1724027,5450,4
1724098,9076,1
1724098,43352,2
1724098,8048,3
1724098,21292,4
1724437,12980,1
1724437,41220,2
1724437,38456,3
1725087,46906,1
1725087,8021,2
1725374,27325,1
1725374,36070,2
1725374,30406,3
1725374,39275,4
1725374,42768,5
1725750,44449,1
1725750,9839,2
1725750,46979,3
1725750,31066,4
1726251,24852,1
1726251,37766,2
1726251,27086,3
1726251,21137,4
1726251,39275,5
1726251,46505,6
1728184,44632,1
1728184,22142,2
1728184,14084,3
1728184,40268,4
1728184,26209,5
1728184,27966,6
1728184,2350,7
1728184,3599,8
1728184,27344,9
1728184,39619,10
1728184,29987,11
1728389,21955,1
1728389,47766,2
1728389,18370,3
1728389,7175,4
1728389,35535,5
1728389,40396,6
1729331,19691,1
1729331,8859,2
1730108,13176,1
1730108,24830,2
1730108,40706,3
1730991,13176,1
1730991,11777,2
1730991,45948,3
1731359,6184,1
1731359,13575,2
1732283,39275,1
1732283,44375,2
1732315,13517,1
1732315,1463,2
1732315,24852,3
1732315,28156,4
1732315,37220,5
1732315,38739,6
1732315,8518,7
1732315,31717,8
1732315,20114,9
1732315,7969,10
1732315,41950,11
1732315,30391,12
1732315,24830,13
1732562,12919,1
1732562,47977,2
1733938,21137,1
1733938,8571,2
1733938,13176,3
1733938,32689,4
1733938,37687,5
1735257,13259,1
1735257,31759,2
1735488,18362,1
1735488,1463,2
1735564,17316,1
1735564,24852,2
1735564,21137,3
1735564,47209,4
1735564,11777,5
1735564,39928,6
1735564,9550,7
1735725,40939,1
1735725,19660,2
1735895,30233,1
1735895,22935,2
1735895,18370,3
1735895,24852,4
1735895,42828,5
1735895,19678,6
1735895,31343,7
1735895,41198,8
1736027,24852,1
1736027,26165,2
1736027,25767,3
1736027,21137,4
1736027,2966,5
1736027,23025,6
1736027,47788,7
1736157,4942,1
1736157,16254,2
1736157,9339,3
1736157,37220,4
1736157,35383,5
1736157,11352,6
1736157,21137,7
1737829,37710,1
1737829,40199,2
1738258,5077,1
1738258,1940,2
1738258,44475,3
1738759,29447,1
1738759,47144,2
1738759,27086,3
1738759,48988,4
1738759,5876,5
1738759,7503,6
1739032,5785,1
1739032,22825,2
1739032,27966,3
1739032,21903,4
1739032,8518,5
1739032,21938,6
1739032,23734,7
1740197,43352,1
1740197,21137,2
1740197,39275,3
1740197,8048,4
1740197,6184,5
1740197,21903,6
1741982,8518,1
1741982,47209,2
1741982,31717,3
1741982,26209,4
1741982,24964,5
1741982,19678,6
1741982,12456,7
1741982,31869,8
1742305,41950,1
1742305,47209,2
1742305,31717,3
1742330,21137,1
1742330,31915,2
1742330,18880,3
1742950,40396,1
1742950,1511,2
1742950,45223,3
1743114,196,1
1743114,48812,2
1743114,37710,3
1743478,27695,1
1743478,15613,2
1743478,26604,3
1743478,37011,4
1744180,33401,1
1744180,24852,2
1744180,11140,3
1744303,13176,1
1744303,43352,2
1744303,280,3
1744303,12341,4
1744303,21195,5
1744600,21137,1
1744600,21903,2
1744913,13259,1
1744913,21137,2
1744913,38300,3
1745335,38689,1
1745335,27104,2
1745540,27521,1
1745540,39877,2
1745861,13852,1
1745861,21903,2
1745861,49075,3
1746102,29553,1
1746102,44570,2
1746678,38768,1
1746678,13176,2
1747232,45603,1
1747232,39275,2
1747232,7412,3
1747232,13176,4
1747600,30776,1
1747600,49610,2
1747600,25824,3
1747600,1710,4
1747600,18963,5
1748518,24852,1
1748518,44632,2
1748518,28985,3
1748518,47626,4
1748518,47766,5
1748518,14218,6
1748518,28934,7
1748518,30489,8
1748518,49683,9
1748518,16797,10
1748518,24810,11
1748518,47156,12
1748541,22802,1
1748541,6760,2
1748699,31651,1
1748699,12427,2
1748699,32455,3
1748785,22362,1
1748785,196,2
1748785,8859,3
1749751,8518,1
1749751,34358,2
1749751,39812,3
1749751,34126,4
1749751,47626,5
1749751,15937,6
1749751,35221,7
1749751,16965,8
1750382,30450,1
1750382,7503,2
1750941,32579,1
1750941,27845,2
1750941,33636,3
1750941,28597,4
1750941,42719,5
1750941,35951,6
1750941,23543,7
1750941,21955,8
1750941,2314,9
1750941,14992,10
1750941,19173,11
1751100,21288,1
1751100,32689,2
1751310,28985,1
1751310,15290,2
1751481,18656,1
1751481,19057,2
1751953,34969,1
1751953,24830,2
1751953,21267,3
1751953,21938,4
1751953,16797,5
1751953,35951,6
1751953,24852,7
1752051,605,1
1752051,2581,2
1752433,4942,1
1752433,22034,2
1752433,21903,3
1752433,40706,4
1752433,46979,5
1752433,28985,6
1752433,48679,7
1752611,37687,1
1752611,39858,2
1752611,2855,3
1752745,43961,1
1752745,35221,2
1752745,12320,3
1752745,14332,4
1752745,27845,5
1752745,42736,6
1753419,24852,1
1753419,5450,2
1753419,21137,3
1753419,29447,4
1753419,30233,5
1753419,8424,6
1753419,4920,7
1753419,24850,8
1753419,32734,9
1753880,21288,1
1753880,37687,2
1753880,30827,3
1753880,43352,4
1753880,21137,5
1754854,5479,1
1754854,36216,2
1755355,11422,1
1755355,31717,2
1755355,16521,3
1755355,8859,4
1755405,1463,1
1755405,21137,2
1755405,35108,3
1755405,24382,4
1755405,47672,5
1755405,24852,6
1755694,7175,1
1755694,46979,2
1756133,3957,1
1756133,35221,2
1756133,3873,3
1756231,2091,1
1756231,29447,2
1756231,28476,3
1756231,10132,4
1756231,1244,5
1756231,30233,6
1756231,10246,7
1756231,21137,8
1756231,26604,9
1756261,196,1
1756261,46562,2
1757175,196,1
1757175,49235,2
1757360,37687,1
1757360,40709,2
1757360,40174,3
1757419,25138,1
1757419,21903,2
1757419,44359,3
1757587,24810,1
1757587,40268,2
1757587,5450,3
1757587,38456,4
1757587,20738,5
1757587,6210,6
1757744,29103,1
1757744,44051,2
1757744,21376,3
1757744,11123,4
1757744,22963,5
1757744,8580,6
1757744,14999,7
1758699,14332,1
1758699,18441,2
1758699,13176,3
1758699,37220,4
1758765,16797,1
1758765,6184,2
1758765,39275,3
1758765,44683,4
1758765,13966,5
1758975,24852,1
1758975,41290,2
1759202,34243,1
1759202,21903,2
1759202,16759,3
1759202,14992,4
1759202,46979,5
1759202,31506,6
1759202,28849,7
1759202,29987,8
1761238,17872,1
1761238,42736,2
1761238,22935,3
1761238,38772,4
1761238,7021,5
1761238,40604,6
1761238,39040,7
1762170,12341,1
1762170,27845,2
1762173,13176,1
1762173,14852,2
1762173,12872,3
1762173,24518,4
1762173,33198,5
1762173,21376,6
1762173,42356,7
1762173,4137,8
1762354,29487,1
1762354,4210,2
1762354,37687,3
1762354,14218,4
1762354,37053,5
1762354,605,6
1762354,8021,7
1762354,8230,8
1762493,7751,1
1762493,23032,2
1762616,39877,1
1762616,14233,2
1762685,44359,1
1762685,30489,2
1762685,5769,3
1762685,16797,4
1762685,47630,5
1763246,11520,1
1763246,47209,2
1763246,12456,3
1763246,28985,4
1763246,21083,5
1763246,21267,6
1763246,33000,7
1763246,46906,8
1763246,42265,9
1763246,20580,10
1763297,23288,1
1763297,46061,2
1763297,17122,3
1763899,39275,1
1763899,11520,2
1764349,27464,1
1764349,36127,2
1764349,49235,3
1764349,37067,4
1764349,8277,5
1764349,5077,6
1764349,35503,7
1764349,4367,8
1764377,4605,1
1764377,47766,2
1764535,44632,1
1764535,17948,2
1764535,48745,3
1764535,41694,4
1764535,22935,5
1764535,30776,6
1764535,21137,7
1764535,47209,8
1764538,14419,1
1764538,48812,2
1765157,21137,1
1765157,37710,2
1765193,47209,1
1765193,41177,2
1765364,10326,1
1765364,13176,2
1765364,25588,3
1765364,3298,4
1765557,28934,1
1765557,31717,2
1765576,35561,1
1765576,39657,2
1765743,23537,1
1765743,651,2
1765743,12606,3
1765884,45190,1
1765884,29848,2
1766236,24852,1
1766236,8859,2
1766236,10753,3
1766238,5258,1
1766238,8048,2
1766238,9358,3
1766238,13176,4
1766238,14233,5
1766616,5258,1
1766616,12427,2
1766616,196,3
1766805,36425,1
1766805,48395,2
1766805,38400,3
1766805,44632,4
1766805,17872,5
1766885,21137,1
1766885,21903,2
1766973,21386,1
1766973,21288,2
1766973,17924,3
1767314,24838,1
1767314,27966,2
1767314,13176,3
1767336,18811,1
1767336,49235,2
1767458,31553,1
1767458,16797,2
1767458,21616,3
1767458,46584,4
1767458,7781,5
1767458,45066,6
1767458,20082,7
1767458,13176,8
1768675,3957,1
1768675,26209,2
1769256,20512,1
1769256,31683,2
1769256,27156,3
1769256,1939,4
1769256,23516,5
1769256,48094,6
1769256,204,7
1769256,32734,8
1769256,7500,9
1769256,45535,10
1769884,42625,1
1769884,23540,2
1769903,13259,1
1769903,30450,2
1769903,40199,3
1770144,3957,1
1770144,24852,2
1770144,38777,3
1770144,5479,4
1770382,31964,1
1770382,24852,2
1770382,44632,3
1770382,13740,4
1770382,22035,5
1770382,27845,6
1770382,22474,7
1770382,13646,8
1770382,12576,9
1770382,31040,10
1770382,13380,11
1770382,13535,12
1770609,16083,1
1770609,16759,2
1770609,22935,3
1770609,21903,4
1770609,2480,5
1770609,25890,6
1770609,8424,7
1770609,32299,8
1771220,40199,1
1771220,38300,2
1771641,47766,1
1771641,432,2
1771641,16083,3
1771641,6104,4
1771641,15290,5
1771641,4920,6
1771641,16797,7
1771641,29987,8
1771641,11182,9
1771641,7485,10
1771641,18918,11
1772056,16797,1
1772056,8048,2
1772056,30827,3
1772056,12606,4
1772056,21288,5
1772410,12341,1
1772410,22802,2
1772487,35939,1
1772487,30489,2
1772487,42265,3
1772487,2295,4
1772487,15290,5
1772487,44142,6
1772487,31717,7
1772487,25588,8
1772699,28289,1
1772699,16616,2
1772699,13176,3
1772699,27744,4
1772891,5818,1
1772891,35042,2
1773032,47209,1
1773032,5876,2
1773737,30591,1
1773737,36534,2
1774066,21903,1
1774066,47209,2
1774104,17794,1
1774104,34590,2
1774104,26209,3
1774104,31717,4
1774104,40604,5
1775590,44359,1
1775590,43129,2
1775590,49481,3
1775590,8518,4
1775590,22935,5
1775590,12845,6
1775590,39040,7
1775590,5450,8
1775590,27104,9
1775787,24852,1
1775787,8277,2
1775787,19057,3
1775787,22825,4
1775787,41787,5
1775787,46969,6
1775787,26604,7
1775875,8424,1
1775875,36618,2
1775875,48364,3
1775875,20580,4
1775875,34969,5
1775875,28993,6
1776102,47766,1
1776102,33352,2
1776102,19660,3
1776102,38456,4
1776102,10644,5
1777762,38928,1
1777762,13424,2
1777762,48812,3
1777762,12427,4
1777762,42265,5
1778643,43352,1
1778643,39275,2
1779318,14233,1
1779318,1217,2
1779371,18465,1
1779371,31553,2
1780214,19660,1
1780214,34050,2
1780214,27344,3
1780448,4799,1
1780448,24852,2
1780448,49683,3
1780448,30489,4
1780448,41198,5
1780448,43961,6
1780448,31640,7
1780448,13852,8
1780448,40604,9
1780448,47042,10
1780448,45948,11
1780448,6104,12
1780448,27845,13
1780448,17878,14
1780448,33198,15
1780448,26604,16
1780448,42585,17
1780453,26620,1
1780453,22556,2
1781285,32478,1
1781285,4920,2
1781285,20955,3
1781285,13176,4
1782463,33731,1
1782463,42719,2
1782463,31727,3
1783366,5428,1
1783366,47766,2
1783366,14891,3
1783366,36724,4
1783437,29628,1
1783437,22565,2
1783437,45622,3
1783476,16953,1
1783476,280,2
1783666,18465,1
1783666,47626,2
1783666,39475,3
1783666,27845,4
1783666,18531,5
1783666,4086,6
1783666,37065,7
1784471,5258,1
1784471,38300,2
1784616,20940,1
1784616,17862,2
1784616,37687,3
1784852,21903,1
1784852,14715,2
1785134,20995,1
1785134,8571,2
1785134,38768,3
1785134,15200,4
1785134,8048,5
1785134,44683,6
1785644,19660,1
1785644,196,2
1786308,27336,1
1786308,29127,2
1786308,48679,3
1786308,27845,4
1786308,20114,5
1786308,27156,6
1786308,44142,7
1786372,16797,1
1786372,9076,2
1786372,21288,3
1786487,28204,1
1786487,24852,2
1786487,23543,3
1786487,21903,4
1786487,38164,5
1786487,18023,6
1786487,39275,7
1786487,30450,8
1787117,18023,1
1787117,39657,2
1787117,15680,3
1788479,36011,1
1788479,24852,2
1788479,25890,3
1788479,27316,4
1788479,33120,5
1788479,13829,6
1788479,31343,7
1788479,47766,8
1788494,41950,1
1788494,16185,2
1788683,46979,1
1788683,38739,2
1788783,44683,1
1788783,4724,2
1789008,34126,1
1789008,40593,2
1789008,24024,3
1789008,24964,4
1789122,24852,1
1789122,40174,2
1789122,28849,3
1789122,47766,4
1789122,23594,5
1789122,17794,6
1789596,27156,1
1789596,38768,2
1791801,196,1
1791801,7948,2
1792370,3957,1
1792370,35221,2
1792370,21709,3
1792648,8670,1
1792648,22935,2
1792648,45223,3
1792648,41220,4
1792648,27344,5
1792648,30391,6
1793147,1511,1
1793147,47766,2
1793147,42110,3
1793147,34249,4
1793147,12320,5
1793147,18382,6
1793895,46906,1
1793895,6873,2
1793895,35951,3
1793899,47209,1
1793899,24852,2
1793976,30827,1
1793976,37687,2
1794436,39475,1
1794436,24184,2
1794436,28553,3
1794436,6046,4
1794436,8424,5
1794436,24852,6
1794436,49585,7
1794436,8518,8
1794436,4920,9
1795012,31506,1
1795012,37687,2
1795683,5450,1
1795683,36011,2
1796069,33000,1
1796069,13176,2
1796069,21195,3
1796472,39475,1
1796472,29418,2
1796472,12341,3
1796472,18531,4
1796472,35749,5
1796803,37220,1
1796803,42736,2
1796803,45535,3
1796803,13083,4
1796803,47626,5
1796814,11182,1
1796814,2078,2
1797673,42701,1
1797673,34126,2
1797673,44628,3
1797673,18594,4
1797673,17795,5
1797673,26369,6
1797673,17461,7
1797673,28842,8
1797673,10749,9
1797673,23029,10
1797673,46654,11
1797673,31506,12
1799488,46654,1
1799488,43122,2
1799488,47626,3
1799883,14233,1
1799883,47209,2
1799883,33055,3
1799883,27966,4
1799883,49383,5
1801047,26209,1
1801047,20114,2
1801047,47766,3
1801047,8670,4
1801047,38293,5
1801047,25890,6
1801047,21010,7
1801047,45007,8
1801146,19660,1
1801146,5769,2
1801401,24184,1
1801401,16349,2
1801401,44570,3
1801401,6187,4
1801401,47626,5
1801401,8424,6
1801401,24852,7
1801401,47144,8
1801625,27086,1
1801625,329,2
1801625,28535,3
1801625,24799,4
1801625,1695,5
1801625,45066,6
1801625,31506,7
1801625,16185,8
1801694,24852,1
1801694,6184,2
1801694,28204,3
1801694,41787,4
1801694,10305,5
1803037,44632,1
1803037,11576,2
1803037,19376,3
1803117,11123,1
1803117,6799,2
1803117,31231,3
1803117,8580,4
1803117,21010,5
1803802,196,1
1803802,31759,2
1803802,18441,3
1804065,31717,1
1804065,43961,2
1804065,24838,3
1804065,18531,4
1804096,15200,1
1804096,21292,2
1804342,12427,1
1804342,46149,2
1804342,39657,3
1804702,21903,1
1804702,37687,2
1804702,32689,3
1804938,1511,1
1804938,21903,2
1804938,37103,3
1805516,13852,1
1805516,41950,2
1806264,26128,1
1806264,9020,2
1806635,5876,1
1806635,16185,2
1806635,18531,3
1806635,24852,4
1806635,25466,5
1807029,33120,1
1807029,47209,2
1807029,13176,3
1807029,33316,4
1807029,27544,5
1807029,17794,6
1807029,46667,7
1807393,38928,1
1807393,39332,2
1807393,37710,3
1807393,42500,4
1807393,196,5
1807393,39657,6
1807468,11068,1
1807468,13176,2
1807468,47626,3
1807524,37276,1
1807524,29926,2
1807524,17355,3
1807524,4920,4
1809037,33768,1
1809037,6184,2
1809037,19660,3
1809651,35221,1
1809651,27344,2
1809651,2295,3
1809651,24184,4
1809651,11182,5
1809676,47766,1
1809676,24852,2
1809676,4920,3
1809676,29987,4
1809676,37215,5
1809976,12341,1
1809976,43352,2
1809976,6184,3
1811669,18523,1
1811669,46979,2
1811669,13176,3
1811669,31040,4
1811669,33120,5
1811669,890,6
1811669,7021,7
1811669,33754,8
1811669,47672,9
1811669,33731,10
1812346,2086,1
1812346,44359,2
1812346,21903,3
1812468,24852,1
1812468,5450,2
1812468,46088,3
1813084,1957,1
1813084,8571,2
1813084,13176,3
1813084,12341,4
1813127,37710,1
1813127,6184,2
1813257,14947,1
1813257,16696,2
1813257,44632,3
1813695,5785,1
1813695,4920,2
1813819,13176,1
1813819,33768,2
1813819,42803,3
1813819,8571,4
1815604,19006,1
1815604,38656,2
1815604,5322,3
1815604,40063,4
1815734,36070,1
1815734,21872,2
1815877,13176,1
1815877,33768,2
1815877,21288,3
1816003,33198,1
1816003,27845,2
1816003,7014,3
1816466,10644,1
1816466,42450,2
1816466,1940,3
1816466,37646,4
1816466,21903,5
1816466,47766,6
1816466,13176,7
1816466,2295,8
1816466,8424,9
1816466,33754,10
1816466,49075,11
1816466,8193,12
1816466,14161,13
1816466,21137,14
1816466,39275,15
1816466,48679,16
1816466,35887,17
1816466,46720,18
1816466,45535,19
1816466,44449,20
1816466,10246,21
1816466,45007,22
1816473,39275,1
1816473,21903,2
1816858,13176,1
1816858,27104,2
1816858,24964,3
1816858,30489,4
1816866,1194,1
1816866,14233,2
1816866,4138,3
1816866,31992,4
1817677,196,1
1817677,31102,2
1817677,34551,3
1817677,18023,4
1817720,24850,1
1817720,44098,2
1817720,44116,3
1817720,39947,4
1817720,47977,5
1817720,12576,6
1817720,21288,7
1817720,16797,8
1817776,13249,1
1817776,49192,2
1819801,16797,1
1819801,27451,2
1819825,34050,1
1819825,24852,2
1819902,17948,1
1819902,11182,2
1819902,42265,3
1819902,8518,4
1819902,26128,5
1819902,24489,6
1819902,12341,7
1819902,40706,8
1819956,5769,1
1819956,11759,2
1819956,30827,3
1820528,28427,1
1820528,1940,2
1820528,1831,3
1820528,2717,4
1820528,12576,5
1820528,49235,6
1820528,49520,7
1821134,39275,1
1821134,8277,2
1821134,21137,3
1821134,45007,4
1821134,5479,5
1821134,34358,6
1821134,35042,7
1821134,11408,8
1822561,37687,1
1822561,21903,2
1822561,8048,3
1822637,35951,1
1822637,47766,2
1822637,39275,3
1822637,21903,4
1822637,28289,5
1822637,35887,6
1822637,22035,7
1822637,37646,8
1822637,5134,9
1822637,30391,10
1822761,44632,1
1822761,35221,2
1822761,21709,3
1822761,26620,4
1822761,20119,5
1822761,49520,6
1822761,2717,7
1822761,22556,8
1822761,14947,9
1822761,4138,10
1822761,44375,11
1822761,4493,12
1822761,17080,13
1822861,32747,1
1822861,13176,2
1822861,30776,3
1822861,47626,4
1822861,21709,5
1822861,21137,6
1822861,22993,7
1822861,27695,8
1823313,17948,1
1823313,1158,2
1823313,24489,3
1823313,27966,4
1823313,26604,5
1823439,26128,1
1823439,33198,2
1823439,47626,3
1823439,47209,4
1823439,2228,5
1823439,44375,6
1823439,25513,7
1823439,43662,8
1823459,22395,1
1823459,42768,2
1823933,21938,1
1823933,47209,2
1823933,27086,3
1823933,4605,4
1823933,27156,5
1823933,23734,6
1823933,26209,7
1823933,8309,8
1824920,47209,1
1824920,10132,2
1824920,13176,3
1824920,18370,4
1824920,45066,5
1824920,38159,6
1824920,28985,7
1824920,24838,8
1824964,37011,1
1824964,38739,2
1824964,37646,3
1824964,30391,4
1824964,43352,5
1824964,19678,6
1825460,24830,1
1825460,26209,2
1825460,7963,3
1825460,8138,4
1825460,47766,5
1825460,29487,6
1825460,33401,7
1825460,27845,8
1825460,42585,9
1825460,42736,10
1825460,17948,11
1825595,12341,1
1825595,9358,2
1825595,46129,3
1826188,44632,1
1826188,21709,2
1826188,17191,3
1826188,49235,4
1826289,8859,1
1826289,43352,2
1826289,8571,3
1826289,39275,4
1826432,22362,1
1826432,196,2
1826432,13259,3
1826432,5258,4
1826432,32403,5
1826656,5258,1
1826656,19660,2
1826846,47977,1
1826846,36316,2
1828476,27086,1
1828476,7948,2
1828476,21137,3
1828476,34126,4
1828476,21903,5
1828476,17794,6
1828476,35951,7
1828476,45774,8
1828476,19660,9
1828476,9839,10
1828476,44359,11
1828476,34969,12
1828556,47144,1
1828556,36011,2
1828556,27845,3
1828662,45007,1
1828662,16797,2
1828662,47626,3
1829417,42244,1
1829417,31663,2
1829417,38689,3
1829417,13176,4
1829417,21137,5
1829417,19057,6
1829417,14901,7
1829417,18027,8
1829417,11481,9
1829674,13176,1
1829674,18441,2
1829674,1957,3
1829962,33000,1
1829962,21195,2
1829962,26348,3
1830763,37067,1
1830763,47209,2
1830763,35163,3
1830763,5876,4
1830763,26209,5
1830763,22935,6
1830763,44987,7
1830763,38456,8
1830868,19660,1
1830868,21386,2
1830868,13176,3
1830868,12341,4
1830868,4724,5
1831168,14947,1
1831168,37011,2
1831168,4461,3
1831314,31343,1
1831314,31040,2
1831519,11440,1
1831519,31343,2
1831519,10644,3
1831590,12427,1
1831590,41400,2
1831590,37710,3
1832090,38768,1
1832090,21288,2
1832090,9076,3
1832090,43352,4
1832090,16797,5
1832090,40939,6
1832117,35951,1
1832117,30450,2
1832117,31759,3
1832283,38288,1
1832283,21903,2
1832283,45066,3
1832283,40706,4
1832283,5785,5
1832283,41787,6
1832283,35921,7
1832283,34448,8
1832283,42244,9
1832283,29926,10
1833124,20955,1
1833124,18441,2
1833124,40939,3
1833124,13259,4
1833762,27845,1
1833762,13176,2
1833762,18531,3
1833762,8021,4
1833762,37646,5
1833775,2078,1
1833775,12341,2
1833945,6046,1
1833945,27471,2
1833964,39275,1
1833964,21903,2
1835330,47144,1
1835330,14650,2
1835449,27325,1
1835449,21386,2
1835449,25466,3
1835505,13083,1
1835505,26604,2
1835505,48679,3
1835530,30450,1
1835530,19348,2
1836337,42244,1
1836337,27086,2
1836337,22504,3
1836646,46061,1
1836646,21573,2
1836646,196,3
1836852,47766,1
1836852,24852,2
1836852,45066,3
1836852,8174,4
1836852,27156,5
1836852,2295,6
1836852,24184,7
1836852,1244,8
1836852,31506,9
1836852,34243,10
1836852,8424,11
1836852,13629,12
1836852,28601,13
1836852,28553,14
1836852,18479,15
1837039,35842,1
1837039,9421,2
1837039,37158,3
1837306,7948,1
1837306,30233,2
1837306,47209,3
1837306,28204,4
1838052,196,1
1838052,26405,2
1838563,21903,1
1838563,35547,2
1838580,25466,1
1838580,13176,2
1838580,41658,3
1838580,9839,4
1838580,8277,5
1838580,47209,6
1838580,38650,7
1838580,31040,8
1838983,15290,1
1838983,20114,2
1838983,15386,3
1838983,40332,4
1839858,13176,1
1839858,20738,2
1839858,17355,3
1839858,5077,4
1839858,40310,5
1839858,43713,6
1839858,27344,7
1840199,42768,1
1840199,24852,2
1840199,49683,3
1840199,23236,4
1840199,38273,5
1840199,42265,6
1840199,21616,7
1840474,25931,1
1840474,5025,2
1840474,18880,3
1840474,42625,4
1841620,43295,1
1841620,28278,2
1841620,49533,3
1841740,24799,1
1841740,47209,2
1841740,17794,3
1841740,43961,4
1841740,19019,5
1841740,27966,6
1841740,21137,7
1841740,37646,8
1841740,5876,9
1841740,30489,10
1842037,24852,1
1842037,11520,2
1842037,20082,3
1842037,43352,4
1842037,38739,5
1843573,6046,1
1843573,38273,2
1843573,39040,3
1843573,27881,4
1843573,22935,5
1843573,45007,6
1843573,30233,7
1843573,11777,8
1843573,28745,9
1843573,24184,10
1843573,47766,11
1843573,21903,12
1844134,48364,1
1844134,27086,2
1844134,42828,3
1844221,45007,1
1844221,48679,2
1844221,20114,3
1844221,34969,4
1844221,31717,5
1844221,34126,6
1844221,44008,7
1844409,20940,1
1844409,196,2
1844409,19660,3
1844409,39408,4
1844409,6184,5
1844409,42265,6
1844493,44632,1
1844493,21709,2
1844493,20119,3
1844616,17191,1
1844616,2717,2
1844616,26620,3
1844616,44632,4
1844616,9755,5
1844616,2099,6
1844616,28199,7
1844977,20711,1
1844977,42240,2
1846258,23909,1
1846258,14947,2
1846261,18606,1
1846261,49235,2
1846581,44632,1
1846581,35221,2
1846581,27086,3
1846581,5161,4
1846581,24852,5
1846581,20119,6
1846581,22556,7
1846581,47626,8
1846581,45066,9
1846581,25043,10
1846581,30489,11
1846591,44632,1
1846591,35221,2
1846591,26620,3
1846591,21709,4
1846591,22556,5
1846591,17191,6
1847263,15359,1
1847263,33000,2
1847332,37710,1
1847332,5258,2
1847569,19660,1
1847569,38928,2
1847569,43352,3
1847940,32689,1
1847940,16290,2
1847940,45948,3
1847940,5456,4
1847940,248,5
1847940,4605,6
1847940,24964,7
1847967,24852,1
1847967,45066,2
1847967,19057,3
1847967,39877,4
1847967,31683,5
1847967,36082,6
1847971,4137,1
1847971,27663,2
1847971,24253,3
1848335,6184,1
1848335,13176,2
1848335,46562,3
1848434,7781,1
1848434,28476,2
1848434,31343,3
1848434,35887,4
1848434,42445,5
1848603,19057,1
1848603,23288,2
1850353,2086,1
1850353,6182,2
1850353,21847,3
1850353,34658,4
1850458,46667,1
1850458,13176,2
1850458,19057,3
1850458,44359,4
1850458,43789,5
1850458,21543,6
1850491,13176,1
1850491,42265,2
1850491,44683,3
1850491,43352,4
1850491,16797,5
1850491,8048,6
1850491,12341,7
1850491,21292,8
1850491,37687,9
1851587,31433,1
1851587,38656,2
1851664,44632,1
1851664,260,2
1851664,21709,3
1852643,19660,1
1852643,46061,2
1852802,14715,1
1852802,5258,2
1852975,1194,1
1852975,38164,2
1852975,14233,3
1852975,27325,4
1852975,13176,5
1852975,24799,6
1853905,30489,1
1853905,24852,2
1853905,9825,3
1854122,30391,1
1854122,33731,2
1854152,8193,1
1854152,31717,2
1854152,38689,3
1854152,14678,4
1854152,44142,5
1854152,24184,6
1854659,40545,1
1854659,21903,2
1855716,45007,1
1855716,39275,2
1855716,21137,3
1855716,4210,4
1855716,41844,5
1855716,11068,6
1856286,16797,1
1856286,9076,2
1856286,43352,3
1856286,21292,4
1856286,39275,5
1856286,14161,6
1856897,24852,1
1856897,21903,2
1856897,46676,3
1857848,39921,1
1857848,16696,2
1857848,41290,3
1857848,43192,4
1857897,13829,1
1857897,23645,2
1857897,49235,3
1858361,21903,1
1858361,4149,2
1858670,38200,1
1858670,13176,2
1858670,37464,3
1859193,23288,1
1859193,14715,2
1859193,19660,3
1859414,32303,1
1859414,35336,2
1859589,40742,1
1859589,30406,2
1859589,5068,3
1859686,24964,1
1859686,8859,2
1861488,27663,1
1861488,3007,2
1861488,13249,3
1862520,45007,1
1862520,30450,2
1863442,24184,1
1863442,19348,2
1863455,5479,1
1863455,18389,2
1863455,45747,3
1864558,16797,1
1864558,12341,2
1864558,46061,3
1864558,13914,4
1864558,41400,5
1864945,19678,1
1864945,42736,2
1864945,24852,3
1864945,39812,4
1864945,35951,5
1865901,49520,1
1865901,35221,2
1866262,21288,1
1866262,43352,2
1866262,21903,3
1867361,196,1
1867361,39581,2
1867767,39877,1
1867767,34423,2
1867767,37766,3
1868312,8277,1
1868312,40723,2
1868778,35561,1
1868778,43154,2
1868778,41400,3
1868918,46149,1
1868918,46562,2
1869445,24852,1
1869445,42244,2
1869445,28553,3
1869445,46802,4
1869445,17794,5
1869445,34358,6
1869445,4605,7
1869585,29447,1
1869585,26209,2
1869585,8518,3
1869585,13176,4
1869585,31915,5
1869585,34969,6
1869665,37067,1
1869665,48628,2
1869665,26369,3
1869665,8518,4
1869665,31717,5
1869665,42585,6
1869665,21938,7
1869665,37065,8
1869665,19057,9
1869665,30305,10
1869665,46667,11
1870304,4920,1
1870304,24852,2
1870304,9839,3
1870540,35561,1
1870540,35951,2
1870540,33768,3
1870540,6184,4
1870540,13176,5
1870540,32303,6
1870592,1940,1
1870592,38300,2
1870672,41220,1
1870672,47209,2
1870672,27086,3
1871397,27845,1
1871397,24838,2
1871397,17794,3
1871397,37766,4
1871397,28204,5
1871397,24852,6
1871695,13042,1
1871695,22362,2
1872168,34126,1
1872168,9839,2
1872168,16759,3
1872168,26369,4
1872168,27845,5
1872168,5876,6
1872168,4367,7
1872168,6104,8
1872440,7751,1
1872440,14332,2
1872440,35898,3
1872440,27845,4
1872440,24852,5
1872440,48679,6
1872501,35951,1
1872501,1194,2
1873277,19660,1
1873277,34551,2
1873663,35221,1
1873663,49191,2
1873663,44632,3
1873663,21709,4
1873663,17191,5
1873964,47209,1
1873964,42265,2
1873964,46802,3
1873964,13176,4
1873964,11182,5
1874709,38890,1
1874709,13176,2
1874709,21137,3
1874709,39812,4
1874709,24964,5
1875463,3957,1
1875463,37067,2
1875463,24489,3
1875463,1158,4
1875463,46802,5
1875463,17948,6
1875463,26790,7
1875463,21903,8
1875463,31717,9
1875463,34448,10
1875463,16254,11
1875463,8518,12
1875463,42265,13
1875463,9839,14
1875463,27104,15
1875463,21938,16
1875463,46667,17
1875463,13166,18
1875594,17924,1
1875594,35561,2
1876139,27521,1
1876139,42768,2
1876139,5373,3
1876139,5769,4
1876139,22935,5
1876139,44359,6
1876139,45007,7
1876139,27104,8
1876139,26629,9
1876250,26604,1
1876250,21137,2
1876250,39928,3
1876250,34565,4
1876250,42445,5
1876250,23516,6
1876908,41400,1
1876908,38928,2
1876971,14233,1
1876971,6182,2
1877140,39947,1
1877140,27275,2
1878238,47209,1
1878238,24184,2
1878238,14633,3
1878238,44632,4
1878434,44632,1
1878434,21709,2
1878434,3389,3
1878434,27086,4
1878434,12916,5
1878434,49520,6
1878450,46149,1
1878450,32689,2
1878450,6184,3
1878450,21288,4
1878450,13176,5
1878450,20738,6
1878928,47156,1
1878928,45747,2
1878928,49520,3
1878928,11688,4
1878928,21903,5
1878928,34590,6
1879116,13176,1
1879116,26604,2
1879116,8859,3
1879116,24184,4
1879116,33716,5
1879116,45066,6
1879225,25890,1
1879225,21616,2
1879225,33352,3
1879225,43961,4
1879993,11520,1
1879993,33120,2
1879993,13176,3
1879993,39877,4
1879993,46979,5
1879993,47626,6
1879993,21938,7
1879993,28934,8
1879993,10749,9
1880540,48745,1
1880540,27104,2
1880540,21938,3
1880540,41950,4
1880540,44471,5
1880540,11520,6
1881149,35221,1
1881149,44632,2
1881149,22959,3
1881149,13263,4
1881149,28465,5
1881149,1463,6
1881327,25753,1
1881327,16797,2
1881327,25890,3
1881327,3376,4
1881327,8518,5
1881327,45066,6
1881640,5621,1
1881640,16521,2
1881698,21137,1
1881698,38689,2
1881698,13176,3
1881698,8174,4
1882321,41165,1
1882321,22849,2
1882321,8174,3
1882321,31915,4
1882354,19660,1
1882354,43739,2
1883183,6184,1
1883183,32478,2
1883183,40199,3
1883183,33000,4
1883183,32691,5
1883183,26317,6
1884034,46149,1
1884034,13176,2
1884215,6948,1
1884215,4942,2
1884215,41950,3
1884215,21543,4
1884458,27966,1
1884458,38944,2
1884458,9825,3
1884458,27307,4
1884458,30489,5
1884458,43961,6
1884458,40593,7
1884458,28156,8
1884458,38159,9
1884526,48370,1
1884526,29103,2
1884612,21903,1
1884612,47209,2
1884612,8174,3
1884612,30391,4
1884612,28204,5
1884612,8424,6
1884612,47626,7
1884612,26209,8
1884612,46979,9
1884612,6873,10
1884612,5479,11
1884827,23288,1
1884827,9839,2
1885457,37646,1
1885457,29926,2
1885457,47144,3
1885457,22035,4
1885457,13176,5
1885572,26604,1
1885572,39275,2
1885572,28204,3
1885585,39275,1
1885585,2086,2
1885751,23288,1
1885751,21288,2
1885751,16797,3
1885751,39275,4
1885751,21903,5
1885751,37687,6
1885751,10326,7
1885751,8571,8
1886195,44632,1
1886195,35221,2
1886195,29926,3
1886195,20119,4
1886195,7503,5
1886195,16290,6
1886195,13819,7
1886572,196,1
1886572,14233,2
1886677,29926,1
1886677,13819,2
1888119,48679,1
1888119,2966,2
1888251,40939,1
1888251,38768,2
1888286,26317,1
1888286,43352,2
1888286,46061,3
1888403,35951,1
1888403,21903,2
1888403,47209,3
1888403,5876,4
1888403,13176,5
1888823,38928,1
1888823,4149,2
1888823,13176,3
1889424,21292,1
1889424,5025,2
1889424,4605,3
1889424,19348,4
1889926,47626,1
1889926,34126,2
1889926,15937,3
1890064,31102,1
1890064,41276,2
1890064,46061,3
1890571,42803,1
1890571,38928,2
1890644,13176,1
1890644,45007,2
1890644,47209,3
1890644,42768,4
1890644,24489,5
1890644,2228,6
1890644,17948,7
1890644,21137,8
1890644,11777,9
1890644,8670,10
1891981,21903,1
1891981,43295,2
1892164,35842,1
1892164,18918,2
1892164,36406,3
1892164,33352,4
1892164,48679,5
1892164,45007,6
1892312,21137,1
1892312,37067,2
1892312,15392,3
1892312,21903,4
1892745,1695,1
1892745,30233,2
1892745,30639,3
1892745,47626,4
1892745,38164,5
1892942,16797,1
1892942,27966,2
1892942,43961,3
1893076,19057,1
1893076,8277,2
1893076,9387,3
1893076,8174,4
1893493,33129,1
1893493,17316,2
1893493,24852,3
1893493,26604,4
1893924,13176,1
1893924,33000,2
1893924,6184,3
1893924,16797,4
1893924,20955,5
1893924,18441,6
1893924,27796,7
1896004,11712,1
1896004,19048,2
1896004,39408,3
1896004,47766,4
1896004,30391,5
1896004,24852,6
1896004,8424,7
1896004,25890,8
1896004,43961,9
1896004,4605,10
1896067,24852,1
1896067,47766,2
1896067,45,3
1896476,5876,1
1896476,13984,2
1896476,34126,3
1896476,26940,4
1896476,2966,5
1896522,13176,1
1896522,19057,2
1896522,31338,3
1897104,29447,1
1897104,6187,2
1897104,37067,3
1897104,48628,4
1897104,37220,5
1897104,39812,6
1897104,21174,7
1897104,5876,8
1897104,17872,9
1897104,22935,10
1897104,39984,11
1897104,45007,12
1897104,7010,13
1897104,17794,14
1897120,47209,1
1897120,8230,2
1897174,19660,1
1897174,27966,2
1897174,21137,3
1897174,44910,4
1897174,47209,5
1897174,38689,6
1897185,42803,1
1897185,41276,2
1897185,5258,3
1898280,196,1
1898280,30591,2
1898310,21903,1
1898310,12341,2
1898484,21070,1
1898484,25513,2
1898924,16290,1
1898924,30233,2
1898924,27086,3
1898924,14127,4
1898924,35221,5
1899428,4367,1
1899428,24964,2
1899428,47626,3
1899428,41065,4
1899428,46979,5
1899428,45007,6
1899794,24852,1
1899794,3389,2
1900187,21386,1
1900187,39275,2
1900346,43631,1
1900346,47877,2
1900346,277,3
1900346,20119,4
1900346,21709,5
1900346,29503,6
1900346,21131,7
1900640,12206,1
1900640,45646,2
1900640,49383,3
1900640,10312,4
1902858,14161,1
1902858,16797,2
1902858,20995,3
1902858,3020,4
1902858,43352,5
1902858,47888,6
1903089,43154,1
1903089,40063,2
1903161,49610,1
1903161,46676,2
1903161,27544,3
1903275,33198,1
1903275,196,2
1903637,45223,1
1903637,24852,2
1903637,28204,3
1903694,18987,1
1903694,20955,2
1904568,43352,1
1904568,20940,2
1904568,16797,3
1904568,26088,4
1904736,27845,1
1904736,24852,2
1904736,4920,3
1904736,42445,4
1904736,8518,5
1904736,19048,6
1906261,44683,1
1906261,20345,2
1906261,4724,3
1906389,13176,1
1906389,28553,2
1906389,2238,3
1906389,49235,4
1906472,47209,1
1906472,20114,2
1906607,42828,1
1906607,21872,2
1906607,24852,3
1907112,5785,1
1907112,22950,2
1907112,9092,3
1907112,32691,4
1907495,43295,1
1907495,30450,2
1907495,17948,3
1907495,2228,4
1907495,46802,5
1907495,46969,6
1907495,19057,7
1907784,24852,1
1907784,14233,2
1907938,21137,1
1907938,12341,2
1907938,39275,3
1907938,43352,4
1908283,48679,1
1908283,21903,2
1908283,47209,3
1908283,21709,4
1908283,26165,5
1908283,35951,6
1908283,30391,7
1908283,44359,8
1909496,14233,1
1909496,24852,2
1909543,13176,1
1909543,28476,2
1909580,44987,1
1909580,651,2
1909580,24964,3
1909580,43086,4
1909580,40604,5
1909580,43772,6
1909580,45002,7
1909944,35561,1
1909944,13176,2
1910754,8859,1
1910754,26348,2
1910837,36534,1
1910837,34551,2
1910837,14715,3
1910842,25005,1
1910842,22935,2
1910842,34,3
1910842,2361,4
1911039,12409,1
1911039,41950,2
1911039,37524,3
1911039,38739,4
1911039,39928,5
1911039,13176,6
1911039,35336,7
1911100,9839,1
1911100,46979,2
1911100,6873,3
1911100,47209,4
1911133,34126,1
1911133,47626,2
1911133,34358,3
1911133,27845,4
1911133,13176,5
1911133,13740,6
1911133,34448,7
1911267,24852,1
1911267,42265,2
1911449,44799,1
1911449,16797,2
1911695,11759,1
1911695,13575,2
1911695,6184,3
1911723,8424,1
1911723,16521,2
1911723,33731,3
1911723,19678,4
1911723,11440,5
1911723,19057,6
1912019,13042,1
1912019,46149,2
1912019,42265,3
1912033,11759,1
1912033,21572,2
1912052,27086,1
1912052,44910,2
1912052,9839,3
1912052,30391,4
1912052,35628,5
1912052,21137,6
1912052,1194,7
1912518,42585,1
1912518,27336,2
1912518,35951,3
1912518,27966,4
1912518,8277,5
1912518,15872,6
1912518,19660,7
1912518,21903,8
1912518,48775,9
1912518,13176,10
1912715,47626,1
1912715,15261,2
1912715,24964,3
1912715,5652,4
1912715,43086,5
1912715,30391,6
1912715,41950,7
1913685,43768,1
1913685,13176,2
1913685,10749,3
1913685,47209,4
1913685,4920,5
1915624,196,1
1915624,37215,2
1916171,13176,1
1916171,12916,2
1916171,43352,3
1916171,32303,4
1916531,47209,1
1916531,34243,2
1916779,6046,1
1916779,8424,2
1917041,43352,1
1917041,35221,2
1917041,21709,3
1917041,44632,4
1917262,21137,1
1917262,12341,2
1917262,35167,3
1917262,1999,4
1917795,23288,1
1917795,21903,2
1918334,13629,1
1918334,8277,2
1918334,4472,3
1918334,24852,4
1918334,11182,5
1918334,21137,6
1918334,44632,7
1918334,14947,8
1918624,24759,1
1918624,35948,2
1918624,8174,3
1918624,34551,4
1919258,34969,1
1919258,6046,2
1919258,11512,3
1919258,47626,4
1919258,40604,5
1919258,27881,6
1919258,8518,7
1919337,22556,1
1919337,17191,2
1919337,35989,3
1919385,48679,1
1919385,13292,2
1919385,20995,3
1920010,30233,1
1920010,24852,2
1920010,48988,3
1920206,39275,1
1920206,26604,2
1920240,30183,1
1920240,21050,2
1920240,16953,3
1920240,22890,4
1920246,196,1
1920246,46149,2
1920361,5258,1
1920361,21386,2
1920509,6182,1
1920509,3957,2
1920538,31717,1
1920538,21903,2
1920538,9839,3
1920538,32655,4
1920631,8736,1
1920631,2086,2
1920631,20876,3
1920690,196,1
1920690,12916,2
1921157,8518,1
1921157,12206,2
1921157,35547,3
1921157,46979,4
1921157,26604,5
1921157,42736,6
1921215,18618,1
1921215,40396,2
1921649,3873,1
1921649,12916,2
1921649,35948,3
1921649,18721,4
1921649,19734,5
1921649,46049,6
1921777,33198,1
1921777,24838,2
1921777,29127,3
1921777,25466,4
1921777,40199,5
1921781,12341,1
1921781,32689,2
1921898,8021,1
1921898,13838,2
1922279,11266,1
1922279,39657,2
1922279,43154,3
1922366,26348,1
1922366,4920,2
1922442,39408,1
1922442,13176,2
1922442,6184,3
1922442,31651,4
1922442,3298,5
1922442,196,6
1922543,47759,1
1922543,43789,2
1922543,49520,3
1922543,24852,4
1923348,47141,1
1923348,21131,2
1923457,39558,1
1923457,35383,2
1923457,27086,3
1923559,27845,1
1923559,34969,2
1924472,19019,1
1924472,4210,2
1924472,24184,3
1924472,31343,4
1924472,2086,5
1925795,20995,1
1925795,38293,2
1925795,8277,3
1926553,47626,1
1926553,35921,2
1926553,24838,3
1926553,37646,4
1926553,17794,5
1926553,4086,6
1926553,45007,7
1927625,21386,1
1927625,4149,2
1927625,21137,3
1927625,280,4
1927814,46061,1
1927814,46129,2
1927814,1957,3
1928764,27845,1
1928764,24838,2
1928764,23178,3
1928774,15680,1
1928774,26348,2
1928774,22362,3
1928774,46562,4
1928774,13424,5
1928808,21903,1
1928808,2078,2
1928992,31992,1
1928992,47977,2
1929354,7021,1
1929354,7461,2
1929354,16185,3
1929354,11005,4
1929354,23734,5
1929354,2295,6
1929354,17794,7
1929354,18531,8
1929354,18465,9
1929354,33120,10
1929354,26209,11
1930765,27845,1
1930765,13176,2
1930765,39877,3
1931528,43154,1
1931528,6184,2
1931528,37710,3
1931879,12341,1
1931879,13424,2
1931879,39408,3
1932100,28204,1
1932100,13176,2
1932100,13870,3
1932100,31869,4
1932100,3957,5
1932100,38985,6
1932100,47888,7
1932100,46616,8
1932100,14211,9
1932100,21162,10
1932458,44632,1
1932458,43295,2
1932673,7485,1
1932673,48559,2
1932673,16398,3
1932673,13984,4
1932673,27521,5
1932673,21405,6
1932673,43768,7
1932673,39275,8
1932673,8518,9
1932673,38164,10
1932673,47766,11
1932673,31343,12
1932673,35973,13
1932673,31066,14
1932673,27156,15
1933128,47766,1
1933128,3957,2
1933128,46979,3
1933128,27104,4
1933128,21616,5
1933128,16953,6
1933128,19691,7
1933128,49235,8
1933144,34969,1
1933144,6873,2
1935008,19660,1
1935008,25659,2
1935008,39993,3
1935008,22935,4
1935008,11182,5
1935008,44359,6
1935008,39877,7
1935800,24024,1
1935800,21137,2
1937174,24852,1
1937174,20082,2
1937174,14947,3
1937174,35221,4
1937174,44632,5
1937174,20119,6
1937174,31683,7
1937174,27316,8
1937174,27086,9
1937174,8021,10
1937232,29447,1
1937232,28204,2
1937232,24852,3
1937232,17600,4
1937232,581,5
1937232,21137,6
1937407,24852,1
1937407,45007,2
1937407,23375,3
1937407,34358,4
1937407,45,5
1937407,30489,6
1937407,33000,7
1937626,44359,1
1937626,32734,2
1937626,19678,3
1937626,45007,4
1937626,2855,5
1938075,39275,1
1938075,4149,2
1938075,26604,3
1938569,32655,1
1938569,39877,2
1939037,10957,1
1939037,12914,2
1939037,11281,3
1939093,21137,1
1939093,46676,2
1939093,44632,3
1939093,9124,4
1939093,34217,5
1939445,21903,1
1939445,17794,2
1939445,27966,3
1939445,5785,4
1939445,46906,5
1939445,35986,6
1939495,47866,1
1939495,18418,2
1939495,49683,3
1939495,2581,4
1939607,22935,1
1939607,8193,2
1939607,39928,3
1939607,13176,4
1939607,13263,5
1939607,33401,6
1940147,44632,1
1940147,14233,2
1940147,26604,3
1940147,21137,4
1940147,4920,5
1940147,36070,6
1940147,47209,7
1940147,19894,8
1940147,33198,9
1940147,24799,10
1940147,31663,11
1940147,43352,12
1940147,35989,13
1940147,13380,14
1940147,7412,15
1940147,40396,16
1940147,25513,17
1940147,21070,18
1940147,47626,19
1940147,31338,20
1940147,10385,21
1940189,4920,1
1940189,39411,2
1940189,18027,3
1940189,432,4
1940189,30776,5
1940490,7781,1
1940490,29447,2
1940512,5212,1
1940512,26604,2
1940512,28918,3
1941338,9366,1
1941338,5818,2
1941338,30391,3
1941338,20995,4
1941338,21938,5
1941338,34969,6
1942217,21288,1
1942217,651,2
1942938,43295,1
1942938,35939,2
1943076,3389,1
1943076,42731,2
1943325,26604,1
1943325,43352,2
1943325,21573,3
1943325,21137,4
1943506,26620,1
1943506,20119,2
1943506,25890,3
1943866,43662,1
1943866,28849,2
1943866,4605,3
1943866,48775,4
1943866,47766,5
1943866,46676,6
1943866,28985,7
1943866,24852,8
1943866,8518,9
1944246,21903,1
1944246,16759,2
1944246,24964,3
1944246,27521,4
1944246,41220,5
1944246,34969,6
1944326,13819,1
1944326,35951,2
1944326,36107,3
1944326,17878,4
1944351,13176,1
1944351,47209,2
1944351,11422,3
1944351,48679,4
1944351,19660,5
1944351,40310,6
1944351,13870,7
1944351,37357,8
1944351,33316,9
1944351,16616,10
1944351,43122,11
1944351,27521,12
1944351,40706,13
1945094,6184,1
1945094,39408,2
1945094,21572,3
1945094,13032,4
1945333,2996,1
1945333,32939,2
1945333,13249,3
1945333,24838,4
1945333,27086,5
1946241,8859,1
1946241,19057,2
1946882,21709,1
1946882,49520,2
1946882,44632,3
1946882,26620,4
1946937,27845,1
1946937,24852,2
1946937,16083,3
1946937,3896,4
1946937,18370,5
1947128,9387,1
1947128,28204,2
1947128,49683,3
1947128,47766,4
1947128,46676,5
1947128,25890,6
1947128,4605,7
1947128,26209,8
1947128,10243,9
1947130,7948,1
1947130,30233,2
1947130,42445,3
1947130,13166,4
1947130,13176,5
1947130,43768,6
1947130,21938,7
1947130,1244,8
1947130,21903,9
1947130,38383,10
1947130,8518,11
1947130,49383,12
1947179,5373,1
1947179,44359,2
1947179,48679,3
1947179,24024,4
1947502,19691,1
1947502,16797,2
1947645,37067,1
1947645,21288,2
1947813,5769,1
1947813,12341,2
1947813,8048,3
1948554,5428,1
1948554,21543,2
1948554,33120,3
1948554,44570,4
1948917,28985,1
1948917,24964,2
1949038,20738,1
1949038,37029,2
1949038,39947,3
1949038,41682,4
1949038,8138,5
1949038,13176,6
1949222,43662,1
1949222,36865,2
1949222,13263,3
1949222,33731,4
1949222,12206,5
1949222,22935,6
1949222,11182,7
1949593,39877,1
1949593,28204,2
1949593,24852,3
1949593,48745,4
1949593,24830,5
1949593,22035,6
1950853,13176,1
1950853,43352,2
1950853,18023,3
1950888,26165,1
1950888,47766,2
1950888,16083,3
1950888,35951,4
1951193,10492,1
1951193,26209,2
1951193,21137,3
1951193,43192,4
1951193,27156,5
1951193,6348,6
1951193,22935,7
1951193,21405,8
1951193,24838,9
1951193,17794,10
1951193,4957,11
1951193,27086,12
1951193,18761,13
1951193,5450,14
1951211,24561,1
1951211,44632,2
1951211,45504,3
1951533,13259,1
1951533,31651,2
1951724,5258,1
1951724,42500,2
1953653,21903,1
1953653,27521,2
1953962,30450,1
1953962,9076,2
1953962,2228,3
1954100,43154,1
1954100,3298,2
1954100,12427,3
1954100,30591,4
1954100,37710,5
1954436,1957,1
1954436,33000,2
1954436,12341,3
1954699,46654,1
1954699,31683,2
1954699,17795,3
1954699,24964,4
1954699,9387,5
1954699,8518,6
1954699,46906,7
1954699,47209,8
1954699,890,9
1954699,5240,10
1954699,31343,11
1954768,10749,1
1954768,45007,2
1954768,8518,3
1954768,3464,4
1954894,36082,1
1954894,46667,2
1954894,39408,3
1954894,43352,4
1954894,32177,5
1954894,16797,6
1954894,9076,7
1955366,35221,1
1955366,42445,2
1955366,9825,3
1955366,48679,4
1955366,21137,5
1955389,38739,1
1955389,8424,2
1955389,33352,3
1955389,48679,4
1955389,4605,5
1955389,40706,6
1955389,49610,7
1955455,13042,1
1955455,31759,2
1955455,22802,3
1955455,43154,4
1955455,21903,5
1955902,41290,1
1955902,44292,2
1955902,5876,3
1957023,33198,1
1957023,21709,2
1957023,14947,3
1957023,13245,4
1957023,44632,5
1957205,196,1
1957205,30450,2
1957205,12427,3
1957205,42265,4
1957205,35951,5
1957205,30827,6
1957221,7628,1
1957221,34358,2
1957221,42504,3
1957861,30489,1
1957861,26800,2
1957861,22825,3
1957861,14084,4
1957861,27104,5
1958205,19660,1
1958205,196,2
1958379,15392,1
1958379,33198,2
1958379,18531,3
1958379,19678,4
1958379,17795,5
1958379,12614,6
1958883,44661,1
1958883,5077,2
1958988,14233,1
1958988,33198,2
1959522,27966,1
1959522,30450,2
1959522,23375,3
1959658,24852,1
1959658,21137,2
1959658,30850,3
1959658,47209,4
1959658,25824,5
1959658,21903,6
1959658,46906,7
1959658,30489,8
1959658,34262,9
1959658,12320,10
1959658,26209,11
1959860,36107,1
1959860,27985,2
1959969,43352,1
1959969,16797,2
1959969,4724,3
1960058,1511,1
1960058,44632,2
1960058,4920,3
1960058,41665,4
1960265,46041,1
1960265,18987,2
1960582,42828,1
1960582,5479,2
1960582,31717,3
1962847,13176,1
1962847,20995,2
1962847,15200,3
1962847,30450,4
1963694,19348,1
1963694,12341,2
1963694,16797,3
1963694,43352,4
1963694,21195,5
1963694,4920,6
1963694,21292,7
1963694,8571,8
1963694,42265,9
1963947,4605,1
1963947,33768,2
1964979,43352,1
1964979,39657,2
1964979,40939,3
1965539,20955,1
1965539,43352,2
1965539,16797,3
1965539,21288,4
1965539,39275,5
1966141,42342,1
1966141,46979,2
1966141,16616,3
1966179,14715,1
1966179,31102,2
1966425,10305,1
1966425,45066,2
1966425,38456,3
1966425,28204,4
1966425,47766,5
1966922,24852,1
1966922,43631,2
1966922,25844,3
1966922,432,4
1967316,40939,1
1967316,12341,2
1967519,24852,1
1967519,2086,2
1967519,22959,3
1967519,8968,4
1967519,8087,5
1967519,7131,6
1967519,30489,7
1967519,42265,8
1967519,37464,9
1967519,37067,10
1967519,44422,11
1967519,12845,12
1967519,39216,13
1967519,25890,14
1968458,39858,1
1968458,32650,2
1968527,13176,1
1968527,6184,2
1968527,18023,3
1968527,38928,4
1968527,37710,5
1968527,31651,6
1968623,28842,1
1968623,26209,2
1968623,15937,3
1968910,45965,1
1968910,26940,2
1968910,40706,3
1968910,21137,4
1968910,13984,5
1968910,21903,6
1968910,47209,7
1968910,47626,8
1968910,24852,9
1969333,8193,1
1969333,13212,2
1969333,42736,3
1969333,5621,4
1969333,33043,5
1969333,3583,6
1969365,9175,1
1969365,33198,2
1969365,1194,3
1969365,13176,4
1969365,13245,5
1969365,36107,6
1969365,5612,7
1969516,28993,1
1969516,2611,2
1969516,39408,3
1969516,38944,4
1969516,16965,5
1969516,43961,6
1969552,20119,1
1969552,22556,2
1969552,44632,3
1969552,35221,4
1969552,2717,5
1970017,46149,1
1970017,13042,2
1970017,37710,3
1970386,34126,1
1970386,3464,2
1970529,23543,1
1970529,8424,2
1970529,29675,3
1970529,25890,4
1970529,34034,5
1970529,44422,6
1970529,24852,7
1970529,47630,8
1970529,46667,9
1970529,20842,10
1970529,8670,11
1970529,28849,12
1970529,7021,13
1970529,21938,14
1970529,18599,15
1970529,31506,16
1970732,28985,1
1970732,49683,2
1970732,26209,3
1970732,31553,4
1970732,48205,5
1970732,43789,6
1970859,38273,1
1970859,44910,2
1970859,34969,3
1970859,30489,4
1970859,8087,5
1971467,35336,1
1971467,43129,2
1971467,10644,3
1971467,25890,4
1971467,29987,5
1971467,20114,6
1971467,37065,7
1971531,36011,1
1971531,1940,2
1972938,13944,1
1972938,47209,2
1972938,43352,3
1973218,24838,1
1973218,28985,2
1973218,27104,3
1973218,21903,4
1973218,24964,5
1973218,45445,6
1973371,13176,1
1973371,43352,2
1973414,9623,1
1973414,41273,2
1973414,26209,3
1973414,28842,4
1973522,43295,1
1973522,24852,2
1973522,11520,3
1973522,28934,4
1973522,32433,5
1973522,41588,6
1973522,5068,7
1973623,21288,1
1973623,12341,2
1973623,13176,3
1973623,43744,4
1974690,20940,1
1974690,21573,2
1976795,17122,1
1976795,39657,2
1977711,47209,1
1977711,44910,2
1977711,21709,3
1977800,47766,1
1977800,46979,2
1977800,27104,3
1977800,8424,4
1977800,46505,5
1977800,29487,6
1977800,27156,7
1977800,8239,8
1977800,36011,9
1977800,15290,10
1977872,24184,1
1977872,44142,2
1978958,30450,1
1978958,26405,2
1978958,37710,3
1979005,32650,1
1979005,44471,2
1979005,27845,3
1979005,23630,4
1979005,35221,5
1979071,35948,1
1979071,18418,2
1979344,41658,1
1979344,8479,2
1979344,27521,3
1979344,21903,4
1979344,34126,5
1979344,14858,6
1979344,46667,7
1979344,5194,8
1979732,38928,1
1979732,27796,2
1979732,13176,3
1980038,13176,1
1980038,11777,2
1980038,32429,3
1980038,36695,4
1980091,16823,1
1980091,18362,2
1980091,27086,3
1980091,14678,4
1980091,1999,5
1980091,31506,6
1980091,17794,7
1980091,42768,8
1980091,39040,9
1980726,196,1
1980726,7131,2
1981225,8518,1
1981225,41259,2
1981225,16145,3
1981225,5818,4
1981225,20520,5
1981225,28842,6
1981225,14197,7
1981225,7559,8
1981225,45007,9
1981225,10749,10
1981225,26751,11
1981225,12206,12
1981225,29987,13
1981225,49131,14
1981225,13733,15
1981355,17316,1
1981355,13176,2
1981355,26369,3
1981534,8048,1
1981534,21903,2
1981534,12341,3
1981706,25138,1
1981706,27845,2
1981706,43086,3
1981706,11182,4
1981706,35547,5
1981812,35989,1
1981812,49191,2
1981812,21709,3
1981812,20119,4
1981889,8087,1
1981889,14084,2
1981889,20995,3
1981889,45007,4
1981889,29987,5
1982319,18465,1
1982319,26800,2
1982451,21195,1
1982451,18811,2
1982451,13176,3
1984025,19488,1
1984025,19894,2
1984447,43154,1
1984447,13424,2
1985204,25466,1
1985204,17858,2
1985204,48226,3
1985366,43086,1
1985366,24838,2
1985366,48628,3
1985366,13176,4
1985366,40229,5
1985366,5876,6
1985366,7010,7
1986128,40939,1
1986128,12427,2
1986128,46562,3
1986427,30591,1
1986427,13176,2
1986427,42768,3
1986483,6104,1
1986483,47626,2
1986483,26209,3
1986483,47766,4
1986483,28601,5
1986483,41220,6
1986483,28204,7
1986483,37646,8
1986483,41787,9
1986483,27548,10
1986483,7485,11
1986483,21019,12
1986483,15937,13
1986483,45646,14
1986483,2180,15
1986615,47877,1
1986615,24852,2
1986615,10673,3
1986615,45066,4
1986615,28199,5
1986615,5456,6
1987274,27845,1
1987274,44632,2
1987274,12276,3
1987433,14715,1
1987433,38768,2
1987640,17862,1
1987640,7751,2
1987640,15680,3
1987878,13176,1
1987878,45,2
1987878,30169,3
1987878,47209,4
1987878,33647,5
1987878,44359,6
1987878,19173,7
1988080,12606,1
1988080,31683,2
1988080,13176,3
1988080,1511,4
1988080,16797,5
1988093,39275,1
1988093,21137,2
1988093,21288,3
1988093,19660,4
1988093,38768,5
1988093,12427,6
1988282,30489,1
1988282,1511,2
1988282,47626,3
1988282,26209,4
1988282,45223,5
1988344,42736,1
1988344,24852,2
1988998,37766,1
1988998,21709,2
1988998,48109,3
1988998,141,4
1989364,1158,1
1989364,29447,2
1989364,13176,3
1989364,31915,4
1989364,32655,5
1989364,21137,6
1989364,48364,7
1989364,10017,8
1989567,13176,1
1989567,32177,2
1989567,8518,3
1989567,47626,4
1989567,40545,5
1989567,27966,6
1989567,25146,7
1989567,20345,8
1989567,38689,9
1989567,22935,10
1989567,43295,11
1989567,40878,12
1989567,11520,13
1989569,29447,1
1989569,45066,2
1989569,45603,3
1989569,27521,4
1989592,13176,1
1989592,22935,2
1989592,11182,3
1989592,24964,4
1989592,45066,5
1989592,30353,6
1989622,36085,1
1989622,24850,2
1989622,44116,3
1990104,4724,1
1990104,32689,2
1990856,17794,1
1990856,22825,2
1990856,21938,3
1990856,8518,4
1990965,12914,1
1990965,46676,2
1992023,21709,1
1992023,14267,2
1992023,28849,3
1992023,35221,4
1992023,28553,5
1992023,44632,6
1992348,44632,1
1992348,32655,2
1992348,5460,3
1992348,8193,4
1992348,25753,5
1992616,39275,1
1992616,13176,2
1992616,47209,3
1992616,47626,4
1992732,43352,1
1992732,21903,2
1992775,45066,1
1992775,21709,2
1992775,8518,3
1992775,47626,4
1992948,19660,1
1992948,196,2
1992948,1957,3
1992948,22802,4
1992948,38300,5
1993335,46061,1
1993335,32303,2
1993335,8571,3
1993469,45051,1
1993469,46562,2
1993469,41400,3
1993469,13914,4
1993469,39657,5
1993587,43154,1
1993587,14419,2
1993587,13176,3
1993869,19057,1
1993869,28465,2
1993869,49111,3
1994105,10132,1
1994105,8518,2
1995143,22504,1
1995143,49235,2
1995216,37067,1
1995216,42803,2
1995216,37646,3
1995216,12980,4
1995216,26209,5
1995216,28842,6
1995216,45007,7
1995216,44359,8
1995216,4562,9
1995216,26790,10
1996645,14715,1
1996645,6760,2
1997052,39993,1
1997052,31717,2
1997611,40516,1
1997611,40706,2
1997611,28535,3
1997611,5876,4
1997611,26604,5
1997611,11777,6
1997611,4086,7
1997611,49075,8
1997735,19125,1
1997735,1463,2
1997735,13176,3
1997735,1158,4
1997735,40545,5
1998147,13176,1
1998147,20940,2
1998174,31564,1
1998174,3298,2
1998174,41290,3
1998174,945,4
1998174,19691,5
1998656,8277,1
1998656,13176,2
1998656,41621,3
1998656,40723,4
1998842,11777,1
1998842,21903,2
1998842,36550,3
1998842,17948,4
1998842,28204,5
1998842,46667,6
1998842,24841,7
1998842,5876,8
1998842,46979,9
1998842,21506,10
1999005,13176,1
1999005,43154,2
1999005,47209,3
1999005,4920,4
1999005,30391,5
1999005,28199,6
1999005,44632,7
1999714,43154,1
1999714,39657,2
1999714,3298,3
2000143,19660,1
2000143,30450,2
2000178,6287,1
2000178,8193,2
2000178,41290,3
2000178,47766,4
2000178,11182,5
2000294,21903,1
2000294,21137,2
2000481,13176,1
2000481,43875,2
2000481,5785,3
2000481,17600,4
2000481,4799,5
2000481,14127,6
2000481,8479,7
2000481,7521,8
2000481,2855,9
2000481,36772,10
2000481,44422,11
2000481,37646,12
2000481,27966,13
2000481,43961,14
2000758,3896,1
2000758,43713,2
2000758,39877,3
2000758,48775,4
2000758,43961,5
2000758,44765,6
2000758,23543,7
2000758,40571,8
2000758,8424,9
2000758,27104,10
2000758,13212,11
2000758,10644,12
2000758,47766,13
2000758,40706,14
2000758,30391,15
2001315,27966,1
2001315,13176,2
2001315,47209,3
2001315,49235,4
2001315,30391,5
2001315,22825,6
2001315,37766,7
2001958,42110,1
2001958,17795,2
2001958,2537,3
2001958,27845,4
2002673,39275,1
2002673,43352,2
2003380,30391,1
2003380,26369,2
2003380,33438,3
2003380,44628,4
2003380,28535,5
2003380,27086,6
2004082,33894,1
2004082,12606,2
2004082,12140,3
2004916,47626,1
2004916,34126,2
2005055,44560,1
2005055,31215,2
2005393,10326,1
2005393,4724,2
2005393,21903,3
2006159,21292,1
2006159,4724,2
2006620,24852,1
2006620,28204,2
2006620,22825,3
2006620,38159,4
2006620,4920,5
2006620,29926,6
2008983,24852,1
2008983,20995,2
2009216,30391,1
2009216,6873,2
2009216,21137,3
2009216,47626,4
2009216,47144,5
2009216,19660,6
2009216,36735,7
2009216,24184,8
2009216,27325,9
2009216,24852,10
2009216,27521,11
2009216,46979,12
2009216,21903,13
2009216,10070,14
2009636,12914,1
2009636,44359,2
2009636,16759,3
2009636,38650,4
2009636,18479,5
2009636,22395,6
2009636,24964,7
2009636,4605,8
2009636,46979,9
2010297,39275,1
2010297,21137,2
2010358,4210,1
2010358,22395,2
2010358,25043,3
2010358,24852,4
2010414,35221,1
2010414,44632,2
2010730,10305,1
2010730,47788,2
2010730,34050,3
2010907,30591,1
2010907,37710,2
2011362,41950,1
2011362,27845,2
2011362,41787,3
2011362,37766,4
2011531,27845,1
2011531,28476,2
2011531,42828,3
2011971,47766,1
2011971,20995,2
2011971,20842,3
2011971,44632,4
2012032,6184,1
2012032,38768,2
2012032,30827,3
2012032,32478,4
2012032,39922,5
2012891,43352,1
2012891,44683,2
2012986,40541,1
2012986,5479,2
2012986,32578,3
2013496,47866,1
2013496,1529,2
2013496,19678,3
2013496,31717,4
2013496,35939,5
2013540,26348,1
2013540,22362,2
2013540,38928,3
2013540,45051,4
2013578,196,1
2013578,39657,2
2013578,15680,3
2013578,48812,4
2013578,26348,5
2013578,16953,6
2013578,13032,7
2013598,13176,1
2013598,27845,2
2013598,42828,3
2014023,17872,1
2014023,27845,2
2014618,21903,1
2014618,11777,2
2014878,36127,1
2014878,44008,2
2014878,18027,3
2014878,8277,4
2015291,6184,1
2015291,12341,2
2015291,39408,3
2015291,19691,4
2015319,16953,1
2015319,23288,2
2015319,38300,3
2015319,46061,4
2015319,13424,5
2016447,1940,1
2016447,46041,2
2016447,17122,3
2016838,26209,1
2016838,28373,2
2016838,5240,3
2016838,3464,4
2018029,40268,1
2018029,32864,2
2018375,2966,1
2018375,46676,2
2018476,2966,1
2018476,47209,2
2018476,31717,3
2018476,1999,4
2018476,41950,5
2018613,16797,1
2018613,26604,2
2018759,15200,1
2018759,20955,2
2018947,33452,1
2018947,13944,2
2018947,29503,3
2019048,24852,1
2019048,37766,2
2019048,9076,3
2019352,43352,1
2019352,19660,2
2019352,8571,3
2019352,196,4
2019363,6046,1
2019363,27521,2
2019363,10749,3
2020171,19348,1
2020171,8571,2
2020171,21195,3
2020367,13517,1
2020367,38689,2
2020367,4562,3
2020367,38739,4
2020367,24964,5
2020367,4799,6
2020367,43789,7
2020589,24852,1
2020589,44910,2
2021024,31102,1
2021024,43154,2
2021214,33768,1
2021214,500,2
2021214,38768,3
2021214,43352,4
2021214,13424,5
2021214,35561,6
2021282,16797,1
2021282,5785,2
2021996,12442,1
2021996,29447,2
2022952,36691,1
2022952,20955,2
2023345,49481,1
2023345,42244,2
2023345,33731,3
2023345,45007,4
2023345,3376,5
2023433,20940,1
2023433,16797,2
2024065,45504,1
2024065,45840,2
2024065,5428,3
2024336,27966,1
2024336,6948,2
2024336,21137,3
2024336,37220,4
2024336,24489,5
2024499,5785,1
2024499,46886,2
2024499,36082,3
2024499,13176,4
2024499,48559,5
2024499,30776,6
2024506,36216,1
2024506,9138,2
2024506,14084,3
2024506,49235,4
2024506,27966,5
2024506,17948,6
2024506,34243,7
2025000,13870,1
2025000,29447,2
2025374,43154,1
2025374,23288,2
2025374,37710,3
2025644,36082,1
2025644,49191,2
2025644,44632,3
2025777,48679,1
2025777,79,2
2025777,44375,3
2025902,196,1
2025902,43739,2
2025902,46149,3
2027047,46149,1
2027047,21572,2
2027073,17949,1
2027073,35221,2
2027073,22035,3
2027073,6348,4
2027073,1463,5
2027608,47209,1
2027608,42265,2
2027608,21137,3
2027608,6631,4
2027608,40174,5
2027608,14992,6
2027608,12614,7
2027608,26604,8
2027608,19057,9
2027608,8424,10
2027608,39275,11
2028735,13166,1
2028735,45645,2
2028735,5785,3
2030079,44632,1
2030079,9020,2
2030079,6046,3
2030079,21903,4
2030079,42244,5
2030079,33754,6
2030079,30169,7
2030079,28934,8
2030079,22935,9
2030079,20574,10
2030079,13535,11
2030079,9092,12
2030079,32433,13
2030079,3142,14
2030079,42736,15
2030079,13984,16
2030079,40706,17
2030247,36011,1
2030247,13176,2
2030247,42342,3
2030247,16083,4
2030247,47672,5
2030247,6873,6
2030247,25753,7
2030247,43504,8
2030854,31651,1
2030854,29127,2
2030854,6184,3
2031391,41220,1
2031391,30391,2
2031391,18234,3
2034684,46979,1
2034684,20955,2
2035357,43295,1
2035357,16349,2
2035357,25890,3
2035357,26800,4
2035357,8424,5
2035357,24852,6
2036142,37065,1
2036142,39408,2
2036142,38400,3
2036142,24852,4
2036711,16797,1
2036711,40939,2
2036909,24852,1
2036909,4138,2
2036909,20114,3
2036909,28842,4
2036909,32573,5
2037321,49054,1
2037321,24561,2
2037486,17616,1
2037486,28199,2
2038616,39657,1
2038616,14715,2
2038616,38928,3
2038983,1463,1
2038983,47209,2
2039172,47766,1
2039172,13176,2
2039172,18465,3
2039172,47626,4
2039172,24024,5
2039172,26317,6
2039172,19057,7
2039172,35951,8
2039172,10385,9
2040256,26369,1
2040256,28985,2
2040256,27966,3
2040256,39877,4
2040256,19660,5
2040256,18027,6
2040256,48679,7
2040256,21903,8
2040256,5876,9
2040363,16797,1
2040363,23288,2
2040576,13176,1
2040576,14947,2
2040576,18418,3
2041208,45645,1
2041208,45066,2
2041211,39275,1
2041211,11759,2
2041211,43352,3
2041250,33120,1
2041250,20842,2
2041250,17758,3
2041250,8277,4
2041250,44632,5
2041682,21137,1
2041682,21009,2
2041682,27966,3
2041682,19057,4
2041782,32478,1
2041782,12341,2
2042077,46979,1
2042077,34126,2
2042077,18531,3
2042077,42736,4
2042077,47626,5
2042077,15937,6
2042235,13176,1
2042235,45007,2
2042493,27845,1
2042493,29675,2
2042493,42244,3
2042493,30489,4
2042493,32734,5
2042493,42356,6
2042493,43352,7
2042493,25890,8
2042493,31717,9
2042493,26209,10
2042493,47766,11
2042493,10017,12
2042493,8518,13
2042493,40604,14
2042493,28849,15
2042604,35561,1
2042604,38768,2
2042604,21573,3
2042604,17924,4
2042836,43122,1
2042836,1999,2
2042836,24852,3
2042882,24852,1
2042882,49235,2
2042882,45104,3
2043089,46906,1
2043089,4920,2
2043089,41220,3
2043461,25466,1
2043461,14947,2
2043461,10032,3
2043461,3835,4
2043461,18234,5
2043687,47042,1
2043687,46979,2
2043687,39275,3
2043687,40706,4
2043687,21616,5
2043687,28842,6
2043687,24184,7
2043687,42265,8
2043687,40604,9
2043687,37687,10
2043687,49235,11
2044217,47280,1
2044217,37067,2
2044217,46802,3
2044217,26128,4
2044217,46720,5
2044487,26405,1
2044487,33000,2
2044487,196,3
2045109,38456,1
2045109,47626,2
2045711,31422,1
2045711,42500,2
2046105,3298,1
2046105,31343,2
2047362,46979,1
2047362,35547,2
2047362,21903,3
2047362,44628,4
2047735,13176,1
2047735,43352,2
2048255,19691,1
2048255,13042,2
2048255,16797,3
2048771,25890,1
2048771,13380,2
2048771,40396,3
2048771,47672,4
2048771,44661,5
2048771,15392,6
2048771,16083,7
2049213,8174,1
2049213,21938,2
2049213,31040,3
2049213,49683,4
2049213,5373,5
2049213,26209,6
2049213,32747,7
2049213,34969,8
2049213,21709,9
2049213,8021,10
2049213,4957,11
2049416,33120,1
2049416,40742,2
2049416,6348,3
2049443,4605,1
2049443,24964,2
2049443,42450,3
2049443,23029,4
2049443,26620,5
2049443,48171,6
2049443,24184,7
2050955,44359,1
2050955,42265,2
2050955,35951,3
2050955,47209,4
2050955,21938,5
2050955,23165,6
2050955,13176,7
2051161,32478,1
2051161,33000,2
2051161,16797,3
2051161,18811,4
2051294,40939,1
2051294,40199,2
2051294,26317,3
2051745,35561,1
2051745,18023,2
2052374,48697,1
2052374,651,2
2054051,47766,1
2054051,19508,2
2054051,16797,3
2054051,11777,4
2054051,24852,5
2054051,39275,6
2054288,27325,1
2054288,31964,2
2054947,21295,1
2054947,20114,2
2054947,21938,3
2054947,19478,4
2055109,9741,1
2055109,35221,2
2055109,18027,3
2055549,26209,1
2055549,24964,2
2056122,1940,1
2056122,40199,2
2056122,14678,3
2056122,10326,4
2056265,9825,1
2056265,27845,2
2056265,29439,3
2057027,27966,1
2057027,48679,2
2057027,47209,3
2057027,30391,4
2057027,35951,5
2057027,45007,6
2057217,23537,1
2057217,25005,2
2057318,6184,1
2057318,32455,2
2057318,12341,3
2057318,7131,4
2057318,37710,5
2057482,37710,1
2057482,13176,2
2057482,6184,3
2057482,13575,4
2057482,13424,5
2057482,41400,6
2057482,21572,7
2057482,31759,8
2057544,12919,1
2057544,36316,2
2057544,47977,3
2057544,43154,4
2057654,13176,1
2057654,8048,2
2057654,27796,3
2057654,43352,4
2057654,12341,5
2058448,27344,1
2058448,42585,2
2058448,36724,3
2058448,44632,4
2058448,20119,5
2058696,22802,1
2058696,196,2
2058696,46061,3
2058799,34590,1
2058799,8424,2
2058799,13733,3
2058799,47766,4
2058942,27845,1
2058942,24852,2
2059109,27730,1
2059109,39275,2
2059109,8021,3
2059109,8087,4
2059109,46720,5
2059109,23650,6
2059109,24852,7
2059109,5479,8
2059558,46900,1
2059558,41787,2
2060360,28465,1
2060360,9387,2
2060360,16185,3
2060360,42265,4
2060360,10749,5
2060360,5818,6
2060360,32734,7
2060360,8193,8
2061323,32689,1
2061323,47788,2
2061323,26604,3
2061397,17872,1
2061397,5025,2
2061397,29307,3
2061948,24852,1
2061948,14947,2
2061948,35383,3
2061948,5450,4
2061948,4210,5
2061948,43086,6
2061948,49111,7
2061948,4920,8
2062390,27966,1
2062390,20995,2
2062831,5876,1
2062831,3952,2
2062831,26604,3
2062831,26940,4
2063307,33000,1
2063307,37687,2
2063516,27548,1
2063516,4605,2
2063623,21903,1
2063623,13176,2
2063623,29987,3
2063623,30489,4
2063623,12206,5
2063623,37825,6
2063623,49111,7
2063802,13176,1
2063802,46149,2
2063934,21616,1
2063934,19660,2
2063934,3957,3
2063934,21903,4
2064163,14233,1
2064163,36051,2
2064492,13176,1
2064492,39877,2
2064492,40723,3
2064492,46906,4
2064492,8174,5
2064492,38159,6
2064492,260,7
2064786,20082,1
2064786,14218,2
2064786,47766,3
2064786,30391,4
2064786,10749,5
2064786,27104,6
2064786,21903,7
2064786,47626,8
2064786,6101,9
2065289,39558,1
2065289,37067,2
2065289,47209,3
2065289,9839,4
2065289,41588,5
2065289,22935,6
2065289,30720,7
2065289,19046,8
2065289,21903,9
2065289,16759,10
2065398,25513,1
2065398,35221,2
2065398,4562,3
2065398,26369,4
2065398,4605,5
2065398,12409,6
2065555,3376,1
2065555,20114,2
2065555,20842,3
2065555,24852,4
2066597,27845,1
2066597,11422,2
2066597,48628,3
2066597,30233,4
2066597,13176,5
2066942,12341,1
2066942,23288,2
2068743,19125,1
2068743,28849,2
2068743,24838,3
2068743,18918,4
2068743,46900,5
2068928,16589,1
2068928,40310,2
2068928,34262,3
2068928,21137,4
2068928,21019,5
2069255,7948,1
2069255,13629,2
2069460,16759,1
2069460,11422,2
2069460,35939,3
2069460,24852,4
2069460,47626,5
2070620,5258,1
2070620,18023,2
2072075,14233,1
2072075,1194,2
2072093,47759,1
2072093,13176,2
2072093,22825,3
2072093,28204,4
2072093,39877,5
2072659,17122,1
2072659,6184,2
2073074,47626,1
2073074,33198,2
2073074,24852,3
2074017,32433,1
2074017,39275,2
2074017,31343,3
2074017,8424,4
2074202,17600,1
2074202,29662,2
2074561,46692,1
2074561,28204,2
2074683,40742,1
2074683,46129,2
2074683,5769,3
2074734,27086,1
2074734,32478,2
2074734,14778,3
2074734,24852,4
2075287,3957,1
2075287,21903,2
2075287,37646,3
2075287,17461,4
2075287,27966,5
2075287,47209,6
2075287,8424,7
2075287,41787,8
2075287,24838,9
2075287,39877,10
2075672,8571,1
2075672,8048,2
2075672,12341,3
2075672,21292,4
2076351,24852,1
2076351,24838,2
2076351,39408,3
2077083,27663,1
2077083,13245,2
2077083,1194,3
2077083,33198,4
2077286,18441,1
2077286,23375,2
2077329,47766,1
2077329,24852,2
2077329,45066,3
2077329,41220,4
2077812,38777,1
2077812,5450,2
2077812,41220,3
2077812,30391,4
2077812,22935,5
2077954,19894,1
2077954,3873,2
2077954,39190,3
2077954,5876,4
2077954,23288,5
2078652,6184,1
2078652,46061,2
2078992,44632,1
2078992,21709,2
2078992,8174,3
2079263,21288,1
2079263,6184,2
2079263,13575,3
2079304,24852,1
2079304,44643,2
2079304,3142,3
2079304,43961,4
2079304,37220,5
2079516,38928,1
2079516,21573,2
2080653,41259,1
2080653,47766,2
2080653,4605,3
2080653,47626,4
2082128,24852,1
2082128,24489,2
2082447,20520,1
2082447,28849,2
2082447,3376,3
2082447,32689,4
2082447,26209,5
2082447,34126,6
2082447,34358,7
2082447,47626,8
2082591,37687,1
2082591,31651,2
2082591,13176,3
2082876,11520,1
2082876,21903,2
2082876,5818,3
2082876,7461,4
2082899,27845,1
2082899,35951,2
2082899,13176,3
2082899,19057,4
2083412,46709,1
2083412,42736,2
2083412,7131,3
2085117,46654,1
2085117,27344,2
2085117,16185,3
2085117,7485,4
2085117,31040,5
2085117,38273,6
2085117,18389,7
2085117,24852,8
2085118,13166,1
2085118,36011,2
2085563,21131,1
2085563,40910,2
2085730,13176,1
2085730,21137,2
2085730,30391,3
2087364,38689,1
2087364,44359,2
2088025,27652,1
2088025,28913,2
2088344,41220,1
2088344,40706,2
2088344,9387,3
2088344,4562,4
2088344,43295,5
2088344,31506,6
2088344,31553,7
2088861,12341,1
2088861,32478,2
2089309,41273,1
2089309,10957,2
2089438,27156,1
2089438,48364,2
2089438,31343,3
2089438,47042,4
2089438,30391,5
2089438,38739,6
2090036,47626,1
2090036,49683,2
2090301,21616,1
2090301,26620,2
2090301,46979,3
2090301,24954,4
2090301,1194,5
2090301,47626,6
2090301,5428,7
2090301,42585,8
2090791,45504,1
2090791,47144,2
2090791,30489,3
2090791,6287,4
2090791,8736,5
2090791,43713,6
2090791,4656,7
2090791,5077,8
2090791,46906,9
2091039,18465,1
2091039,31553,2
2091039,13176,3
2091049,33000,1
2091049,23288,2
2091049,37687,3
2092005,48812,1
2092005,8859,2
2092403,4920,1
2092403,26348,2
2092403,39408,3
2092633,4724,1
2092633,39275,2
2092703,41400,1
2092703,46061,2
2092703,500,3
2093180,47626,1
2093180,21903,2
2093180,24852,3
2093180,46979,4
2093180,25890,5
2093180,46802,6
2093180,46900,7
2093180,30391,8
2093480,25146,1
2093480,18531,2
2093543,19691,1
2093543,6184,2
2093734,14197,1
2093734,7021,2
2093734,13176,3
2093734,42265,4
2093734,34969,5
2093734,24830,6
2093948,890,1
2093948,22935,2
2093948,13176,3
2093948,6104,4
2093948,15392,5
2093948,16290,6
2093948,21417,7
2093948,16083,8
2093948,37687,9
2093948,40604,10
2094895,196,1
2094895,46149,2
2095270,18389,1
2095270,5785,2
2095270,38772,3
2095270,25043,4
2095523,13176,1
2095523,14897,2
2095523,35951,3
2095523,28465,4
2095523,5450,5
2095523,17794,6
2095523,4605,7
2095523,24799,8
2095523,8309,9
2095523,21903,10
2095523,16797,11
2095523,28204,12
2095523,39619,13
2095523,31506,14
2095540,35547,1
2095540,24852,2
2095540,47734,3
2095540,13852,4
2095540,24838,5
2095540,47766,6
2095557,28985,1
2095557,31717,2
2095557,21137,3
2095557,39275,4
2095557,30391,5
2095557,35561,6
2095557,6046,7
2095557,27104,8
2095557,47766,9
2095557,26209,10
2095916,42265,1
2095916,39928,2
2095916,21614,3
2095916,30391,4
2095916,25138,5
2095916,42768,6
2095974,35951,1
2095974,13176,2
2096698,21903,1
2096698,5876,2
2097425,43504,1
2097425,27104,2
2097425,6046,3
2097425,47209,4
2097425,47626,5
2097425,27966,6
2097425,32689,7
2097425,21709,8
2097425,35221,9
2097425,21903,10
2097552,44683,1
2097552,4724,2
2097552,21903,3
2097863,27845,1
2097863,26384,2
2097863,34243,3
2097863,28204,4
2097863,45200,5
2097863,41588,6
2097863,40706,7
2098822,47766,1
2098822,13870,2
2099891,8424,1
2099891,34466,2
2099891,31915,3
2099891,44661,4
2101825,21137,1
2101825,15153,2
2102235,31343,1
2102235,35939,2
2102235,21709,3
2102569,36127,1
2102569,27845,2
2102951,28745,1
2102951,26629,2
2102951,24852,3
2102951,13166,4
2102951,30233,5
2102951,16185,6
2102951,31717,7
2102951,39561,8
2102951,21903,9
2102951,40706,10
2102951,40604,11
2102951,18891,12
2102951,24799,13
2102951,46584,14
2104688,28849,1
2104688,27881,2
2104688,40604,3
2104688,5876,4
2104688,28156,5
2104688,30391,6
2104688,24964,7
2104688,8518,8
2104688,47766,9
2104745,19678,1
2104745,42701,2
2104745,47626,3
2104745,24964,4
2104745,5450,5
2104745,37687,6
2104941,18288,1
2104941,25332,2
2104941,2966,3
2104941,21405,4
2104941,20995,5
2104941,46667,6
2105356,37317,1
2105356,12341,2
2105356,9839,3
2105431,44632,1
2105431,19057,2
2105431,22124,3
2105431,21019,4
2105431,16797,5
2105431,39275,6
2105431,27966,7
2105431,26604,8
2105431,33352,9
2105440,14852,1
2105440,44799,2
2105682,18023,1
2105682,6184,2
2106112,24964,1
2106112,47626,2
2106112,35221,3
2106112,30489,4
2106112,36076,5
2106527,17949,1
2106527,4210,2
2106527,24852,3
2106635,22035,1
2106635,18465,2
2106635,8615,3
2106912,46149,1
2106912,21288,2
2107604,24852,1
2107604,45066,2
2107604,43122,3
2108103,13176,1
2108103,4920,2
2108103,22935,3
2108103,27966,4
2108103,39984,5
2108117,39408,1
2108117,6184,2
2108117,22802,3
2109157,10673,1
2109157,24184,2
2109157,41950,3
2109587,7781,1
2109587,13176,2
2109587,27966,3
2109714,27521,1
2109714,16521,2
2109714,31506,3
2109714,31717,4
2109714,5876,5
2109714,38456,6
2109714,43789,7
2109754,26165,1
2109754,21137,2
2109754,10385,3
2109995,23288,1
2109995,280,2
2109995,8048,3
2109995,37687,4
2110387,16797,1
2110387,43352,2
2110387,6184,3
2110658,47209,1
2110658,47144,2
2110658,79,3
2110658,28204,4
2110690,18352,1
2110690,47357,2
2110690,7644,3
2110690,11123,4
2110690,41844,5
2110690,19006,6
2110690,44479,7
2110830,12341,1
2110830,17924,2
2110830,37317,3
2110830,4920,4
2110830,35336,5
2111170,44632,1
2111170,33198,2
2111170,18564,3
2111170,36076,4
2111279,8424,1
2111279,24184,2
2111279,28204,3
2111279,44142,4
2111279,7736,5
2111393,46979,1
2111393,4605,2
2111393,11182,3
2111393,24964,4
2111565,21903,1
2111565,34590,2
2111565,38159,3
2111565,41220,4
2111565,2450,5
2111565,38293,6
2111565,33401,7
2111565,30233,8
2111595,33198,1
2111595,43631,2
2111595,3389,3
2111595,859,4
2111802,18441,1
2111802,5161,2
2111802,39275,3
2111802,21903,4
2112751,36011,1
2112751,26634,2
2113160,7781,1
2113160,48628,2
2113160,7503,3
2113160,43961,4
2113160,21137,5
2113160,21903,6
2113160,35951,7
2113160,28204,8
2114245,27966,1
2114245,13176,2
2114245,27845,3
2114245,27344,4
2114245,39921,5
2114378,32455,1
2114378,20955,2
2114593,21137,1
2114593,46802,2
2114593,34584,3
2114593,13176,4
2115032,13176,1
2115032,49683,2
2115133,13176,1
2115133,27966,2
2115133,35503,3
2115133,18465,4
2115133,36082,5
2115133,39928,6
2115133,5212,7
2115401,28204,1
2115401,5212,2
2115401,13176,3
2115401,38777,4
2115401,8174,5
2115401,4799,6
2115815,196,1
2115815,13176,2
2116072,16714,1
2116072,1957,2
2116266,3298,1
2116266,16953,2
2116266,38928,3
2116412,21573,1
2116412,196,2
2116412,17924,3
2116861,12916,1
2116861,21386,2
2116861,46900,3
2117313,37971,1
2117313,12916,2
2117313,34358,3
2117313,47626,4
2117313,23537,5
2117313,15392,6
2117324,37646,1
2117324,13176,2
2117324,27845,3
2117324,40706,4
2117324,8087,5
2117324,30233,6
2117324,42265,7
2117324,39275,8
2117324,46584,9
2117385,15613,1
2117385,45840,2
2117385,18465,3
2117385,49111,4
2117385,39275,5
2117455,21137,1
2117455,35045,2
2117526,6184,1
2117526,31651,2
2117526,39332,3
2117526,35951,4
2117526,20940,5
2118692,8424,1
2118692,24852,2
2118692,21137,3
2118692,47209,4
2119023,14715,1
2119023,16714,2
2119023,31102,3
2119326,47977,1
2119326,49235,2
2119818,1194,1
2119818,25466,2
2119818,19691,3
2119818,39275,4
2119818,21137,5
2119818,4605,6
2119818,17600,7
2119818,7781,8
2119818,4942,9
2119818,19173,10
2119945,12341,1
2119945,13575,2
2119945,20995,3
2119945,30827,4
2119945,31422,5
2119945,16797,6
2119980,43352,1
2119980,12341,2
2119980,21903,3
2119980,17122,4
2119983,9076,1
2119983,24489,2
2119983,43352,3
2119983,26604,4
2121349,14947,1
2121349,26604,2
2121486,19057,1
2121486,39877,2
2121486,8277,3
2121880,44142,1
2121880,12916,2
2123833,27966,1
2123833,38456,2
2123997,8174,1
2123997,26790,2
2123997,1158,3
2123997,46667,4
2124515,39180,1
2124515,24852,2
2124515,33787,3
2124515,37646,4
2124515,30391,5
2124515,11712,6
2124515,21903,7
2124515,30489,8
2124515,43961,9
2125078,21709,1
2125078,44375,2
2125078,4138,3
2125078,28204,4
2125078,35221,5
2125078,49235,6
2125610,13176,1
2125610,14084,2
2125610,4920,3
2125610,47766,4
2127356,21903,1
2127356,40310,2
2127356,18352,3
2127356,27845,4
2127356,12916,5
2127988,27652,1
2127988,44799,2
2128298,46061,1
2128298,39657,2
2128298,45051,3
2128961,45063,1
2128961,38273,2
2128961,2314,3
2128961,37524,4
2128961,34126,5
2128961,45646,6
2129368,12872,1
2129368,7021,2
2129368,30480,3
2129368,41950,4
2130630,24838,1
2130630,38739,2
2130631,22395,1
2130631,48364,2
2130631,8518,3
2130631,21938,4
2130631,47630,5
2130631,5876,6
2130631,35951,7
2130948,43295,1
2130948,43961,2
2130948,19376,3
2130948,24852,4
2130948,27966,5
2130948,30489,6
2130948,45013,7
2130948,5322,8
2130948,28745,9
2130948,32052,10
2130948,14332,11
2131517,26209,1
2131517,43713,2
2131517,24852,3
2131914,37687,1
2131914,16797,2
2132450,19660,1
2132450,36316,2
2132879,13176,1
2132879,26317,2
2132879,14678,3
2132926,23288,1
2132926,31651,2
2132926,280,3
2133170,11777,1
2133170,26384,2
2133170,44987,3
2133170,45063,4
2133170,24184,5
2133170,8193,6
2133170,48364,7
2133705,47912,1
2133705,43352,2
2133705,24561,3
2133705,13249,4
2134027,6104,1
2134027,31717,2
2134027,7628,3
2134027,27845,4
2134027,40706,5
2134027,21938,6
2134027,10749,7
2134027,49383,8
2134027,39928,9
2134027,9515,10
2134027,44479,11
2134473,22825,1
2134473,7948,2
2134473,13517,3
2134473,4920,4
2134473,39408,5
2134473,21903,6
2134828,2825,1
2134828,38689,2
2135077,46979,1
2135077,26209,2
2135077,8277,3
2135077,48775,4
2135077,47734,5
2135077,22935,6
2135452,17862,1
2135452,21137,2
2135469,43352,1
2135469,33000,2
2135469,12341,3
2137138,13176,1
2137138,27845,2
2137138,43352,3
2137289,24009,1
2137289,12341,2
2137289,8518,3
2137289,13629,4
2137490,4605,1
2137490,43789,2
2138359,196,1
2138359,22802,2
2138701,9020,1
2138701,25890,2
2138701,8193,3
2138701,31717,4
2138701,24009,5
2138701,22395,6
2138701,38383,7
2139002,30591,1
2139002,35951,2
2139203,13176,1
2139203,16797,2
2139203,40706,3
2139203,11140,4
2139203,21903,5
2139203,13733,6
2139203,22825,7
2139203,47766,8
2139235,16797,1
2139235,21288,2
2139235,43352,3
2139235,39275,4
2139305,41220,1
2139305,22825,2
2139305,21137,3
2140133,38383,1
2140133,40396,2
2140133,26209,3
2140133,20114,4
2140133,21938,5
2140133,24852,6
2140133,24964,7
2140620,9358,1
2140620,43352,2
2140760,13259,1
2140760,21903,2
2141024,40063,1
2141024,30406,2
2141576,3957,1
2141576,2086,2
2141576,29801,3
2141806,41220,1
2141806,47209,2
2141806,21295,3
2141806,31927,4
2142045,24852,1
2142045,34969,2
2142045,44359,3
2142045,41658,4
2142473,5161,1
2142473,43154,2
2142473,5258,3
2142666,8955,1
2142666,5479,2
2142666,41658,3
2143718,13176,1
2143718,39275,2
2143718,21137,3
2143718,4149,4
2143887,41290,1
2143887,38185,2
2143887,49683,3
2143887,10673,4
2144774,35108,1
2144774,27845,2
2144774,44632,3
2144774,35951,4
2145920,19660,1
2145920,8230,2
2145920,9047,3
2145920,30290,4
2145920,8021,5
2146309,25513,1
2146309,32141,2
2146418,38928,1
2146418,10326,2
2146418,12341,3
2146926,13629,1
2146926,4920,2
2146926,24810,3
2146926,42265,4
2146926,24253,5
2146926,46906,6
2147079,14084,1
2147079,27966,2
2147079,21137,3
2147079,39928,4
2147079,8277,5
2147079,40709,6
2147079,19057,7
2147098,24852,1
2147098,39180,2
2147286,27966,1
2147286,18618,2
2147510,7503,1
2147510,24852,2
2147510,21903,3
2147761,15872,1
2147761,32655,2
2147771,37710,1
2147771,39275,2
2147771,196,3
2147771,42265,4
2147771,40199,5
2148113,39275,1
2148113,16797,2
2148113,13176,3
2148113,19691,4
2148113,43352,5
2148113,13575,6
2148113,14161,7
2148246,49235,1
2148246,27845,2
2148291,13259,1
2148291,39275,2
2148314,17600,1
2148314,28985,2
2148314,21137,3
2148314,44628,4
2148314,45066,5
2148314,24799,6
2148314,36735,7
2148314,24852,8
2148314,49235,9
2148449,14218,1
2148449,34358,2
2149557,35199,1
2149557,24852,2
2149557,17615,3
2149557,32689,4
2149771,47766,1
2149771,24561,2
2149771,32734,3
2149771,21903,4
2149771,47759,5
2149771,1158,6
2149771,2326,7
2149771,27966,8
2149771,21137,9
2149771,24852,10
2150571,10326,1
2150571,21137,2
2150857,24964,1
2150857,11520,2
2150980,19660,1
2150980,6104,2
2150980,11005,3
2150980,43192,4
2151764,47626,1
2151764,21903,2
2151764,47766,3
2151764,49075,4
2151764,14992,5
2151764,27104,6
2151764,28985,7
2151764,34126,8
2151767,29487,1
2151767,47209,2
2151767,13083,3
2151767,33120,4
2151767,13249,5
2151767,18465,6
2151767,5646,7
2151767,43768,8
2151767,9839,9
2151767,4799,10
2151767,8021,11
2151839,48679,1
2151839,28204,2
2151839,33731,3
2151839,8955,4
2151839,8424,5
2151839,28985,6
2151839,35221,7
2151839,42828,8
2151839,38557,9
2152525,30489,1
2152525,31683,2
2152525,27845,3
2152525,42828,4
2152525,18523,5
2152525,29370,6
2152525,1194,7
2152525,8277,8
2152525,39877,9
2152525,19057,10
2152999,30353,1
2152999,41682,2
2152999,12576,3
2152999,39947,4
2152999,44479,5
2152999,32650,6
2153027,19488,1
2153027,31553,2
2153027,2966,3
2153304,41400,1
2153304,21137,2
2153304,43352,3
2153304,13176,4
2153304,39408,5
2153304,4920,6
2153304,38928,7
2153440,48205,1
2153440,26604,2
2153440,5618,3
2153440,16797,4
2153440,17794,5
2153440,17461,6
2153440,47626,7
2153440,46979,8
2153440,40706,9
2153536,19660,1
2153536,11520,2
2153536,41544,3
2153536,13535,4
2153536,16185,5
2153536,39558,6
2153536,47766,7
2153536,33731,8
2154184,33000,1
2154184,36534,2
2154184,890,3
2154184,31506,4
2154184,44683,5
2154580,1160,1
2154580,13176,2
2154580,29447,3
2154716,21903,1
2154716,38768,2
2155051,10749,1
2155051,39619,2
2155051,5612,3
2155599,25043,1
2155599,47766,2
2155599,24852,3
2155599,36772,4
2155599,27845,5
2156132,13176,1
2156132,39877,2
2156132,28204,3
2156132,8277,4
2156270,8571,1
2156270,13176,2
2157315,46061,1
2157315,13914,2
2157330,43154,1
2157330,10032,2
2157445,24852,1
2157445,14947,2
2157445,17634,3
2157445,28204,4
2157445,4957,5
2157445,5077,6
2157445,5025,7
2157445,30776,8
2157868,12606,1
2157868,8859,2
2158156,8518,1
2158156,13176,2
2158156,24838,3
2158156,21903,4
2159096,44632,1
2159096,12576,2
2159096,31964,3
2159096,26620,4
2159336,7751,1
2159336,8571,2
2159336,16797,3
2159336,30450,4
2159336,12341,5
2159589,18811,1
2159589,30450,2
2159696,196,1
2159696,46149,2
2159975,24852,1
2159975,39180,2
2159975,32655,3
2159975,49235,4
2159975,16797,5
2159975,21903,6
2159975,40545,7
2159975,14127,8
2159975,28745,9
2159975,7361,10
2159975,37687,11
2160057,35221,1
2160057,44632,2
2160057,1360,3
2160422,37766,1
2160422,248,2
2161453,47766,1
2161453,49235,2
2161453,24852,3
2161453,42265,4
2161453,39275,5
2161453,10749,6
2161453,48775,7
2161453,30305,8
2161453,890,9
2161453,27156,10
2161453,26668,11
2161453,31717,12
2161892,13176,1
2161892,4149,2
2161892,21137,3
2161892,22802,4
2162031,40709,1
2162031,20754,2
2162155,49235,1
2162155,1511,2
2162155,17652,3
2162462,27344,1
2162462,30489,2
2162462,44201,3
2162462,21872,4
2162462,35951,5
2162462,36735,6
2162684,41220,1
2162684,12916,2
2162684,48118,3
2162685,32403,1
2162685,23909,2
2162685,28199,3
2162685,9387,4
2162685,39581,5
2163406,28745,1
2163406,4920,2
2163406,36127,3
2163486,21903,1
2163486,46979,2
2163486,27845,3
2163486,21137,4
2163486,13176,5
2164244,43352,1
2164244,3957,2
2164244,39275,3
2164244,24852,4
2164244,24838,5
2164244,47209,6
2164563,13176,1
2164563,30720,2
2164563,43961,3
2164715,13176,1
2164715,38371,2
2165344,26317,1
2165344,35336,2
2165344,11266,3
2165473,45066,1
2165473,40268,2
2165473,27521,3
2165473,47766,4
2165473,28849,5
2165585,46979,1
2165585,43352,2
2166284,38739,1
2166284,42585,2
2166284,24184,3
2166610,14778,1
2166610,24184,2
2166610,7628,3
2166610,31433,4
2166826,17794,1
2166826,44142,2
2166826,24184,3
2166840,33647,1
2166840,43086,2
2166840,17948,3
2166840,16797,4
2167048,26790,1
2167048,31869,2
2167048,31504,3
2167048,40706,4
2167048,13176,5
2167048,11005,6
2167048,23029,7
2167221,22963,1
2167221,44359,2
2167221,37103,3
2167221,14678,4
2167221,21903,5
2167221,41950,6
2167221,17530,7
2167297,15424,1
2167297,47141,2
2167297,10957,3
2167670,5450,1
2167670,40706,2
2167670,18471,3
2168054,41950,1
2168054,8518,2
2169162,49683,1
2169162,29487,2
2169162,24852,3
2169162,47966,4
2169162,39928,5
2169162,22825,6
2169162,25890,7
2169162,17794,8
2169162,37646,9
2169235,38159,1
2169235,45066,2
2169235,30489,3
2169235,15902,4
2169235,25138,5
2169235,5785,6
2169235,24852,7
2169235,13819,8
2169488,17794,1
2169488,5876,2
2169488,11712,3
2169488,38383,4
2169488,21405,5
2169488,35939,6
2169488,26209,7
2169488,48679,8
2169488,10246,9
2169488,9092,10
2169488,890,11
2169488,2295,12
2169488,28985,13
2169488,33884,14
2169755,32650,1
2169755,32085,2
2169851,6184,1
2169851,46149,2
2169851,16797,3
2169851,39408,4
2169851,13176,5
2169851,32403,6
2169851,43352,7
2170273,28204,1
2170273,4799,2
2170273,28553,3
2170273,18531,4
2170273,35951,5
2170360,35898,1
2170360,21195,2
2170558,8048,1
2170558,16797,2
2170558,196,3
2170558,17122,4
2170558,42265,5
2170558,12341,6
2170558,20940,7
2170558,9839,8
2170558,32303,9
2170558,30827,10
2171073,30233,1
2171073,16759,2
2171073,13042,3
2171151,28842,1
2171151,8518,2
2171151,18370,3
2171151,24184,4
2171369,10326,1
2171369,39275,2
2171369,42500,3
2171369,21137,4
2171541,13176,1
2171541,39275,2
2171663,18963,1
2171663,1217,2
2171689,6046,1
2171689,37067,2
2171689,33731,3
2171689,18027,4
2172015,10749,1
2172015,21938,2
2172015,4605,3
2172015,46709,4
2172015,6046,5
2172015,5450,6
2172015,49683,7
2172015,43565,8
2172015,40332,9
2173356,46149,1
2173356,21292,2
2173356,39275,3
2173400,32299,1
2173400,23909,2
2174025,13176,1
2174025,6184,2
2174085,37687,1
2174085,21903,2
2174085,12341,3
2174085,13176,4
2174085,46802,5
2174355,44632,1
2174355,21709,2
2174355,49520,3
2174355,49191,4
2174355,31964,5
2174355,45747,6
2174355,41682,7
2174355,14947,8
2174564,42719,1
2174564,432,2
2174689,18027,1
2174689,44422,2
2174694,6184,1
2174694,13535,2
2174694,13176,3
2174694,31651,4
2174735,15872,1
2174735,16759,2
2174735,27966,3
2174735,24799,4
2174735,47209,5
2174735,13176,6
2174735,32156,7
2175213,40604,1
2175213,6489,2
2175213,33731,3
2175213,13535,4
2175213,44765,5
2175213,18418,6
2175531,34862,1
2175531,42356,2
2175531,4006,3
2176198,45104,1
2176198,16083,2
2176198,47766,3
2176198,24852,4
2176198,28156,5
2176237,13042,1
2176237,32478,2
2176300,40939,1
2176300,16953,2
2176661,47766,1
2176661,12916,2
2176801,18465,1
2176801,5646,2
2176801,47766,3
2176801,21903,4
2176801,28204,5
2176801,9839,6
2176801,17948,7
2176801,27966,8
2176801,2966,9
2176866,19348,1
2176866,13517,2
2176891,31759,1
2176891,46061,2
2176891,46562,3
2176891,6184,4
2176891,26348,5
2176904,45840,1
2176904,47766,2
2177158,31343,1
2177158,27845,2
2177158,27730,3
2177158,5769,4
2177158,8087,5
2177386,12341,1
2177386,39275,2
2177386,13966,3
2177703,9623,1
2177703,13083,2
2177703,40348,3
2179555,46654,1
2179555,20995,2
2179555,31343,3
2179555,24838,4
2179555,49235,5
2179555,4605,6
2179555,45007,7
2179555,12206,8
2179555,24489,9
2179555,24852,10
2179555,34358,11
2179555,46676,12
2179555,26497,13
2179555,46979,14
2179555,34969,15
2179555,47209,16
2181214,32478,1
2181214,32691,2
2181612,19660,1
2181612,21903,2
2181612,38739,3
2181612,24852,4
2181612,25630,5
2181612,34969,6
2181703,7628,1
2181703,47167,2
2181703,40604,3
2181703,21137,4
2181703,45767,5
2181703,16823,6
2181703,27695,7
2181703,48628,8
2182309,10017,1
2182309,10644,2
2182309,43129,3
2182678,42803,1
2182678,42265,2
2182678,11759,3
2182966,13176,1
2182966,5077,2
2183147,36316,1
2183147,33439,2
2183258,44359,1
2183258,5876,2
2183258,22935,3
2183580,44359,1
2183580,24830,2
2183580,11520,3
2183580,35547,4
2183580,40706,5
2183580,46802,6
2183721,48812,1
2183721,39275,2
2183721,21137,3
2184653,21019,1
2184653,19051,2
2185272,13176,1
2185272,10326,2
2185272,14161,3
2185975,40706,1
2185975,38164,2
2185975,6873,3
2186460,45190,1
2186460,35948,2
2186460,28836,3
2186460,39921,4
2186962,21386,1
2186962,42500,2
2187443,6184,1
2187443,42265,2
2187443,13176,3
2187728,11140,1
2187728,24184,2
2187728,21938,3
2187728,3952,4
2187728,5258,5
2187812,17948,1
2187812,43768,2
2187812,30450,3
2188045,27845,1
2188045,15200,2
2188045,33000,3
2188045,7948,4
2188045,651,5
2188568,24852,1
2188568,47912,2
2188568,21137,3
2189154,8571,1
2189154,21903,2
2189453,11759,1
2189453,13259,2
2189453,40199,3
2189862,19660,1
2189862,23288,2
2189862,1940,3
2190357,3952,1
2190357,27104,2
2190357,2326,3
2190357,28849,4
2190357,7461,5
2190357,38383,6
2190740,20876,1
2190740,37464,2
2190740,16797,3
2191254,4472,1
2191254,26604,2
2191316,35004,1
2191316,20082,2
2191316,47766,3
2191316,33000,4
2191316,7781,5
2191316,21137,6
2191316,38164,7
2191316,39275,8
2193038,196,1
2193038,22802,2
2193038,19348,3
2193038,30591,4
2193038,5068,5
2193038,4724,6
2193038,280,7
2193038,41400,8
2193444,31651,1
2193444,30450,2
2193503,49683,1
2193503,30480,2
2193503,39475,3
2193893,651,1
2193893,5769,2
2193995,40396,1
2193995,46979,2
2194161,46979,1
2194161,47626,2
2194161,24964,3
2194161,7021,4
2194161,34126,5
2194904,27845,1
2194904,49520,2
2194904,15424,3
2194904,27985,4
2194904,31231,5
2194904,5077,6
2195056,24852,1
2195056,35221,2
2195056,44632,3
2195056,28204,4
2195056,6348,5
2195202,32650,1
2195202,32403,2
2195205,13431,1
2195205,7559,2
2195205,47717,3
2195205,5250,4
2195406,40604,1
2195406,26283,2
2195406,20114,3
2195406,41065,4
2195406,41950,5
2195406,24382,6
2195683,39275,1
2195683,33000,2
2195683,43352,3
2196203,23265,1
2196203,14947,2
2196203,29103,3
2196203,35221,4
2196203,46616,5
2196295,47766,1
2196295,25691,2
2196295,1463,3
2196847,47626,1
2196847,46692,2
2196847,9550,3
2196847,24852,4
2196847,4799,5
2196892,25138,1
2196892,43086,2
2196892,12341,3
2196892,37067,4
2197080,14996,1
2197080,24852,2
2197080,43262,3
2197080,26620,4
2197080,38293,5
2197080,16083,6
2197080,4605,7
2197080,40516,8
2197080,29487,9
2197080,49683,10
2197080,39877,11
2197080,8239,12
2197080,44632,13
2198116,13870,1
2198116,10957,2
2198116,45066,3
2198116,7781,4
2198116,24852,5
2198375,11520,1
2198375,7021,2
2198375,42768,3
2198516,43961,1
2198516,42731,2
2199166,33198,1
2199166,16797,2
2199298,42719,1
2199298,31683,2
2199322,13176,1
2199322,21616,2
2199322,46654,3
2199322,41950,4
2199322,41065,5
2199322,45007,6
2199322,35951,7
2199322,47626,8
2199322,44765,9
2199322,28204,10
2199322,34358,11
2199322,29439,12
2199947,21137,1
2199947,329,2
2199947,18963,3
2200132,9839,1
2200132,15200,2
2200132,27845,3
2200132,21903,4
2200441,24852,1
2200441,48775,2
2200441,34658,3
2200967,37687,1
2200967,24852,2
2200967,12980,3
2200967,25890,4
2202159,6184,1
2202159,13176,2
2202361,23288,1
2202361,14233,2
2203765,45767,1
2203765,21137,2
2203765,47167,3
2203765,27845,4
2204980,17795,1
2204980,30391,2
2204980,31717,3
2205203,8571,1
2205203,4149,2
2205204,14947,1
2205204,27744,2
2205204,37646,3
2205404,15424,1
2205404,42240,2
2205623,43961,1
2205623,432,2
2205623,24852,3
2205623,17122,4
2205623,14553,5
2205623,13424,6
2205623,13819,7
2205623,33401,8
2205623,21616,9
2205623,21903,10
2205623,48745,11
2205623,24964,12
2205623,31066,13
2206108,39947,1
2206108,12576,2
2206108,44632,3
2206108,35221,4
2206108,21709,5
2206108,20119,6
2206108,8230,7
2206145,47209,1
2206145,41950,2
2206145,21616,3
2206145,42265,4
2206145,30489,5
2206174,8475,1
2206174,48370,2
2206403,41290,1
2206403,25146,2
2206403,5077,3
2206877,40709,1
2206877,15613,2
2206877,44632,3
2207088,12341,1
2207088,16797,2
2207088,21292,3
2207573,47626,1
2207573,28156,2
2207573,5618,3
2207573,31562,4
2207573,21137,5
2207573,43295,6
2209181,19048,1
2209181,24852,2
2209181,45948,3
2209181,26209,4
2209181,17794,5
2209829,22362,1
2209829,13176,2
2210663,3957,1
2210663,42719,2
2210663,12341,3
2211167,11520,1
2211167,9018,2
2211167,23288,3
2211993,20940,1
2211993,21288,2
2211993,20955,3
2212196,1940,1
2212196,27966,2
2212196,16083,3
2212196,8277,4
2212196,4920,5
2212196,43961,6
2212196,40706,7
2212714,24852,1
2212714,48527,2
2212729,23288,1
2212729,40199,2
2212729,15680,3
2212753,28199,1
2212753,11712,2
2212753,27845,3
2212753,46667,4
2212753,42828,5
2213574,24852,1
2213574,2228,2
2213574,46802,3
2213574,21903,4
2213659,3952,1
2213659,49175,2
2213659,18471,3
2213659,37971,4
2213659,33198,5
2215104,39180,1
2215104,27104,2
2215104,43961,3
2215104,21903,4
2215104,27521,5
2215104,40723,6
2215104,21137,7
2215104,27966,8
2215174,49191,1
2215174,16696,2
2215174,21709,3
2215174,49520,4
2215174,44632,5
2215174,3696,6
2215371,33438,1
2215371,44910,2
2215371,12980,3
2216653,5876,1
2216653,14332,2
2216653,15392,3
2216653,20842,4
2216653,7503,5
2216653,36735,6
2216653,21174,7
2216653,10644,8
2216653,27344,9
2216653,28597,10
2216653,47209,11
2216653,13176,12
2216653,43352,13
2216653,18599,14
2216653,27156,15
2216653,13535,16
2216653,24830,17
2216653,22935,18
2216653,33647,19
2216792,19660,1
2216792,3957,2
2216792,2086,3
2216792,44471,4
2217019,2078,1
2217019,20995,2
2218353,30489,1
2218353,34590,2
2218353,6348,3
2218764,48628,1
2218764,24852,2
2218764,21137,3
2218764,33636,4
2218764,19057,5
2218764,27845,6
2219595,21050,1
2219595,19488,2
2219595,31717,3
2219883,19660,1
2219883,33000,2
2220548,27086,1
2220548,46820,2
2220548,5876,3
2220548,40411,4
2220548,48946,5
2220612,42736,1
2220612,18531,2
2220940,33493,1
2220940,49235,2
2220940,21903,3
2221060,42265,1
2221060,22802,2
2221060,38928,3
2221204,25844,1
2221204,16696,2
2221342,40939,1
2221342,20940,2
2222405,37067,1
2222405,24024,2
2222405,49235,3
2222606,3599,1
2222606,14778,2
2222606,21376,3
2222606,13740,4
2222798,17122,1
2222798,31759,2
2222798,21903,3
2223677,31338,1
2223677,24852,2
2223764,38164,1
2223764,34969,2
2223764,37029,3
2224131,19660,1
2224131,49235,2
2224131,38928,3
2224131,13424,4
2224131,41400,5
2224131,18023,6
2224131,43352,7
2224131,16797,8
2225089,41570,1
2225089,49235,2
2225089,18811,3
2225582,25146,1
2225582,30450,2
2225582,21137,3
2225582,4149,4
2225871,21292,1
2225871,6184,2
2225871,8571,3
2226113,12341,1
2226113,5161,2
2226113,35561,3
2226217,31343,1
2226217,29987,2
2226217,42701,3
2226217,21616,4
2226217,1999,5
2226217,8518,6
2226217,26209,7
2226217,27156,8
2226217,21938,9
2226656,6184,1
2226656,5258,2
2226919,41290,1
2226919,33731,2
2226919,44632,3
2226919,21709,4
2226919,27845,5
2226919,21872,6
2226919,18362,7
2226919,43352,8
2227568,42342,1
2227568,49683,2
2227568,37646,3
2227568,38456,4
2227568,28289,5
2227568,43789,6
2227568,4920,7
2227568,21137,8
2228080,43154,1
2228080,48142,2
2228080,37710,3
2228080,16953,4
2228420,8968,1
2228420,12576,2
2228786,41220,1
2228786,48205,2
2228786,27521,3
2228786,44359,4
2228786,37646,5
2228786,22825,6
2228786,24852,7
2228820,14788,1
2228820,14947,2
2228820,49520,3
2228820,44632,4
2228820,43631,5
2229602,35951,1
2229602,47209,2
2229602,47626,3
2229694,8571,1
2229694,8048,2
2229694,8859,3
2229756,20940,1
2229756,30827,2
2229756,32403,3
2229756,16953,4
2230476,196,1
2230476,41276,2
2230476,31102,3
2230591,27307,1
2230591,13431,2
2230591,4472,3
2230591,15995,4
2230591,18441,5
2230591,4605,6
2230591,2913,7
2230591,13829,8
2230733,23909,1
2230733,21333,2
2230733,33129,3
2230843,43154,1
2230843,48532,2
2231164,27845,1
2231164,13176,2
2231164,12099,3
2231164,39877,4
2231164,36695,5
2231164,46969,6
2231164,24830,7
2231612,39108,1
2231612,47626,2
2231612,21137,3
2231612,14161,4
2231612,4920,5
2231612,9076,6
2231700,38456,1
2231700,40706,2
2231700,28849,3
2231725,22959,1
2231725,22035,2
2231725,27086,3
2231938,39275,1
2231938,4920,2
2233116,24852,1
2233116,26165,2
2233116,25466,3
2233116,18988,4
2233259,7736,1
2233259,48946,2
2233259,40411,3
2233259,10312,4
2233613,21903,1
2233613,40174,2
2233671,21709,1
2233671,35221,2
2233671,44632,3
2233671,14947,4
2234453,30591,1
2234453,13914,2
2234453,46061,3
2234453,196,4
2234733,8955,1
2234733,40706,2
2234733,49683,3
2234733,46979,4
2234981,40199,1
2234981,196,2
2234981,22362,3
2234981,13424,4
2235028,48142,1
2235028,31343,2
2235664,12576,1
2235664,45747,2
2235664,26620,3
2235664,21709,4
2235664,35221,5
2235664,39947,6
2235763,39877,1
2235763,47630,2
2235763,46906,3
2236153,196,1
2236153,31651,2
2236153,37710,3
2236879,28842,1
2236879,34969,2
2236879,47141,3
2236879,18465,4
2236879,32717,5
2237500,6184,1
2237500,13176,2
2237500,37710,3
2237500,32403,4
2237685,13575,1
2237685,196,2
2238912,5258,1
2238912,21288,2
2238912,21903,3
2238912,8571,4
2239271,23375,1
2239271,42356,2
2239335,44632,1
2239335,30353,2
2239335,39947,3
2239335,12576,4
2239335,45747,5
2239335,41682,6
2239335,17191,7
2239335,47977,8
2239335,31964,9
2239335,7693,10
2239579,33754,1
2239579,22124,2
2239579,4957,3
2239579,37067,4
2239579,27086,5
2239579,16797,6
2239579,27966,7
2239647,42500,1
2239647,11266,2
2240460,42500,1
2240460,43154,2
2240460,37710,3
2240884,44632,1
2240884,43122,2
2241632,9020,1
2241632,23543,2
2241632,33000,3
2241632,24852,4
2241632,28156,5
2241632,17948,6
2241632,35887,7
2241632,38293,8
2241632,44987,9
2242052,32303,1
2242052,39408,2
2242052,45051,3
2242052,37710,4
2242052,11759,5
2242052,42265,6
2242914,1957,1
2242914,16953,2
2243159,31506,1
2243159,36865,2
2243159,8309,3
2243159,24799,4
2243159,28465,5
2243722,16797,1
2243722,49683,2
2243722,4799,3
2243722,18465,4
2243722,37646,5
2244363,24852,1
2244363,28204,2
2244363,4920,3
2244363,33731,4
2244363,30391,5
2244363,24184,6
2244363,26209,7
2244363,10246,8
2244363,17224,9
2244726,34126,1
2244726,46979,2
2244726,48679,3
2244726,24964,4
2244726,22935,5
2244726,13176,6
2244726,39928,7
2244726,11520,8
2244726,8912,9
2244726,45504,10
2244768,17615,1
2244768,12232,2
2244768,20378,3
2245028,44359,1
2245028,42265,2
2245028,20084,3
2245028,24184,4
2245028,28204,5
2245028,36070,6
2245028,33647,7
2245028,9076,8
2245028,30391,9
2245176,42265,1
2245176,16953,2
2245346,3896,1
2245346,39928,2
2245346,47630,3
2245346,32429,4
2245346,16797,5
2246185,24561,1
2246185,26317,2
2246185,42450,3
2246358,13176,1
2246358,26165,2
2246358,37646,3
2246358,20842,4
2246358,41844,5
2246577,14992,1
2246577,46654,2
2246577,47626,3
2246814,27086,1
2246814,5785,2
2246814,6210,3
2247193,24852,1
2247193,43295,2
2247193,26128,3
2247193,5818,4
2247193,46802,5
2247398,35503,1
2247398,7503,2
2247398,31506,3
2247398,6046,4
2247398,24964,5
2247398,47209,6
2247398,33401,7
2247576,27086,1
2247576,38689,2
2247576,24852,3
2247576,28204,4
2247576,28199,5
2247643,47209,1
2247643,13176,2
2247643,43086,3
2247643,5876,4
2247643,39190,5
2247643,44683,6
2247643,28204,7
2247643,17948,8
2247643,42768,9
2247643,24799,10
2247643,46906,11
2247956,42585,1
2247956,33731,2
2248612,35601,1
2248612,14233,2
2248613,44292,1
2248613,31808,2
2249408,24852,1
2249408,41787,2
2249408,9387,3
2249408,47630,4
2249408,39928,5
2249629,40706,1
2249629,46820,2
2249629,3957,3
2250346,31040,1
2250346,44098,2
2250806,45948,1
2250806,27104,2
2250806,10305,3
2250806,18891,4
2250806,44359,5
2250806,24184,6
2250945,10385,1
2250945,36316,2
2251163,15860,1
2251163,24852,2
2251163,24561,3
2251163,9387,4
2251163,1940,5
2251163,42972,6
2251163,2091,7
2251349,47144,1
2251349,16797,2
2251349,17795,3
2251349,18471,4
2251349,25005,5
2251349,30391,6
2251484,36216,1
2251484,23288,2
2251487,19057,1
2251487,42342,2
2251777,35921,1
2251777,47209,2
2251777,24838,3
2251777,18918,4
2251777,9839,5
2251886,5876,1
2251886,2611,2
2251886,30391,3
2251886,28601,4
2251886,19660,5
2251886,8174,6
2251886,18027,7
2251886,21405,8
2252609,21137,1
2252609,27966,2
2252609,33198,3
2252641,47144,1
2252641,11777,2
2252641,21376,3
2252641,34448,4
2252641,24852,5
2252641,31040,6
2252641,13819,7
2252641,30450,8
2252641,1360,9
2252641,8277,10
2252641,40545,11
2252641,3599,12
2252718,38768,1
2252718,43352,2
2252718,39275,3
2252718,21288,4
2252718,21137,5
2253020,35951,1
2253020,13176,2
2253020,39275,3
2253020,21137,4
2253060,4920,1
2253060,16953,2
2253252,42803,1
2253252,20955,2
2253252,20940,3
2253252,13176,4
2253252,16797,5
2253252,21292,6
2253536,43154,1
2253536,13259,2
2254446,47766,1
2254446,39877,2
2254446,30391,3
2254446,44359,4
2254776,25466,1
2254776,6182,2
2255388,13176,1
2255388,21903,2
2255388,5785,3
2255388,27086,4
2255388,46584,5
2255388,35628,6
2255388,4792,7
2255388,23650,8
2255388,43504,9
2255388,24561,10
2255434,44661,1
2255434,24830,2
2255434,33731,3
2255434,37524,4
2255434,18610,5
2255887,39984,1
2255887,47626,2
2255887,42244,3
2255887,24830,4
2255887,34969,5
2255887,21938,6
2255887,42768,7
2255887,28785,8
2256205,43154,1
2256205,42500,2
2257483,35561,1
2257483,5258,2
2257606,26209,1
2257606,24184,2
2257606,22935,3
2257606,41950,4
2257606,5646,5
2257606,42828,6
2257606,27845,7
2258085,16797,1
2258085,26209,2
2258085,47626,3
2258249,23540,1
2258249,6846,2
2258249,3389,3
2258414,5646,1
2258414,24964,2
2259069,28836,1
2259069,21903,2
2259069,24964,3
2259069,4605,4
2259069,21137,5
2259069,39275,6
2259069,13852,7
2259069,46979,8
2259069,27104,9
2259069,22849,10
2259183,1940,1
2259183,13083,2
2259734,17862,1
2259734,13629,2
2259734,21137,3
2259734,49075,4
2259734,24954,5
2260277,3298,1
2260277,23288,2
2260878,38739,1
2260878,21903,2
2260878,4799,3
2260878,21386,4
2260878,48171,5
2260878,20520,6
2260878,11005,7
2260878,30169,8
2261270,8518,1
2261270,3376,2
2261390,24964,1
2261390,35939,2
2261390,31717,3
2261390,38383,4
2261390,17794,5
2261390,34243,6
2261390,21709,7
2261390,20119,8
2261390,26369,9
2262001,34969,1
2262001,47766,2
2262001,47626,3
2262001,10644,4
2262135,47766,1
2262135,31506,2
2262135,49235,3
2262135,43789,4
2262385,196,1
2262385,5161,2
2262385,13424,3
2263285,5818,1
2263285,21137,2
2263285,27344,3
2263285,4138,4
2263285,14996,5
2263285,4920,6
2263666,8277,1
2263666,1463,2
2263729,21616,1
2263729,5194,2
2263833,18023,1
2263833,47788,2
2263833,8571,3
2263833,8048,4
2263833,21292,5
2263833,25588,6
2263833,38768,7
2263833,12341,8
2264156,24703,1
2264156,12916,2
2264156,37215,3
2264156,26209,4
2264394,21137,1
2264394,43352,2
2264723,43295,1
2264723,20119,2
2264731,20842,1
2264731,5818,2
2264731,22963,3
2264941,21295,1
2264941,48745,2
2264981,45013,1
2264981,6448,2
2265101,39275,1
2265101,21137,2
2265101,38928,3
2265517,27104,1
2265517,32655,2
2265517,42244,3
2265517,13176,4
2265517,28199,5
2265517,5450,6
2265574,14992,1
2265574,47626,2
2265574,33731,3
2265574,34358,4
2265667,27156,1
2265667,5450,2
2265667,40706,3
2265667,20114,4
2265667,10749,5
2265721,24852,1
2265721,4605,2
2266259,38164,1
2266259,41220,2
2266259,27845,3
2266259,22935,4
2266259,18288,5
2266259,47626,6
2266259,2326,7
2266259,13380,8
2266259,27344,9
2266259,8021,10
2266259,34423,11
2266259,40604,12
2266259,1215,13
2266313,37710,1
2266313,5161,2
2266313,31651,3
2266339,5479,1
2266339,43713,2
2266339,32747,3
2266339,16589,4
2266339,34551,5
2266339,23516,6
2266397,196,1
2266397,37710,2
2266397,39657,3
2266397,30591,4
2266397,8859,5
2266539,13176,1
2266539,26209,2
2266539,34335,3
2266539,33810,4
2266576,27117,1
2266576,10312,2
2266891,19173,1
2266891,36011,2
2266891,46820,3
2266891,17600,4
2266891,42803,5
2266891,4920,6
2267010,21288,1
2267010,13176,2
2267010,19348,3
2267010,38928,4
2267256,30353,1
2267256,8277,2
2267256,47209,3
2267256,24852,4
2267256,46906,5
2267256,43662,6
2267256,20842,7
2267256,28836,8
2267280,21847,1
2267280,34688,2
2267280,12846,3
2267280,18362,4
2267492,21903,1
2267492,12572,2
2267492,39275,3
2267492,21616,4
2268455,28199,1
2268455,30391,2
2268455,41319,3
2268455,12276,4
2268552,21616,1
2268552,31299,2
2268672,21903,1
2268672,40706,2
2268672,30391,3
2268900,27521,1
2268900,21903,2
2268900,3142,3
2268900,18362,4
2268900,39275,5
2268900,27966,6
2268900,48679,7
2269000,24852,1
2269000,8277,2
2269000,43713,3
2269000,4086,4
2269000,28842,5
2269000,47626,6
2269000,31506,7
2269000,34126,8
2270908,27104,1
2270908,26369,2
2270908,33768,3
2270908,47042,4
2270908,20114,5
2271037,47766,1
2271037,46676,2
2271037,45066,3
2271037,42557,4
2271037,30489,5
2271037,9515,6
2271082,42265,1
2271082,5161,2
2271625,43352,1
2271625,3298,2
2271625,39275,3
2271625,10326,4
2271787,43154,1
2271787,37710,2
2271787,32455,3
2271930,26165,1
2271930,33198,2
2272307,40878,1
2272307,20995,2
2272307,42265,3
2272307,11440,4
2272370,27845,1
2272370,35221,2
2272370,30776,3
2273106,27845,1
2273106,13176,2
2273106,5450,3
2274525,21903,1
2274525,40706,2
2274525,41065,3
2274525,45007,4
2274525,46979,5
2274525,9076,6
2274525,24834,7
2274525,581,8
2274525,9339,9
2275237,12341,1
2275237,8048,2
2275237,38768,3
2275841,11266,1
2275841,6184,2
2275841,7131,3
2275841,13176,4
2276058,13176,1
2276058,8571,2
2276058,21903,3
2276058,6184,4
2276058,43352,5
2276058,12341,6
2276106,26165,1
2276106,5479,2
2276106,34335,3
2276106,44375,4
2276106,4210,5
2276456,21019,1
2276456,40396,2
2276541,24852,1
2276541,21137,2
2276784,34126,1
2276784,23165,2
2276784,15937,3
2276784,24964,4
2276784,47626,5
2277044,14633,1
2277044,39275,2
2277418,21938,1
2277418,46667,2
2277418,31717,3
2277418,34126,4
2277418,24830,5
2277418,44359,6
2277418,8518,7
2277418,39619,8
2277418,31727,9
2277418,45774,10
2277418,23737,11
2277418,46979,12
2277475,19660,1
2277475,22959,2
2277475,5479,3
2277475,13176,4
2277475,42736,5
2277475,5876,6
2278445,38928,1
2278445,43154,2
2278445,13176,3
2278560,25890,1
2278560,46906,2
2278560,36086,3
2278560,36011,4
2279094,49683,1
2279094,41950,2
2279094,36865,3
2279094,37687,4
2279622,44422,1
2279622,19057,2
2280206,4920,1
2280206,41220,2
2280206,13176,3
2280206,8174,4
2280206,13249,5
2280206,37053,6
2280911,19660,1
2280911,22825,2
2281560,5479,1
2281560,23178,2
2281560,28842,3
2281568,28985,1
2281568,21903,2
2281568,22825,3
2281568,37646,4
2281568,25346,5
2281568,46802,6
2281568,24852,7
2282308,28204,1
2282308,13517,2
2282308,25753,3
2282668,37710,1
2282668,16714,2
2282955,14129,1
2282955,12206,2
2282955,34217,3
2282955,25890,4
2282955,17878,5
2282955,12845,6
2282955,35749,7
2282955,13646,8
2282955,43961,9
2283163,45007,1
2283163,21376,2
2283163,41950,3
2284786,47977,1
2284786,196,2
2285414,37710,1
2285414,3298,2
2285414,46149,3
2285782,17080,1
2285782,4493,2
2285782,42500,3
2285782,2966,4
2285782,38200,5
2285782,36107,6
2285782,33198,7
2285782,27985,8
2286054,18465,1
2286054,1700,2
2286054,40396,3
2286476,13176,1
2286476,39275,2
2286476,13424,3
2286527,28745,1
2286527,28204,2
2286816,196,1
2286816,46061,2
2286816,40199,3
2287006,13176,1
2287006,9358,2
2287006,38300,3
2287235,31506,1
2287235,26209,2
2288719,49683,1
2288719,27086,2
2288719,21616,3
2289252,3098,1
2289252,44359,2
2289252,22935,3
2289252,42265,4
2290109,33198,1
2290109,21137,2
2290263,21137,1
2290263,17862,2
2290753,18465,1
2290753,5479,2
2290824,35535,1
2290824,16145,2
2290824,22935,3
2290824,16083,4
2292237,20940,1
2292237,21195,2
2292237,20955,3
2292237,17122,4
2292483,25146,1
2292483,17862,2
2293019,5450,1
2293019,21616,2
2293019,33768,3
2293025,5258,1
2293025,33000,2
2293167,2295,1
2293167,33731,2
2293167,24852,3
2293167,24830,4
2293167,9124,5
2293167,27156,6
2293167,21295,7
2293167,40604,8
2293167,35898,9
2293167,45603,10
2293167,27521,11
2293167,46969,12
2293167,8518,13
2293336,43744,1
2293336,14419,2
2293337,33065,1
2293337,38444,2
2294336,49235,1
2294336,8174,2
2294336,39275,3
2294499,8048,1
2294499,8571,2
2296073,24852,1
2296073,16797,2
2297012,32478,1
2297012,41400,2
2297012,16797,3
2297012,37710,4
2297012,11266,5
2297012,6184,6
2297222,37317,1
2297222,19660,2
2297222,21195,3
2297934,16797,1
2297934,14419,2
2297934,13259,3
2298583,22142,1
2298583,37067,2
2298583,27086,3
2298583,30233,4
2298583,8174,5
2298916,27966,1
2298916,22035,2
2298916,27881,3
2298916,40604,4
2298916,47626,5
2298916,39812,6
2298916,7746,7
2298916,24964,8
2298916,43129,9
2298916,46979,10
2298916,31964,11
2299179,10326,1
2299179,18023,2
2299179,21137,3
2299179,21288,4
2299179,39275,5
2299179,21903,6
2299376,36107,1
2299376,40332,2
2300652,14947,1
2300652,35221,2
2300652,39475,3
2300652,49520,4
2300745,28204,1
2300745,41787,2
2300745,30489,3
2300812,43739,1
2300812,196,2
2300871,7781,1
2300871,24852,2
2300871,12099,3
2300871,17872,4
2300871,25630,5
2300871,5491,6
2300871,34134,7
2300871,49044,8
2300871,30192,9
2300871,4812,10
2300871,31504,11
2300871,2295,12
2300871,43504,13
2300871,7751,14
2300871,3142,15
2300871,9020,16
2300871,22935,17
2300871,46667,18
2301081,48775,1
2301081,5876,2
2301422,12341,1
2301422,49235,2
2301422,33000,3
2301422,8571,4
2301653,13263,1
2301653,28553,2
2301660,2611,1
2301660,37552,2
2301660,22035,3
2301660,11777,4
2301660,20082,5
2301660,14161,6
2301678,13176,1
2301678,6184,2
2302075,33198,1
2302075,8174,2
2302075,5450,3
2302075,26209,4
2302075,5876,5
2302075,28553,6
2302075,13292,7
2302151,37766,1
2302151,37067,2
2302280,43352,1
2302280,13176,2
2302280,49235,3
2302544,6182,1
2302544,8859,2
2302544,13176,3
2303579,20392,1
2303579,26165,2
2303579,45066,3
2303579,6489,4
2303579,21376,5
2303579,47209,6
2303579,24852,7
2303579,17794,8
2303912,21903,1
2303912,40604,2
2304846,33000,1
2304846,43352,2
2304990,40174,1
2304990,26209,2
2304990,30169,3
2304990,30720,4
2304990,45007,5
2304990,42625,6
2304990,17794,7
2305942,14233,1
2305942,33198,2
2305996,18288,1
2305996,28571,2
2306152,21938,1
2306152,35140,2
2306384,30489,1
2306384,31040,2
2306384,45066,3
2306384,8174,4
2306384,46906,5
2306384,27966,6
2306384,28553,7
2306384,47209,8
2306725,24852,1
2306725,44632,2
2306886,22035,1
2306886,24852,2
2306886,31343,3
2306886,21137,4
2306886,25718,5
2307382,24852,1
2307382,4317,2
2307382,8518,3
2307382,28156,4
2307382,26604,5
2307382,39275,6
2307382,27966,7
2307382,21137,8
2307382,18352,9
2307907,47766,1
2307907,40571,2
2308039,5586,1
2308039,19488,2
2308132,40199,1
2308132,23288,2
2308157,48679,1
2308157,28934,2
2308157,8006,3
2308157,47766,4
2308157,21616,5
2308813,31102,1
2308813,40541,2
2309156,7781,1
2309156,27307,2
2309292,5161,1
2309292,38889,2
2309292,13176,3
2309292,33754,4
2309292,8021,5
2309292,8174,6
2309811,38300,1
2309811,14233,2
2310286,13629,1
2310286,17862,2
2310286,39984,3
2310286,1999,4
2310286,5373,5
2310286,47626,6
2310286,12409,7
2310461,17122,1
2310461,12341,2
2310909,33198,1
2310909,27325,2
2311152,20995,1
2311152,12872,2
2311152,32734,3
2311152,39619,4
2311152,33731,5
2311433,23288,1
2311433,39275,2
2311433,8571,3
2312004,22935,1
2312004,25890,2
2312004,10749,3
2312004,1090,4
2312004,29311,5
2312770,13249,1
2312770,47766,2
2312770,28985,3
2312770,21903,4
2312770,16185,5
2312770,25890,6
2312770,48679,7
2312770,21543,8
2313487,35939,1
2313487,13984,2
2313487,40706,3
2313487,47766,4
2313487,47626,5
2313487,26209,6
2313487,4605,7
2313487,27156,8
2313487,49175,9
2313506,8277,1
2313506,30489,2
2313506,25824,3
2313506,21019,4
2313506,9623,5
2313597,27104,1
2313597,30169,2
2313597,5876,3
2313597,7948,4
2313941,21195,1
2313941,33000,2
2316057,27086,1
2316057,27744,2
2316057,30233,3
2316057,44632,4
2316057,12576,5
2316057,20119,6
2316057,5794,7
2316057,40742,8
2316761,24852,1
2316761,43154,2
2317066,49192,1
2317066,46886,2
2317316,13740,1
2317316,24799,2
2317316,33894,3
2317440,22935,1
2317440,34358,2
2319316,40723,1
2319316,47042,2
2319316,30391,3
2319316,21616,4
2319316,18761,5
2319385,47144,1
2319385,13212,2
2319385,29487,3
2319385,28842,4
2319385,27156,5
2319385,20114,6
2319385,40604,7
2319385,43789,8
2319385,8518,9
2319385,28836,10
2319613,45007,1
2319613,45066,2
2319613,24852,3
2319613,14218,4
2319613,30406,5
2319613,7628,6
2320304,43295,1
2320304,22963,2
2320304,42828,3
2321331,37215,1
2321331,38944,2
2322484,329,1
2322484,13176,2
2322484,141,3
2322484,34243,4
2322484,47209,5
2322567,25146,1
2322567,43967,2
2322567,41290,3
2322636,25466,1
2322636,14233,2
2322668,3298,1
2322668,38768,2
2323296,2078,1
2323296,33198,2
2324565,12576,1
2324565,39947,2
2324565,27275,3
2324565,30353,4
2324565,1831,5
2324565,15424,6
2325803,4472,1
2325803,18418,2
2325803,8021,3
2325803,44375,4
2325803,4138,5
2325803,46906,6
2325877,21137,1
2325877,39275,2
2325877,43352,3
2325877,12341,4
2325881,42719,1
2325881,25890,2
2325881,24852,3
2325881,45066,4
2325881,35045,5
2325995,19660,1
2325995,25890,2
2326047,41950,1
2326047,47209,2
2326663,35951,1
2326663,31506,2
2326663,4461,3
2326681,16797,1
2326681,43352,2
2326681,5161,3
2326793,13176,1
2326793,42265,2
2327082,40604,1
2327082,44359,2
2327082,18656,3
2327082,15937,4
2327082,1529,5
2327082,40174,6
2327082,18465,7
2327082,12456,8
2328040,21616,1
2328040,25931,2
2328040,42265,3
2328040,18811,4
2328040,49683,5
2328878,35108,1
2328878,40268,2
2328878,22993,3
2328879,38739,1
2328879,24838,2
2328879,16349,3
2328879,13198,4
2328879,8518,5
2328879,47626,6
2328879,16759,7
2328879,44683,8
2328879,30305,9
2329020,37646,1
2329020,5612,2
2329020,8859,3
2329020,40992,4
2329174,19348,1
2329174,13176,2
2329705,196,1
2329705,48532,2
2329960,19348,1
2329960,21137,2
2329960,21288,3
2329960,35898,4
2329989,47626,1
2329989,48679,2
2329989,21903,3
2329989,24964,4
2329989,10644,5
2330064,44375,1
2330064,38689,2
2330064,26209,3
2330290,24964,1
2330290,17600,2
2330290,24852,3
2330290,36011,4
2330896,47626,1
2330896,37646,2
2330896,24184,3
2330896,21938,4
2330896,8518,5
2330896,45007,6
2331643,29447,1
2331643,49235,2
2331643,2091,3
2332153,49235,1
2332153,21903,2
2332153,13176,3
2332153,48812,4
2332163,27845,1
2332163,45066,2
2332163,27966,3
2332163,4605,4
2332163,21137,5
2332163,3142,6
2332163,39619,7
2332163,13176,8
2332251,38928,1
2332251,17122,2
2333182,26348,1
2333182,13575,2
2333594,43154,1
2333594,32455,2
2333857,22935,1
2333857,44359,2
2333990,25890,1
2333990,18465,2
2333990,28934,3
2333990,21137,4
2334156,45007,1
2334156,30169,2
2334156,24830,3
2334297,12341,1
2334297,8571,2
2334297,21292,3
2334297,32689,4
2334476,47626,1
2334476,39275,2
2334476,16185,3
2334476,42701,4
2334476,27845,5
2334476,2314,6
2334476,17638,7
2334755,10070,1
2334755,1940,2
2334755,49235,3
2334755,24852,4
2334755,28204,5
2334755,1700,6
2334808,28204,1
2334808,32747,2
2335409,18471,1
2335409,46709,2
2335409,27845,3
2335693,43352,1
2335693,21288,2
2335693,16797,3
2335693,39275,4
2336418,18023,1
2336418,13424,2
2336418,21195,3
2336961,49235,1
2336961,36011,2
2336961,11440,3
2336961,260,4
2336961,29370,5
2336961,47766,6
2336961,25146,7
2336961,18362,8
2337264,16823,1
2337264,4605,2
2337264,17794,3
2337264,42625,4
2337264,34358,5
2337264,7021,6
2337264,27544,7
2337397,33000,1
2337397,2078,2
2337397,24852,3
2337397,45066,4
2337397,27307,5
2337397,4658,6
2337397,5876,7
2337424,24964,1
2337424,31553,2
2337662,46149,1
2337662,196,2
2337662,5258,3
2337921,13176,1
2337921,35561,2
2337921,13575,3
2337921,22802,4
2337921,196,5
2337979,16797,1
2337979,8571,2
2337979,20345,3
2337979,32455,4
2338304,26620,1
2338304,45190,2
2339621,18352,1
2339621,21137,2
2339621,27966,3
2339621,44560,4
2339734,30591,1
2339734,16953,2
2340313,5876,1
2340313,24852,2
2340349,36107,1
2340349,24838,2
2340349,45104,3
2340349,21616,4
2340349,47766,5
2340349,8021,6
2340349,43352,7
2340349,13176,8
2340349,4086,9
2340362,49683,1
2340362,23650,2
2340362,47626,3
2340362,21903,4
2340362,31766,5
2340362,24489,6
2340362,47766,7
2340573,18531,1
2340573,35855,2
2340573,46979,3
2340573,48364,4
2340573,16797,5
2340573,26604,6
2340573,7948,7
2341197,30639,1
2341197,47630,2
2341197,47788,3
2341197,260,4
2341197,37067,5
2341197,38159,6
2341612,11123,1
2341612,8580,2
2341612,5618,3
2342320,7131,1
2342320,26604,2
2342320,13176,3
2342899,196,1
2342899,37710,2
2342899,39657,3
2343559,21137,1
2343559,26317,2
2343559,23576,3
2343559,24954,4
2344173,13870,1
2344173,28373,2
2344173,26940,3
2344173,21137,4
2344173,28985,5
2344173,47209,6
2344173,40706,7
2344286,890,1
2344286,19660,2
2344286,12341,3
2344286,47788,4
2344286,21195,5
2344946,26717,1
2344946,18471,2
2345249,21137,1
2345249,16797,2
2345249,18023,3
2345343,30591,1
2345343,46562,2
2345343,12427,3
2345343,5161,4
2345392,37158,1
2345392,48775,2
2345392,17795,3
2345392,10385,4
2345415,5479,1
2345415,432,2
2345415,26165,3
2345986,196,1
2345986,19660,2
2345986,1700,3
2346453,12341,1
2346453,13176,2
2347960,21137,1
2347960,44683,2
2348061,38689,1
2348061,48527,2
2348061,8518,3
2348061,30391,4
2348061,24964,5
2348061,45007,6
2348061,21903,7
2349132,19173,1
2349132,13166,2
2349132,35951,3
2349132,19691,4
2349132,21903,5
2349132,41787,6
2349431,18382,1
2349431,18418,2
2349431,18656,3
2350047,34584,1
2350047,18531,2
2350047,24489,3
2350047,5077,4
2350047,1463,5
2350093,20876,1
2350093,24964,2
2350093,29487,3
2350093,13176,4
2350514,47141,1
2350514,29848,2
2350514,33198,3
2350514,36107,4
2350514,48988,5
2350895,21009,1
2350895,37766,2
2350895,37971,3
2350895,8968,4
2351833,40396,1
2351833,37158,2
2351833,33846,3
2351833,13870,4
2352127,6184,1
2352127,43352,2
2352127,8571,3
2352127,10326,4
2353141,13176,1
2353141,43352,2
2353519,35561,1
2353519,21137,2
2353723,5450,1
2353723,26209,2
2353723,27845,3
2353723,24852,4
2353723,22035,5
2353723,11422,6
2353723,40723,7
2353723,47626,8
2353723,27521,9
2353827,31759,1
2353827,19660,2
2353827,5258,3
2354206,37710,1
2354206,13535,2
2354738,21195,1
2354738,11266,2
2355495,21386,1
2355495,19057,2
2355495,44632,3
2356287,14129,1
2356287,39947,2
2356287,21070,3
2356287,13870,4
2356287,18618,5
2356669,21137,1
2356669,19057,2
2356669,27966,3
2356669,18027,4
2356669,42557,5
2356669,20734,6
2356875,46149,1
2356875,49235,2
2356986,46149,1
2356986,196,2
2357467,39928,1
2357467,47209,2
2357467,9839,3
2357467,37646,4
2357467,8174,5
2357628,13176,1
2357628,17122,2
2357628,22802,3
2357628,31651,4
2357628,32478,5
2357628,6760,6
2359108,25513,1
2359108,8424,2
2359108,6046,3
2359108,46979,4
2359583,22802,1
2359583,196,2
2359583,37710,3
2359583,26348,4
2359789,43352,1
2359789,21386,2
2360107,43352,1
2360107,21288,2
2360923,30233,1
2360923,14633,2
2360923,24253,3
2360923,44359,4
2360923,35951,5
2360975,33198,1
2360975,40199,2
2360975,38557,3
2361830,14233,1
2361830,19660,2
2362449,39275,1
2362449,18023,2
2362449,21288,3
2362449,43352,4
2363244,20282,1
2363244,18606,2
2363244,34270,3
2363244,23576,4
2363244,7175,5
2363244,11143,6
2363244,16797,7
2363244,45066,8
2363384,16797,1
2363384,31102,2
2363384,19660,3
2363542,204,1
2363542,28373,2
2363542,45104,3
2363542,28204,4
2363542,38456,5
2363542,5769,6
2363542,44359,7
2363542,5618,8
2363542,27544,9
2363542,4605,10
2363542,31553,11
2363542,16759,12
2363542,45866,13
2363836,44632,1
2363836,890,2
2363836,6104,3
2363836,5618,4
2363836,2295,5
2363836,32734,6
2364350,13176,1
2364350,8174,2
2364350,17487,3
2364350,16797,4
2365136,40396,1
2365136,23576,2
2365761,24852,1
2365761,4210,2
2365761,48015,3
2365761,42240,4
2365761,23341,5
2365761,26209,6
2365761,31553,7
2366670,25466,1
2366670,21137,2
2366670,28577,3
2366843,38928,1
2366843,46061,2
2366843,40199,3
2366843,13914,4
2368043,42265,1
2368043,16797,2
2368406,39275,1
2368406,46041,2
2368673,41276,1
2368673,31102,2
2369546,46562,1
2369546,22362,2
2369728,39275,1
2369728,21137,2
2369838,23909,1
2369838,32691,2
2369838,24852,3
2369838,41165,4
2369838,31683,5
2370304,27845,1
2370304,40198,2
2370386,36865,1
2370386,14233,2
2370386,43961,3
2370386,2086,4
2370386,35221,5
2370386,49191,6
2370386,47759,7
2370386,19691,8
2370386,16349,9
2370386,19678,10
2370622,13176,1
2370622,43352,2
2370622,21288,3
2370622,16797,4
2370622,12341,5
2370622,39275,6
2370622,6184,7
2370869,17191,1
2370869,21709,2
2370869,9623,3
2371416,15200,1
2371416,31717,2
2371416,5450,3
2371416,9839,4
2373381,17948,1
2373381,49075,2
2373381,30489,3
2373381,10749,4
2373381,20995,5
2373381,27156,6
2373450,47626,1
2373450,49683,2
2373450,3957,3
2373450,20842,4
2373528,33000,1
2373528,49520,2
2373528,11520,3
2373695,38768,1
2373695,32689,2
2373695,23375,3
2373695,12341,4
2373695,33000,5
2373695,37710,6
2373695,890,7
2373994,13829,1
2373994,8138,2
2373994,38772,3
2374107,13176,1
2374107,43352,2
2374107,39275,3
2374107,16797,4
2374152,32655,1
2374152,24852,2
2374152,24184,3
2374152,12845,4
2374152,47209,5
2374152,14233,6
2374190,5212,1
2374190,18465,2
2374190,42265,3
2374190,46979,4
2374528,13176,1
2374528,36534,2
2375556,21872,1
2375556,41165,2
2375556,31040,3
2375556,31915,4
2376361,9387,1
2376361,47766,2
2376361,21137,3
2376361,30696,4
2376361,44570,5
2376361,30169,6
2376361,23909,7
2376361,5077,8
2376361,27413,9
2376526,8174,1
2376526,5876,2
2376526,27104,3
2376526,33731,4
2376859,30169,1
2376859,26369,2
2376859,8518,3
2376859,10246,4
2376859,31717,5
2376859,26209,6
2376859,47766,7
2376859,28985,8
2376859,47626,9
2376859,46962,10
2376859,40604,11
2376868,21903,1
2376868,21137,2
2376868,13176,3
2376868,21573,4
2376868,35951,5
2377159,47144,1
2377159,651,2
2377734,42828,1
2377734,24852,2
2377734,2452,3
2378191,5258,1
2378191,35951,2
2378625,31338,1
2378625,39560,2
2378625,44910,3
2378625,30233,4
2378625,16185,5
2378655,16349,1
2378655,7781,2
2378655,44471,3
2378702,8475,1
2378702,277,2
2378702,24852,3
2379144,5322,1
2379144,24852,2
2379144,45066,3
2379144,1511,4
2379590,17461,1
2379590,37687,2
2379590,47766,3
2379590,7781,4
2379590,2086,5
2380022,21405,1
2380022,31717,2
2380022,26209,3
2381477,8571,1
2381477,7131,2
2381477,6184,3
2381616,32455,1
2381616,42265,2
2381616,13259,3
2381616,32303,4
2382257,42265,1
2382257,13176,2
2382257,36534,3
2382468,36107,1
2382468,27985,2
2382468,8859,3
2382928,19660,1
2382928,13259,2
2382928,32689,3
2382928,21292,4
2383093,27845,1
2383093,42828,2
2383093,16797,3
2383093,47788,4
2383093,28199,5
2383093,32303,6
2383191,1194,1
2383191,13245,2
2383191,2086,3
2383191,33198,4
2383191,14233,5
2383191,31066,6
2383191,4461,7
2383191,12409,8
2383191,23405,9
2383660,15680,1
2383660,39922,2
2383660,8571,3
2383660,46129,4
2383660,5769,5
2383974,13042,1
2383974,13032,2
2383974,13424,3
2383974,13176,4
2383974,41400,5
2384378,8048,1
2384378,38928,2
2384378,30450,3
2386217,31506,1
2386217,35206,2
2386217,45104,3
2386217,36316,4
2386232,40332,1
2386232,47144,2
2386232,45066,3
2386232,27288,4
2386232,47966,5
2386648,5479,1
2386648,27695,2
2386648,18531,3
2386648,21872,4
2386648,42625,5
2386648,10305,6
2386699,40742,1
2386699,37687,2
2387556,196,1
2387556,13259,2
2387556,26348,3
2387556,20345,4
2387556,40199,5
2388028,36550,1
2388028,39812,2
2388028,48697,3
2388028,1947,4
2388072,13176,1
2388072,6184,2
2388468,8048,1
2388468,30406,2
2390263,13966,1
2390263,196,2
2390263,11759,3
2390978,19660,1
2390978,5258,2
2390978,38300,3
2391146,24841,1
2391146,26790,2
2391199,26604,1
2391199,21137,2
2391199,27966,3
2391349,13176,1
2391349,8571,2
2391349,39657,3
2391732,34126,1
2391732,26940,2
2392151,43352,1
2392151,16797,2
2392643,2966,1
2392643,24838,2
2392742,6760,1
2392742,1194,2
2392742,4957,3
2392745,3873,1
2392745,47209,2
2392745,21137,3
2392745,4920,4
2393228,20119,1
2393228,49520,2
2393228,21709,3
2393228,26620,4
2393432,35898,1
2393432,5785,2
2393432,21137,3
2393432,36441,4
2394031,24852,1
2394031,26369,2
2394047,43154,1
2394047,42500,2
2394282,39581,1
2394282,5785,2
2394282,24954,3
2394585,39408,1
2394585,38928,2
2394585,196,3
2395564,32689,1
2395564,1244,2
2396101,500,1
2396101,36051,2
2396101,35561,3
2396369,12341,1
2396369,33000,2
2396369,11266,3
2396369,43352,4
2396729,35914,1
2396729,24852,2
2396729,11512,3
2396729,27966,4
2396729,2091,5
2396729,260,6
2396729,45066,7
2397105,44475,1
2397105,24852,2
2397314,32156,1
2397314,27966,2
2398531,43295,1
2398531,3274,2
2398531,6187,3
2398531,22825,4
2398531,39877,5
2398983,49520,1
2398983,1831,2
2399380,12916,1
2399380,3957,2
2400075,42585,1
2400075,2078,2
2400075,28849,3
2400075,25659,4
2400127,48523,1
2400127,16965,2
2400127,15902,3
2400127,17878,4
2400127,33198,5
2400127,22802,6
2400127,21903,7
2401433,37646,1
2401433,25588,2
2401433,260,3
2401433,47626,4
2401433,31717,5
2401433,26369,6
2401433,22963,7
2401433,16797,8
2401433,5450,9
2402053,43713,1
2402053,44910,2
2402053,7021,3
2402536,37687,1
2402536,32403,2
2403070,38928,1
2403070,42265,2
2403759,42736,1
2403759,32156,2
2403759,27985,3
2403759,21050,4
2403759,8859,5
2403772,39475,1
2403772,11005,2
2403772,8193,3
2403772,37220,4
2403772,581,5
2403897,38383,1
2403897,18531,2
2404593,5785,1
2404593,3952,2
2404593,27086,3
2404593,11520,4
2404593,24852,5
2405063,6287,1
2405063,26165,2
2405063,48559,3
2405063,15290,4
2405063,39409,5
2405063,20580,6
2405063,39928,7
2406554,18891,1
2406554,32052,2
2406554,13176,3
2406669,41950,1
2406669,34969,2
2406669,46979,3
2406669,8518,4
2406669,34358,5
2406669,21616,6
2406669,35547,7
2406990,47209,1
2406990,47626,2
2406990,46969,3
2406990,13176,4
2406990,27344,5
2406990,22935,6
2406990,11512,7
2406990,27307,8
2406990,28842,9
2406990,8174,10
2406990,40268,11
2406990,21903,12
2406990,17706,13
2406990,260,14
2406990,10749,15
2406990,42265,16
2406990,48775,17
2407587,46061,1
2407587,8859,2
2407587,196,3
2407809,13083,1
2407809,49683,2
2407809,26209,3
2407809,47626,4
2407809,24852,5
2407809,8277,6
2407809,42265,7
2407809,47042,8
2407809,16185,9
2407809,18362,10
2408179,39275,1
2408179,21137,2
2408179,10326,3
2408179,13176,4
2408695,1194,1
2408695,25466,2
2408747,22802,1
2408747,196,2
2409809,28745,1
2409809,47209,2
2409809,37067,3
2409809,21137,4
2409809,5077,5
2409809,47042,6
2409809,5240,7
2410119,43122,1
2410119,40706,2
2410119,42828,3
2410119,13166,4
2410119,28476,5
2410119,13176,6
2410119,8277,7
2410119,21903,8
2410119,33731,9
2410458,46584,1
2410458,45535,2
2410458,25146,3
2410458,11777,4
2410458,24852,5
2410801,18465,1
2410801,5876,2
2410901,6184,1
2410901,16797,2
2410901,9076,3
2410945,14233,1
2410945,196,2
2410945,31102,3
2410945,18023,4
2410945,42500,5
2410945,18531,6
2411301,46886,1
2411301,28465,2
2411301,16965,3
2411301,45013,4
2411301,21288,5
2412845,41950,1
2412845,41220,2
2412845,39275,3
2412845,26604,4
2413761,5785,1
2413761,44632,2
2413761,26620,3
2413761,27086,4
2413761,32740,5
2413761,40709,6
2414502,29370,1
2414502,48364,2
2414502,21267,3
2414502,23734,4
2414561,14715,1
2414561,38768,2
2414561,26405,3
2414905,45002,1
2414905,4920,2
2414905,5876,3
2414905,23537,4
2414905,40706,5
2414905,18594,6
2415214,42500,1
2415214,19660,2
2415214,32403,3
2416188,35951,1
2416188,47209,2
2417002,46802,1
2417002,4149,2
2417879,26209,1
2417879,30776,2
2417879,17835,3
2417910,32691,1
2417910,4210,2
2417910,15359,3
2417910,4562,4
2417910,42500,5
2418189,46667,1
2418189,37464,2
2418189,35782,3
2418189,8859,4
2418189,5876,5
2418189,48395,6
2418997,38689,1
2418997,19660,2
2418997,40706,3
2418997,11005,4
2419270,33000,1
2419270,12341,2
2419587,33120,1
2419587,1215,2
2419587,24852,3
2419587,19125,4
2420462,39921,1
2420462,432,2
2421131,35561,1
2421131,40199,2
2421761,37646,1
2421761,9387,2
2421761,24852,3
2421761,40174,4
2422087,329,1
2422087,25332,2
2422087,13176,3
2422087,6187,4
2422087,41198,5
2422087,31338,6
2422087,21903,7
2422087,27966,8
2422087,19057,9
2422831,16797,1
2422831,8571,2
2422831,4920,3
2422831,37710,4
2422831,8048,5
2422831,32455,6
2422831,16953,7
2422831,35336,8
2423342,34551,1
2423342,48697,2
2423500,21616,1
2423500,27325,2
2423500,21267,3
2423500,46979,4
2423615,12341,1
2423615,32689,2
2423615,8571,3
2423615,21288,4
2423615,8048,5
2423615,16797,6
2424192,31915,1
2424192,37646,2
2424192,47209,3
2425056,17316,1
2425056,24852,2
2425056,47209,3
2425056,37524,4
2425056,19731,5
2425070,23734,1
2425070,44449,2
2425070,20114,3
2425070,43961,4
2425070,7485,5
2425070,41238,6
2425070,29487,7
2425070,24830,8
2425989,24852,1
2425989,43295,2
2426482,45066,1
2426482,37067,2
2426482,47630,3
2426668,27985,1
2426668,3873,2
2427452,18987,1
2427452,14999,2
2427641,15937,1
2427641,42768,2
2427641,34126,3
2427641,28985,4
2427641,5876,5
2427641,25890,6
2427641,8518,7
2427641,34243,8
2427641,21903,9
2427641,21616,10
2428607,35561,1
2428607,6184,2
2428607,16797,3
2428607,43352,4
2428607,17122,5
2428607,11759,6
2428607,9076,7
2428607,21288,8
2429040,13176,1
2429040,39561,2
2429040,27845,3
2429040,38159,4
2429040,10305,5
2429040,29801,6
2429390,25146,1
2429390,24852,2
2429578,32478,1
2429578,31759,2
2429578,11266,3
2429849,13176,1
2429849,16797,2
2429849,31651,3
2429849,37710,4
2429849,13575,5
2430080,21903,1
2430080,30827,2
2430547,196,1
2430547,41406,2
2432154,13176,1
2432154,10957,2
2432154,15424,3
2432154,15902,4
2432344,12341,1
2432344,8571,2
2432344,33768,3
2433478,40939,1
2433478,46061,2
2433899,32429,1
2433899,49175,2
2433899,27156,3
2433899,39928,4
2433899,37067,5
2433899,27104,6
2433899,44359,7
2433899,26800,8
2433899,14129,9
2433899,24830,10
2434180,43352,1
2434180,21288,2
2434180,6184,3
2434180,39275,4
2434656,21137,1
2434656,39275,2
2434656,27966,3
2434656,39180,4
2434656,29987,5
2434656,23540,6
2434656,8277,7
2434866,42342,1
2434866,5769,2
2434866,38456,3
2434866,48395,4
2434866,8239,5
2434866,45066,6
2434866,36406,7
2435366,10385,1
2435366,40174,2
2435366,34243,3
2435405,20119,1
2435405,35221,2
2435405,44201,3
2436307,13245,1
2436307,33198,2
2436307,41276,3
2436307,31102,4
2436484,12572,1
2436484,46676,2
2436484,22124,3
2436484,29307,4
2436484,49198,5
2436925,27845,1
2436925,7948,2
2436925,11005,3
2436984,10326,1
2436984,21137,2
2437113,31717,1
2437113,49441,2
2437113,28204,3
2437113,46088,4
2437244,5258,1
2437244,39408,2
2437429,24852,1
2437429,37496,2
2437429,11712,3
2437429,43961,4
2437480,47626,1
2437480,24852,2
2437480,27845,3
2437480,35221,4
2437480,27344,5
2437480,8087,6
2437480,46654,7
2437480,12099,8
2437480,1215,9
2437736,38768,1
2437736,21137,2
2438062,5876,1
2438062,19660,2
2438379,27966,1
2438379,31717,2
2438379,11512,3
2438379,13176,4
2438379,17872,5
2438379,13852,6
2438379,21137,7
2438379,39275,8
2438379,26604,9
2438379,26800,10
2438379,5876,11
2438379,45535,12
2438794,5258,1
2438794,13259,2
2439224,7628,1
2439224,33198,2
2439651,37766,1
2439651,36082,2
2440324,6799,1
2440324,30353,2
2440385,21903,1
2440385,46979,2
2440385,8518,3
2440385,2078,4
2442355,45066,1
2442355,4562,2
2442355,30827,3
2442355,27104,4
2442355,47042,5
2442355,31717,6
2442355,20114,7
2442355,5818,8
2443794,33401,1
2443794,7461,2
2443794,35547,3
2444218,13176,1
2444218,16349,2
2444218,22474,3
2444218,35004,4
2444218,27966,5
2444994,15613,1
2444994,8277,2
2445483,3957,1
2445483,7751,2
2445483,27881,3
2445877,25146,1
2445877,1940,2
2445877,45290,3
2445877,5077,4
2446014,46676,1
2446014,30169,2
2446014,31964,3
2446442,40939,1
2446442,12341,2
2446442,31651,3
2446486,22935,1
2446486,21616,2
2446486,31343,3
2446874,24489,1
2446874,21903,2
2446874,43192,3
2446989,651,1
2446989,36051,2
2447848,45866,1
2447848,38557,2
2448396,6631,1
2448396,20345,2
2449612,21903,1
2449612,49175,2
2449612,27156,3
2449612,8424,4
2449612,25890,5
2449612,27104,6
2449612,44359,7
2449612,30450,8
2449612,33120,9
2449945,5258,1
2449945,5586,2
2449995,21903,1
2449995,21195,2
2449995,13424,3
2449995,31759,4
2449995,651,5
2450285,28745,1
2450285,5077,2
2450285,21903,3
2450285,8518,4
2450285,13176,5
2450285,38490,6
2451685,19660,1
2451685,12409,2
2451971,5785,1
2451971,43961,2
2451971,5450,3
2451971,30233,4
2451971,33787,5
2451971,4957,6
2451971,26209,7
2451971,24852,8
2451971,28199,9
2451971,43768,10
2451971,18362,11
2452386,6184,1
2452386,21137,2
2452399,14947,1
2452399,26620,2
2452399,44632,3
2452399,20119,4
2452399,49191,5
2452399,22556,6
2452605,20114,1
2452605,13176,2
2452605,5212,3
2452605,3835,4
2452857,26165,1
2452857,43295,2
2452857,9047,3
2452857,27156,4
2453132,196,1
2453132,18023,2
2453132,32478,3
2453132,27845,4
2453201,32478,1
2453201,5068,2
2453254,24964,1
2453254,9839,2
2453254,16759,3
2453443,37710,1
2453443,6184,2
2453652,39877,1
2453652,49683,2
2453779,46562,1
2453779,41400,2
2454303,47209,1
2454303,1194,2
2454348,21573,1
2454348,13176,2
2454348,37710,3
2454348,196,4
2454348,46149,5
2454365,28199,1
2454365,33055,2
2454963,30169,1
2454963,26604,2
2454963,27966,3
2454963,5212,4
2454963,9623,5
2455146,36107,1
2455146,29127,2
2455146,329,3
2455949,25466,1
2455949,8859,2
2455949,1408,3
2456210,10957,1
2456210,30353,2
2456210,3389,3
2456210,2717,4
2456210,35221,5
2457014,22035,1
2457014,49235,2
2457014,5077,3
2457480,12341,1
2457480,42265,2
2457604,21137,1
2457604,4920,2
2457604,54,3
2457632,7963,1
2457632,23236,2
2457632,14218,3
2457632,24852,4
2459268,13944,1
2459268,18610,2
2459354,26604,1
2459354,21137,2
2459354,28204,3
2459354,46906,4
2459354,13176,5
2459354,12614,6
2459354,38557,7
2459354,21616,8
2459354,45007,9
2459516,33198,1
2459516,40063,2
2459516,26634,3
2459516,3957,4
2459516,18618,5
2459516,35561,6
2459516,24561,7
2459561,34050,1
2459561,29987,2
2459808,44632,1
2459808,41065,2
2459808,39275,3
2459808,47766,4
2459992,6184,1
2459992,37710,2
2460788,39408,1
2460788,24852,2
2460981,6046,1
2460981,33198,2
2462343,49235,1
2462343,43744,2
2463455,13517,1
2463455,33198,2
2463455,24852,3
2463455,35045,4
2463831,13176,1
2463831,6184,2
2463831,17122,3
2463834,33120,1
2463834,10017,2
2463834,46979,3
2463834,18963,4
2463834,23288,5
2464196,329,1
2464196,19660,2
2464196,18531,3
2465178,8518,1
2465178,22210,2
2465178,25466,3
2465178,43504,4
2465178,13176,5
2465606,12980,1
2465606,8555,2
2465606,17795,3
2465606,30489,4
2465606,42719,5
2465606,40174,6
2466124,13176,1
2466124,47766,2
2466124,27845,3
2466124,16797,4
2466124,49683,5
2466124,19019,6
2466204,28204,1
2466204,5883,2
2466204,46979,3
2466204,38293,4
2466204,24852,5
2466204,5876,6
2466204,20114,7
2466204,49383,8
2466204,27104,9
2466635,15424,1
2466635,38400,2
2466635,43262,3
2466635,28571,4
2466635,14780,5
2466635,8193,6
2466924,30391,1
2466924,26209,2
2467167,33000,1
2467167,39275,2
2468255,24852,1
2468255,13740,2
2468255,9018,3
2468255,18362,4
2468255,21137,5
2468255,36724,6
2468255,5450,7
2468255,22035,8
2468255,35004,9
2468255,27966,10
2468255,40709,11
2468259,32478,1
2468259,46562,2
2468259,31759,3
2468259,4920,4
2468259,16797,5
2469019,47766,1
2469019,26620,2
2469019,4799,3
2469019,21405,4
2469019,47626,5
2469019,44632,6
2469019,27521,7
2469760,20754,1
2469760,12916,2
2469760,45866,3
2469760,47209,4
2469760,24852,5
2470438,19660,1
2470438,21137,2
2470506,13176,1
2470506,41065,2
2470506,45007,3
2470506,15872,4
2470506,11182,5
2470506,18479,6
2470506,29307,7
2470506,26369,8
2471086,40706,1
2471086,23622,2
2471086,45664,3
2471086,47209,4
2471086,7746,5
2471086,21616,6
2471086,47626,7
2471086,8518,8
2471086,13176,9
2471086,432,10
2471750,8174,1
2471750,5876,2
2471750,41290,3
2471750,21376,4
2471750,18382,5
2471750,12916,6
2471750,8193,7
2471750,46667,8
2471750,2086,9
2473255,28204,1
2473255,37067,2
2473255,13263,3
2473255,39877,4
2473255,28465,5
2473255,24954,6
2473255,27086,7
2473255,7781,8
2473281,4605,1
2473281,43086,2
2473281,28289,3
2473281,12341,4
2473281,45066,5
2473281,49683,6
2473281,24830,7
2473665,21137,1
2473665,31717,2
2473864,5077,1
2473864,34243,2
2473864,21137,3
2473993,20940,1
2473993,22802,2
2473993,38768,3
2474085,18465,1
2474085,47626,2
2474085,27966,3
2474700,17122,1
2474700,13176,2
2474718,28199,1
2474718,5077,2
2474718,5794,3
2474718,24852,4
2474955,49383,1
2474955,27336,2
2474955,24852,3
2474955,21903,4
2474955,26604,5
2474955,21137,6
2474955,27845,7
2475363,16797,1
2475363,30827,2
2475660,37642,1
2475660,30489,2
2475660,35989,3
2475660,35221,4
2475660,49235,5
2475660,24838,6
2476727,27845,1
2476727,13176,2
2477474,5428,1
2477474,42803,2
2477474,46616,3
2477947,43352,1
2477947,8048,2
2477947,30827,3
2477947,39275,4
2477947,21137,5
2477947,42265,6
2477947,13176,7
2477947,21903,8
2478060,22802,1
2478060,39275,2
2478060,38200,3
2478601,21572,1
2478601,196,2
2478601,15680,3
2478601,26348,4
2478734,27104,1
2478734,35951,2
2478734,48775,3
2478734,28204,4
2478734,45007,5
2479255,49191,1
2479255,20345,2
2479255,16797,3
2479611,17008,1
2479611,9411,2
2479872,36929,1
2479872,2855,2
2479872,10644,3
2479872,31066,4
2479872,41950,5
2479876,14947,1
2479876,49191,2
2479876,49520,3
2480731,20842,1
2480731,432,2
2480913,27730,1
2480913,20082,2
2480913,7781,3
2480913,21137,4
2480913,13176,5
2481132,18610,1
2481132,4210,2
2481310,37067,1
2481310,36070,2
2481310,33055,3
2481310,46667,4
2481310,18027,5
2481573,47209,1
2481573,7521,2
2481573,25659,3
2481573,2966,4
2482286,21616,1
2482286,6948,2
2482286,40310,3
2482286,21903,4
2482286,37220,5
2483150,24852,1
2483150,17872,2
2483150,27966,3
2483150,36695,4
2483150,4086,5
2483150,25824,6
2483150,21938,7
2483150,26369,8
2483775,26348,1
2483775,17122,2
2484193,22825,1
2484193,45066,2
2484686,30290,1
2484686,5479,2
2484686,1700,3
2485089,33198,1
2485089,36316,2
2485089,49520,3
2485089,7693,4
2485351,13176,1
2485351,25043,2
2485351,35561,3
2485387,31759,1
2485387,13176,2
2485387,21195,3
2485727,24852,1
2485727,46979,2
2485727,11777,3
2485727,32747,4
2486073,3298,1
2486073,26348,2
2486073,39408,3
2486238,19348,1
2486238,13424,2
2486591,23288,1
2486591,5258,2
2486692,47209,1
2486692,23737,2
2486719,13424,1
2486719,28918,2
2487051,2078,1
2487051,14462,2
2487051,19894,3
2487551,23650,1
2487551,22124,2
2487584,20114,1
2487584,28849,2
2487584,49191,3
2487584,24964,4
2488106,6184,1
2488106,30591,2
2488275,27845,1
2488275,5449,2
2488275,44008,3
2488275,40709,4
2488275,19057,5
2488423,890,1
2488423,13176,2
2488423,21903,3
2488423,27845,4
2488423,35951,5
2488711,26620,1
2488711,49191,2
2488711,11250,3
2488711,13517,4
2489513,19057,1
2489513,34243,2
2489513,26940,3
2489513,21137,4
2489513,46676,5
2489513,5876,6
2489700,13176,1
2489700,21903,2
2489700,47766,3
2489700,5876,4
2489700,41950,5
2489700,6046,6
2489700,7412,7
2489700,24184,8
2489700,11712,9
2489700,47672,10
2489700,4605,11
2489966,43154,1
2489966,48812,2
2489979,7969,1
2489979,28993,2
2490186,42803,1
2490186,35951,2
2490961,37011,1
2490961,21137,2
2491177,5612,1
2491177,24852,2
2491177,37646,3
2491227,47759,1
2491227,8277,2
2491227,27845,3
2491227,14218,4
2491227,31683,5
2491227,22922,6
2491227,37029,7
2491502,21903,1
2491502,27344,2
2492341,5161,1
2492341,21137,2
2492341,27966,3
2492341,47156,4
2492341,40593,5
2492341,18418,6
2494013,24964,1
2494013,8518,2
2494013,41950,3
2494013,12341,4
2494131,38928,1
2494131,7751,2
2494131,43352,3
2494131,21137,4
2494131,4149,5
2494231,196,1
2494231,5258,2
2494410,20955,1
2494410,26348,2
2494621,13176,1
2494621,13575,2
2494621,19660,3
2494733,31553,1
2494733,39877,2
2494733,47626,3
2494733,21903,4
2495275,15937,1
2495275,47626,2
2495275,4799,3
2495275,18523,4
2495442,37710,1
2495442,31759,2
2496222,27845,1
2496222,44787,2
2496222,49533,3
2496222,44471,4
2496222,20084,5
2496264,196,1
2496264,6184,2
2496460,26209,1
2496460,47766,2
2497404,10326,1
2497404,5161,2
2497670,47766,1
2497670,22935,2
2497670,27104,3
2497670,39275,4
2498239,21292,1
2498239,33768,2
2498239,13424,3
2498239,40939,4
2498239,35951,5
2498532,31717,1
2498532,6873,2
2498621,1700,1
2498621,39921,2
2498839,3873,1
2498839,49235,2
2499451,196,1
2499451,45051,2
2499543,13042,1
2499543,7948,2
2499543,30776,3
2499561,10017,1
2499561,26209,2
2499561,3376,3
2499561,27323,4
2500138,31651,1
2500138,11759,2
2500138,21573,3
2500469,35221,1
2500469,49191,2
2500469,21709,3
2501271,47209,1
2501271,46802,2
2501271,34584,3
2501271,13176,4
2501619,9839,1
2501619,12341,2
2501627,40939,1
2501627,19660,2
2502082,11250,1
2502082,24852,2
2502082,5612,3
2502082,1360,4
2502082,35633,5
2502082,40709,6
2502479,13176,1
2502479,45007,2
2502479,5876,3
2502479,19660,4
2502479,21295,5
2502479,21903,6
2502479,24489,7
2502661,27695,1
2502661,27086,2
2502661,18465,3
2502661,8230,4
2502661,41787,5
2504075,18023,1
2504075,40939,2
2504075,22802,3
2504075,17122,4
2504075,5161,5
2504075,46562,6
2504389,20955,1
2504389,31759,2
2505007,21137,1
2505007,13259,2
2505007,23288,3
2505040,10957,1
2505040,16696,2
2506544,21137,1
2506544,4149,2
2506544,17122,3
2506554,22034,1
2506554,47209,2
2506554,20114,3
2506554,7969,4
2506554,32864,5
2507211,24964,1
2507211,47626,2
2507211,13852,3
2507211,18656,4
2508059,41950,1
2508059,43789,2
2508059,4086,3
2508059,33731,4
2508059,18362,5
2508059,33787,6
2508059,13176,7
2508059,27663,8
2508059,47209,9
2508059,5876,10
2508059,21903,11
2508059,40706,12
2508059,30391,13
2508059,43961,14
2508059,12442,15
2509436,22802,1
2509436,33493,2
2509672,5258,1
2509672,19660,2
2509672,6184,3
2509738,8277,1
2509738,42244,2
2509738,28745,3
2509738,34137,4
2509738,35633,5
2509738,23291,6
2509738,39928,7
2509762,14947,1
2509762,35221,2
2509762,21709,3
2509949,26165,1
2509949,23650,2
2509949,47209,3
2509949,47626,4
2509949,2825,5
2510813,37067,1
2510813,1463,2
2510813,3957,3
2510813,27966,4
2510813,5785,5
2510813,47209,6
2510813,22035,7
2510813,1202,8
2510813,44471,9
2510813,21506,10
2510813,19006,11
2511673,21938,1
2511673,43295,2
2511673,24964,3
2511673,24184,4
2511673,31927,5
2511673,4605,6
2511673,8239,7
2511673,44359,8
2511673,14633,9
2511673,19508,10
2511673,5077,11
2512643,14715,1
2512643,5769,2
2512643,890,3
2512643,21195,4
2512714,39275,1
2512714,21137,2
2512714,43352,3
2512714,9839,4
2513208,13176,1
2513208,25005,2
2513208,27156,3
2513208,48679,4
2513208,37646,5
2513208,7503,6
2513208,44422,7
2513208,2309,8
2513304,39132,1
2513304,16696,2
2513304,10957,3
2513304,12606,4
2513509,2452,1
2513509,1511,2
2513509,42828,3
2513509,35140,4
2514282,33401,1
2514282,35221,2
2514368,28934,1
2514368,28553,2
2514368,47766,3
2514368,11136,4
2514368,8138,5
2515031,17924,1
2515031,19660,2
2515031,38928,3
2515162,8048,1
2515162,30827,2
2515600,38768,1
2515600,38928,2
2515943,13176,1
2515943,33000,2
2516302,32141,1
2516302,14897,2
2517381,21903,1
2517381,10246,2
2517381,30391,3
2517381,34126,4
2517381,5876,5
2517381,8277,6
2517381,41220,7
2517689,40706,1
2517689,24964,2
2517689,5876,3
2517689,20995,4
2517689,36695,5
2517689,8174,6
2517689,20734,7
2517816,48812,1
2517816,38768,2
2517816,21903,3
2517816,30406,4
2518301,42265,1
2518301,37464,2
2518402,27845,1
2518402,30233,2
2518402,21267,3
2518402,24964,4
2518402,42701,5
2518402,19678,6
2518554,39947,1
2518554,42701,2
2518554,27344,3
2518554,5212,4
2518554,40593,5
2518554,2450,6
2518897,24852,1
2518897,27796,2
2518897,48532,3
2518897,38400,4
2518897,28993,5
2519346,196,1
2519346,33768,2
2519581,27845,1
2519581,39475,2
2519581,31663,3
2519581,25890,4
2519581,41950,5
2519581,16145,6
2519581,1529,7
2519779,21386,1
2519779,4920,2
2520569,44471,1
2520569,47766,2
2520569,45066,3
2520569,19006,4
2520569,49520,5
2520569,18465,6
2520569,38141,7
2520569,22969,8
2520569,45007,9
2520954,33198,1
2520954,33352,2
2520954,40706,3
2520954,432,4
2521070,39180,1
2521070,49383,2
2521070,27104,3
2521070,9839,4
2521372,12916,1
2521372,7736,2
2521398,17924,1
2521398,8859,2
2521466,4605,1
2521466,19003,2
2521466,23165,3
2521466,17794,4
2521466,26668,5
2521466,32433,6
2521466,43789,7
2521466,7021,8
2521466,21903,9
2521466,44628,10
2521466,26209,11
2521466,31562,12
2521466,47766,13
2521466,33731,14
2521466,28156,15
2521466,10385,16
2521487,37067,1
2521487,5450,2
2521487,18362,3
2521487,8277,4
2521487,24838,5
2521487,22825,6
2521773,21938,1
2521773,47626,2
2521787,38456,1
2521787,16759,2
2521787,47626,3
2521787,45066,4
2521787,11777,5
2521787,21137,6
2521832,6873,1
2521832,13517,2
2521832,26369,3
2521832,31717,4
2521832,35914,5
2522000,28204,1
2522000,27521,2
2522000,47626,3
2522000,48679,4
2522000,25890,5
2522000,45007,6
2522000,24184,7
2522000,25659,8
2522000,43789,9
2522274,47977,1
2522274,36316,2
2522274,49520,3
2522274,25513,4
2522508,8859,1
2522508,12341,2
2522508,33768,3
2522508,40199,4
2522733,25890,1
2522733,39275,2
2522733,44632,3
2522733,49683,4
2522733,11712,5
2522799,38768,1
2522799,9839,2
2522799,42265,3
2522799,21903,4
2523744,26604,1
2523744,39275,2
2523744,10246,3
2523744,43352,4
2523744,21137,5
2524481,8671,1
2524481,27744,2
2524481,33198,3
2524481,44375,4
2524481,49111,5
2525326,40229,1
2525326,25890,2
2525326,40545,3
2525326,21903,4
2525326,20842,5
2525373,7963,1
2525373,39190,2
2525509,26497,1
2525509,30776,2
2525886,21903,1
2525886,28204,2
2525886,29487,3
2525886,28199,4
2525886,21137,5
2525986,5077,1
2525986,24852,2
2525986,34969,3
2526152,30827,1
2526152,8048,2
2526152,5258,3
2526196,14233,1
2526196,13176,2
2526430,196,1
2526430,22802,2
2527458,48679,1
2527458,21137,2
2527458,39275,3
2527458,5134,4
2527458,9839,5
2527458,21903,6
2527458,40706,7
2527458,13176,8
2527458,47209,9
2527458,32299,10
2527653,17949,1
2527653,47759,2
2527653,2732,3
2527653,24852,4
2527653,32573,5
2527924,196,1
2527924,5258,2
2528001,44632,1
2528001,8075,2
2528001,24838,3
2528265,30489,1
2528265,7503,2
2528903,5876,1
2528903,4920,2
2528903,46906,3
2528903,41787,4
2528903,45066,5
2528903,21709,6
2528903,20119,7
2528903,24852,8
2528903,16797,9
2528903,26604,10
2528903,11777,11
2528903,43961,12
2528903,30489,13
2528903,7485,14
2528903,28597,15
2528903,48595,16
2528903,21614,17
2529297,41950,1
2529297,23029,2
2529297,33316,3
2529297,29662,4
2529297,16349,5
2529297,20995,6
2530055,16797,1
2530055,39180,2
2530055,41844,3
2530055,47209,4
2530055,25890,5
2530055,28849,6
2530055,34358,7
2530055,15937,8
2530055,24184,9
2530055,26209,10
2530055,42768,11
2530519,37710,1
2530519,13176,2
2530519,18023,3
2530519,40199,4
2531657,12341,1
2531657,21137,2
2531657,43352,3
2532065,196,1
2532065,12916,2
2532869,15995,1
2532869,24852,2
2532869,4210,3
2533143,45645,1
2533143,21137,2
2533143,38293,3
2533627,47766,1
2533627,31506,2
2533844,13176,1
2533844,39657,2
2534421,30290,1
2534421,204,2
2534421,13838,3
2534421,27544,4
2535422,39560,1
2535422,2913,2
2535422,1158,3
2535422,21955,4
2536410,23734,1
2536410,27845,2
2536759,14633,1
2536759,13176,2
2536759,46979,3
2536759,34969,4
2537812,31717,1
2537812,3957,2
2537812,47766,3
2537812,32177,4
2537812,22935,5
2537868,21288,1
2537868,43352,2
2538042,44632,1
2538042,3599,2
2538042,19057,3
2538042,36772,4
2538042,20580,5
2538613,27156,1
2538613,12341,2
2538613,9839,3
2538698,25890,1
2538698,47766,2
2538698,49683,3
2538698,24852,4
2539318,18465,1
2539318,31343,2
2539318,5025,3
2539318,28204,4
2539318,13176,5
2539318,21137,6
2539318,6046,7
2539318,13852,8
2539318,47144,9
2539318,5646,10
2539318,29801,11
2539318,29418,12
2539827,39812,1
2539827,15261,2
2539827,7746,3
2539827,34126,4
2539827,28601,5
2539827,22935,6
2540128,45190,1
2540128,1160,2
2540162,13176,1
2540162,8021,2
2540162,18288,3
2540162,47630,4
2540162,38739,5
2540162,27086,6
2541320,11005,1
2541320,5876,2
2541320,18531,3
2542164,46667,1
2542164,21137,2
2542164,21903,3
2542164,27845,4
2542309,44632,1
2542309,23032,2
2542309,24852,3
2542447,5479,1
2542447,25466,2
2542447,27086,3
2543403,12341,1
2543403,44683,2
2543403,35561,3
2543602,49235,1
2543602,6948,2
2543602,31683,3
2543964,23288,1
2543964,22802,2
2544100,38739,1
2544100,47209,2
2544100,20608,3
2544100,41665,4
2544100,49683,5
2544118,4605,1
2544118,25659,2
2544486,45051,1
2544486,37710,2
2544659,39558,1
2544659,17794,2
2544659,42585,3
2544659,22935,4
2544659,49175,5
2544696,37687,1
2544696,8048,2
2544821,33198,1
2544821,23288,2
2545266,40199,1
2545266,39657,2
2545266,196,3
2545288,29127,1
2545288,45007,2
2545288,40198,3
2545288,17758,4
2545288,48679,5
2545288,33401,6
2545288,3957,7
2545963,11520,1
2545963,43122,2
2545963,13176,3
2545963,28476,4
2545963,32747,5
2545963,1463,6
2546138,42828,1
2546138,17956,2
2546572,46979,1
2546572,47626,2
2546572,8193,3
2546898,39275,1
2546898,21137,2
2547130,43352,1
2547130,9076,2
2547242,47766,1
2547242,26384,2
2547242,18362,3
2548114,33198,1
2548114,23909,2
2548388,13176,1
2548388,18023,2
2548398,23288,1
2548398,196,2
2548627,43352,1
2548627,12341,2
2548627,16797,3
2548899,4605,1
2548899,4942,2
2549777,9689,1
2549777,4605,2
2549777,30489,3
2549777,10749,4
2549777,47209,5
2549777,49683,6
2549777,17794,7
2549777,21903,8
2549777,22825,9
2549777,35951,10
2550328,28204,1
2550328,39275,2
2550328,41787,3
2550328,2086,4
2550328,45002,5
2550833,8859,1
2550833,47977,2
2550833,9387,3
2550833,32085,4
2552031,14715,1
2552031,20955,2
2552031,40939,3
2552433,15937,1
2552433,6631,2
2552433,24852,3
2552433,21137,4
2552433,23405,5
2552433,49235,6
2552433,47630,7
2553879,10070,1
2553879,24838,2
2553879,17191,3
2553879,35108,4
2553879,15872,5
2553879,33065,6
2553879,19057,7
2553879,26604,8
2553995,27845,1
2553995,32717,2
2553995,2537,3
2554131,13176,1
2554131,34050,2
2554131,16349,3
2554131,47209,4
2554440,21903,1
2554440,280,2
2554489,34050,1
2554489,28836,2
2555087,21709,1
2555087,44632,2
2555087,47912,3
2555087,42768,4
2555180,1940,1
2555180,24852,2
2555384,13176,1
2555384,37464,2
2555384,46667,3
2555384,18531,4
2555384,27845,5
2555384,23543,6
2555694,22935,1
2555694,24964,2
2555694,18531,3
2555694,40174,4
2555810,46129,1
2555810,36051,2
2556799,16349,1
2556799,46676,2
2556799,1158,3
2556799,45007,4
2556799,47626,5
2556799,47209,6
2556799,29487,7
2557105,20842,1
2557105,20995,2
2557651,16797,1
2557651,30827,2
2557780,42736,1
2557780,7175,2
2557780,42342,3
2557780,24830,4
2557937,13176,1
2557937,42585,2
2557937,43086,3
2557937,1158,4
2557937,28985,5
2557937,44359,6
2557937,47209,7
2557962,22802,1
2557962,42500,2
2557962,13259,3
2558613,5258,1
2558613,13176,2
2558750,20940,1
2558750,16797,2
2558750,39275,3
2559013,13176,1
2559013,19660,2
2559247,13176,1
2559247,47209,2
2559247,21137,3
2560003,5876,1
2560003,28985,2
2560003,47209,3
2560003,10749,4
2560003,5161,5
2560003,16797,6
2560003,26604,7
2560003,5818,8
2560176,42460,1
2560176,20738,2
2560531,42736,1
2560531,19678,2
2560661,40939,1
2560661,196,2
2560661,37710,3
2561035,47630,1
2561035,41787,2
2561035,5450,3
2561035,19057,4
2561035,37067,5
2561047,196,1
2561047,1957,2
2562890,38300,1
2562890,23288,2
2563361,40939,1
2563361,22802,2
2563361,42500,3
2563982,39928,1
2563982,32429,2
2564031,5612,1
2564031,47209,2
2564031,47626,3
2564031,34243,4
2564430,31651,1
2564430,39275,2
2564447,37067,1
2564447,21137,2
2564447,26604,3
2564447,28199,4
2564447,28204,5
2564650,22802,1
2564650,196,2
2565655,47626,1
2565655,5068,2
2565895,37710,1
2565895,39657,2
2566216,6184,1
2566216,33000,2
2566216,20940,3
2566306,27845,1
2566306,39475,2
2566306,29898,3
2566306,7021,4
2566483,11182,1
2566483,6210,2
2566483,32360,3
2566483,3952,4
2566483,40604,5
2566483,31343,6
2566483,38293,7
2566483,24852,8
2566483,47209,9
2566483,8518,10
2568313,45066,1
2568313,32578,2
2568313,40706,3
2568313,46676,4
2568313,39275,5
2568446,24852,1
2568446,29487,2
2568446,39408,3
2569360,14084,1
2569360,24852,2
2569360,28204,3
2569360,22825,4
2569360,47766,5
2569360,4920,6
2570276,48697,1
2570276,44683,2
2570309,13176,1
2570309,18023,2
2570309,6184,3
2571343,11688,1
2571343,23579,2
2571343,22935,3
2571343,18465,4
2571343,47766,5
2571343,45007,6
2571343,14129,7
2571343,26620,8
2571343,44632,9
2571343,15290,10
2571343,43768,11
2572191,15200,1
2572191,37067,2
2572191,6104,3
2572191,18370,4
2572191,27845,5
2572681,13176,1
2572681,21288,2
2572681,39275,3
2572725,47626,1
2572725,44359,2
2572725,10749,3
2572725,4605,4
2572725,16797,5
2572887,9076,1
2572887,13176,2
2572887,8048,3
2572887,43352,4
2572887,4920,5
2572887,30591,6
2572887,13575,7
2572887,11759,8
2572904,21386,1
2572904,1957,2
2572904,9358,3
2573148,47766,1
2573148,34126,2
2573148,11068,3
2573265,5785,1
2573265,49683,2
2573833,13176,1
2573833,3583,2
2573833,21903,3
2573833,21137,4
2573833,35547,5
2573833,22035,6
2573833,20339,7
2573923,38433,1
2573923,13176,2
2574019,40174,1
2574019,24850,2
2574019,13176,3
2574019,28199,4
2574019,38622,5
2574119,41950,1
2574119,36011,2
2574119,24184,3
2574119,21938,4
2574151,45007,1
2574151,36550,2
2574151,5876,3
2574151,47209,4
2574861,49683,1
2574861,10132,2
2574861,22963,3
2574861,5785,4
2574889,33198,1
2574889,31102,2
2574889,41276,3
2574961,4920,1
2574961,21526,2
2574961,16589,3
2574961,46979,4
2575096,30169,1
2575096,31717,2
2575096,13176,3
2575096,21137,4
2575135,40939,1
2575135,22802,2
2575135,196,3
2575135,43739,4
2575135,49235,5
2575636,22035,1
2575636,5450,2
2575636,4920,3
2575636,8277,4
2575636,21137,5
2575636,30391,6
2575636,3896,7
2575636,21872,8
2575636,25753,9
2575636,20580,10
2575636,3599,11
2575636,45007,12
2575636,11182,13
2575636,17872,14
2575636,30169,15
2575636,45948,16
2576072,21137,1
2576072,24852,2
2576072,31299,3
2576072,27966,4
2576072,32655,5
2576072,1463,6
2576072,41844,7
2576469,38293,1
2576469,20842,2
2577590,13575,1
2577590,13176,2
2577590,6184,3
2577590,13914,4
2577590,46061,5
2577590,41400,6
2577823,11777,1
2577823,21137,2
2577823,34,3
2577823,45066,4
2577823,24852,5
2577823,5212,6
2577823,41665,7
2577823,24841,8
2577823,44632,9
2577823,33636,10
2577823,26165,11
2577823,22035,12
2577823,27344,13
2578929,27086,1
2578929,36011,2
2578929,5785,3
2579036,5077,1
2579036,38313,2
2579036,47766,3
2579036,38383,4
2579474,12341,1
2579474,43154,2
2579474,5161,3
2579474,21572,4
2580549,34969,1
2580549,27104,2
2581449,5068,1
2581449,196,2
2581449,21288,3
2581449,44683,4
2581449,4724,5
2581449,43352,6
2581721,21195,1
2581721,42768,2
2581721,27156,3
2582322,49235,1
2582322,37710,2
2582322,32455,3
2582849,47766,1
2582849,47626,2
2583042,5876,1
2583042,24964,2
2583042,38383,3
2583042,45066,4
2583042,890,5
2583042,46667,6
2583042,18441,7
2583042,46676,8
2583042,47766,9
2583042,21903,10
2583042,25659,11
2583042,45535,12
2583042,30290,13
2583456,13176,1
2583456,38768,2
2583514,10017,1
2583514,42244,2
2583514,40516,3
2583839,47766,1
2583839,21174,2
2583839,34126,3
2583839,34358,4
2583839,26209,5
2583839,10492,6
2583839,14197,7
2583839,18479,8
2583882,47626,1
2583882,26209,2
2583882,25824,3
2583882,260,4
2583882,24852,5
2584165,14992,1
2584165,39275,2
2584165,21137,3
2584310,39475,1
2584310,30720,2
2584310,28934,3
2584310,21903,4
2584310,25659,5
2584597,8193,1
2584597,1529,2
2584597,4799,3
2584597,27521,4
2584597,39877,5
2584597,21616,6
2584597,40706,7
2584597,11005,8
2584597,18234,9
2584597,14996,10
2584775,17191,1
2584775,45747,2
2584775,12576,3
2584775,39947,4
2584775,22556,5
2584775,21709,6
2584775,26620,7
2584775,19051,8
2586346,32433,1
2586346,28278,2
2586346,49683,3
2586346,4210,4
2586346,28553,5
2587401,47626,1
2587401,21137,2
2587720,24184,1
2587720,11440,2
2587720,26497,3
2587720,28553,4
2587720,30450,5
2587720,10644,6
2588322,1940,1
2588322,8048,2
2588322,16797,3
2589284,45007,1
2589284,30391,2
2589284,28204,3
2589284,38159,4
2589284,32177,5
2589284,40063,6
2589289,3952,1
2589289,33198,2
2590156,5769,1
2590156,8571,2
2590156,21137,3
2590156,6184,4
2590156,39275,5
2591420,31506,1
2591420,26369,2
2591420,14462,3
2592086,41400,1
2592086,46562,2
2592270,33000,1
2592270,49235,2
2592705,24852,1
2592705,34358,2
2592705,31506,3
2592899,19348,1
2592899,4210,2
2592899,45104,3
2592954,33401,1
2592954,17872,2
2592954,24964,3
2592954,21903,4
2592954,17794,5
2593269,39059,1
2593269,34358,2
2593658,46979,1
2593658,38739,2
2594567,43352,1
2594567,21137,2
2594914,41131,1
2594914,10312,2
2595178,10749,1
2595178,42701,2
2595178,14218,3
2595386,42719,1
2595386,30391,2
2595386,40706,3
2595386,13176,4
2595386,28204,5
2595386,17948,6
2595386,21174,7
2596286,19660,1
2596286,26604,2
2596286,24830,3
2596286,3957,4
2596286,13176,5
2597058,27521,1
2597058,13176,2
2597058,25138,3
2597058,1463,4
2597058,27086,5
2597058,26209,6
2597058,36695,7
2597058,5876,8
2597058,30489,9
2597141,26604,1
2597141,19019,2
2597141,9387,3
2597141,21137,4
2597307,47766,1
2597307,28204,2
2597307,37067,3
2597307,19046,4
2597307,34448,5
2597307,49610,6
2597307,4605,7
2597307,8518,8
2597307,43122,9
2597341,5994,1
2597341,44765,2
2597341,45066,3
2597928,5258,1
2597928,15424,2
2598160,22963,1
2598160,45007,2
2598160,14553,3
2598160,47209,4
2598180,25890,1
2598180,35887,2
2598180,1999,3
2598180,42736,4
2598180,33000,5
2598180,8277,6
2598180,14161,7
2598615,34358,1
2598615,47626,2
2598615,24852,3
2598615,10749,4
2598615,35921,5
2598660,13176,1
2598660,47626,2
2598660,21872,3
2598660,34126,4
2598660,48679,5
2598660,8193,6
2598660,42701,7
2599760,23288,1
2599760,23375,2
2599760,196,3
2600247,36929,1
2600247,30233,2
2600247,24253,3
2600247,47672,4
2600247,2452,5
2600247,44632,6
2600476,26620,1
2600476,49191,2
2600476,43076,3
2600476,21903,4
2600476,27156,5
2600476,7010,6
2600476,31683,7
2600476,27845,8
2600664,6046,1
2600664,49383,2
2600664,581,3
2600664,27104,4
2600736,18234,1
2600736,26369,2
2600736,2078,3
2600736,24852,4
2600922,13176,1
2600922,6184,2
2600922,9387,3
2600922,41400,4
2601020,46886,1
2601020,17758,2
2601020,24852,3
2601020,5785,4
2601020,36550,5
2601020,2086,6
2601020,47766,7
2601020,47626,8
2601108,47766,1
2601108,5748,2
2601468,16759,1
2601468,8174,2
2601468,30391,3
2601468,10246,4
2601468,46667,5
2601468,27521,6
2601468,13176,7
2601468,39877,8
2601468,44987,9
2601848,42244,1
2601848,16797,2
2601848,37067,3
2601848,40706,4
2601848,39275,5
2601848,21137,6
2601848,13198,7
2602629,26604,1
2602629,39275,2
2602629,10326,3
2603369,24759,1
2603369,4920,2
2603369,21137,3
2603369,26209,4
2603369,5876,5
2603369,13176,6
2603369,24964,7
2603369,46667,8
2603867,41787,1
2603867,43122,2
2603867,21288,3
2604015,27845,1
2604015,8968,2
2604015,42445,3
2604015,2078,4
2604015,32655,5
2605046,35951,1
2605046,24489,2
2605046,17948,3
2605046,47156,4
2605670,31869,1
2605670,11182,2
2605670,35336,3
2606998,19660,1
2606998,196,2
2607371,36929,1
2607371,11520,2
2607371,651,3
2607751,38689,1
2607751,4605,2
2607751,23537,3
2607751,24852,4
2609007,47766,1
2609007,21903,2
2609007,34358,3
2609007,47626,4
2609007,24184,5
2609007,13198,6
2609007,41544,7
2609007,48679,8
2609007,17794,9
2609007,49683,10
2609007,40516,11
2609007,5025,12
2609007,20114,13
2609007,14992,14
2609007,28934,15
2609007,8518,16
2609007,25890,17
2609291,27845,1
2609291,35504,2
2609291,24852,3
2609291,47630,4
2609291,16797,5
2609291,46676,6
2609291,45066,7
2609944,32689,1
2609944,44683,2
2609944,13042,3
2610326,26620,1
2610326,39947,2
2610991,37710,1
2610991,13424,2
2610991,38300,3
2613177,46720,1
2613177,581,2
2613177,33731,3
2613177,38293,4
2613177,39430,5
2613177,41950,6
2613177,31717,7
2613177,42719,8
2613213,40268,1
2613213,18339,2
2613213,45948,3
2613213,47966,4
2613234,13176,1
2613234,20955,2
2613234,31759,3
2613326,49235,1
2613326,8424,2
2613326,21616,3
2613326,28373,4
2613326,3957,5
2613326,45066,6
2613422,7131,1
2613422,43739,2
2613422,15680,3
2613435,14999,1
2613435,7781,2
2613435,27845,3
2613435,27966,4
2613435,10753,5
2613435,432,6
2614713,28204,1
2614713,47766,2
2614997,39275,1
2614997,20995,2
2615263,7948,1
2615263,3957,2
2615263,24964,3
2615263,11520,4
2615715,47630,1
2615715,40706,2
2615715,39877,3
2615715,44359,4
2615715,30391,5
2615824,9358,1
2615824,21195,2
2616035,14947,1
2616035,35221,2
2616035,21709,3
2616035,24186,4
2617144,39928,1
2617144,21903,2
2617144,48745,3
2617144,35951,4
2617144,4605,5
2617144,19057,6
2617144,42719,7
2617144,47209,8
2617144,12980,9
2617144,40706,10
2617199,41400,1
2617199,196,2
2617987,44471,1
2617987,43789,2
2617987,31506,3
2618576,432,1
2618576,24253,2
2618576,20842,3
2618576,32433,4
2618576,24024,5
2618576,45007,6
2618576,24852,7
2618576,21903,8
2619504,25544,1
2619504,48871,2
2619504,49683,3
2619504,40136,4
2619504,17008,5
2619944,42265,1
2619944,16185,2
2619944,27845,3
2619944,22035,4
2620209,40706,1
2620209,7751,2
2620209,3464,3
2620209,46979,4
2620292,12576,1
2620292,45747,2
2620292,14678,3
2620347,24852,1
2620347,44632,2
2620347,6069,3
2620584,27156,1
2620584,26604,2
2620584,39275,3
2620584,39928,4
2620584,47626,5
2620584,19678,6
2620584,22935,7
2620621,49075,1
2620621,13292,2
2621186,37710,1
2621186,26348,2
2621474,8277,1
2621474,33129,2
2621474,16797,3
2621474,22890,4
2621660,10326,1
2621660,13176,2
2622788,37710,1
2622788,6184,2
2622788,18023,3
2622790,16797,1
2622790,21573,2
2622790,38768,3
2622790,15200,4
2623024,34126,1
2623024,29307,2
2623024,36070,3
2623024,8955,4
2623024,5618,5
2623852,23288,1
2623852,21195,2
2624254,24852,1
2624254,9387,2
2624254,40545,3
2624254,43352,4
2624255,8193,1
2624255,7014,2
2624255,39877,3
2624255,5876,4
2624255,47626,5
2624255,42736,6
2624876,40233,1
2624876,34590,2
2624919,10957,1
2624919,16696,2
2625249,23622,1
2625249,16185,2
2625249,31801,3
2625249,28745,4
2625734,39947,1
2625734,30353,2
2625936,19660,1
2625936,47977,2
2625936,46654,3
2626398,21137,1
2626398,45066,2
2626398,39928,3
2626398,16185,4
2626398,34243,5
2626398,43129,6
2626514,6104,1
2626514,39947,2
2626514,31964,3
2626514,15937,4
2626514,12409,5
2626514,44359,6
2626514,28785,7
2626514,29675,8
2626514,18479,9
2626514,25659,10
2626514,16797,11
2629147,2120,1
2629147,38444,2
2629253,21137,1
2629253,24852,2
2629253,27966,3
2629434,365,1
2629434,14999,2
2629434,24838,3
2629783,37710,1
2629783,45051,2
2629783,41400,3
2630180,16797,1
2630180,9741,2
2631418,28934,1
2631418,25890,2
2631667,32303,1
2631667,30827,2
2631667,8048,3
2631667,33768,4
2631667,16797,5
2631667,4920,6
2631690,13176,1
2631690,21019,2
2631690,16797,3
2631690,22935,4
2631690,21938,5
2631690,35939,6
2631690,41950,7
2631690,21903,8
2631690,48679,9
2632757,31102,1
2632757,36534,2
2632757,21137,3
2632953,19660,1
2632953,5479,2
2633662,47209,1
2633662,41950,2
2633831,19660,1
2633831,37710,2
2634070,39275,1
2634070,43352,2
2634398,19348,1
2634398,22260,2
2634398,47766,3
2634398,45,4
2634398,12614,5
2634398,23594,6
2634398,33290,7
2634398,27544,8
2634398,49175,9
2635134,21903,1
2635134,45066,2
2637233,14766,1
2637233,24759,2
2637421,39877,1
2637421,26209,2
2637421,46709,3
2637421,47209,4
2637421,27845,5
2637421,35628,6
2637743,5479,1
2637743,4472,2
2637743,20520,3
2637743,33120,4
2637743,15290,5
2637743,39040,6
2637743,20842,7
2637743,21903,8
2639425,12845,1
2639425,48679,2
2639425,22935,3
2639425,44359,4
2639425,24964,5
2639633,13176,1
2639633,37646,2
2639633,21903,3
2639633,28985,4
2639633,27086,5
2639633,30391,6
2639633,5876,7
2639633,2086,8
2639633,44632,9
2639633,47766,10
2639633,15872,11
2639967,22474,1
2639967,2611,2
2639967,15613,3
2639967,5785,4
2639967,4942,5
2640322,19678,1
2640322,11712,2
2640740,43122,1
2640740,24852,2
2640816,41658,1
2640816,42736,2
2640816,27344,3
2640816,12099,4
2640816,20392,5
2640816,13517,6
2641973,10032,1
2641973,34024,2
2641973,40910,3
2642115,16797,1
2642115,20955,2
2642115,38300,3
2642133,39275,1
2642133,43154,2
2642133,38768,3
2642133,12341,4
2642133,21137,5
2642737,5876,1
2642737,39877,2
2642737,40706,3
2642737,29439,4
2643096,27086,1
2643096,40706,2
2643096,41787,3
2643096,28204,4
2643096,37276,5
2643097,34126,1
2643097,18370,2
2643097,18465,3
2643097,13176,4
2643097,27845,5
2643097,25146,6
2643097,21903,7
2643097,46802,8
2643097,28836,9
2643097,10246,10
2643097,21137,11
2643097,47766,12
2643097,24830,13
2643097,47626,14
2643097,24964,15
2643097,4605,16
2643097,29127,17
2643097,2966,18
2643097,34969,19
2643097,26209,20
2643097,27156,21
2643097,21938,22
2643097,16759,23
2643097,48679,24
2643097,30391,25
2643561,31506,1
2643561,41220,2
2643561,27521,3
2643561,37065,4
2643561,22395,5
2644109,16185,1
2644109,42701,2
2644109,24838,3
2644109,24489,4
2644259,5785,1
2644259,21872,2
2644259,13083,3
2644259,14462,4
2644259,47626,5
2644259,12206,6
2644259,18370,7
2644526,39408,1
2644526,1511,2
2644526,22890,3
2644526,14901,4
2644532,432,1
2644532,812,2
2644532,21137,3
2644818,41400,1
2644818,46562,2
2644818,13914,3
2644857,29127,1
2644857,25659,2
2645153,19660,1
2645153,46061,2
2645153,13176,3
2645435,8048,1
2645435,37687,2
2645435,13176,3
2645435,12341,4
2645435,21195,5
2645471,27086,1
2645471,36011,2
2645471,4957,3
2645471,33754,4
2645471,33787,5
2645471,40571,6
2645471,34050,7
2645471,24852,8
2645471,28199,9
2645471,38456,10
2645471,4920,11
2645471,22825,12
2645471,47626,13
2645471,26209,14
2645471,16797,15
2645471,18523,16
2645857,5785,1
2645857,47209,2
2645857,19660,3
2645857,21903,4
2645857,46654,5
2645857,15424,6
2645857,13176,7
2645857,17948,8
2646018,46802,1
2646018,3583,2
2646331,47626,1
2646331,39877,2
2646331,7503,3
2647080,43154,1
2647080,13176,2
2647094,7781,1
2647094,43713,2
2647129,25890,1
2647129,48679,2
2647129,34969,3
2647129,8518,4
2647129,28156,5
2647129,4920,6
2649403,20842,1
2649403,48628,2
2649403,40516,3
2649403,5450,4
2649703,16797,1
2649703,10326,2
2649703,21288,3
2649994,35921,1
2649994,19057,2
2650828,48364,1
2650828,15902,2
2650828,43967,3
2650828,49054,4
2650828,47479,5
2650993,41544,1
2650993,27156,2
2650993,49175,3
2650993,16759,4
2650993,10246,5
2651032,13176,1
2651032,31759,2
2651685,16965,1
2651685,14233,2
2651685,19678,3
2652523,2091,1
2652523,21376,2
2652938,13198,1
2652938,39430,2
2653919,35221,1
2653919,21137,2
2654527,18023,1
2654527,7131,2
2654702,48697,1
2654702,196,2
2654719,20842,1
2654719,47626,2
2654719,40174,3
2654766,7948,1
2654766,5769,2
2654766,27156,3
2654766,31759,4
2655428,30489,1
2655428,20549,2
2655587,47144,1
2655587,24852,2
2657121,13176,1
2657121,10326,2
2657251,47672,1
2657251,13176,2
2657509,45437,1
2657509,13829,2
2657509,25005,3
2657527,47630,1
2657527,5450,2
2657527,43662,3
2657527,21137,4
2657527,39877,5
2658256,49191,1
2658256,13176,2
2658256,5785,3
2658256,42719,4
2658256,47766,5
2658256,21417,6
2658305,42972,1
2658305,35121,2
2658427,24852,1
2658427,20842,2
2658427,39275,3
2658427,14650,4
2658427,30169,5
2658427,25890,6
2658427,16759,7
2658427,4605,8
2658427,9839,9
2658427,33290,10
2658699,9047,1
2658699,2825,2
2658699,13176,3
2658699,45007,4
2659608,39430,1
2659608,5994,2
2659608,6873,3
2659608,39993,4
2659608,5818,5
2659608,28842,6
2659608,42768,7
2659608,39812,8
2659608,22504,9
2660000,15780,1
2660000,1940,2
2660090,46061,1
2660090,30591,2
2660090,22362,3
2660090,40199,4
2660090,13914,5
2660090,7131,6
2660988,10017,1
2660988,21616,2
2660988,46906,3
2660988,8424,4
2661127,45051,1
2661127,43352,2
2661127,32303,3
2661127,11266,4
2661222,15424,1
2661222,42441,2
2661796,40310,1
2661796,3274,2
2661796,35628,3
2661839,21137,1
2661839,33768,2
2661881,46129,1
2661881,36051,2
2661881,40199,3
2662359,8571,1
2662359,21386,2
2663134,47141,1
2663134,5785,2
2663134,24489,3
2663134,36216,4
2663263,13984,1
2663263,33198,2
2663298,26751,1
2663298,9366,2
2663298,43352,3
2663298,39190,4
2663321,35163,1
2663321,17794,2
2663321,47626,3
2663321,890,4
2663321,42585,5
2663321,46667,6
2663321,18288,7
2663487,43739,1
2663487,6760,2
2663953,41238,1
2663953,44570,2
2663953,15937,3
2663953,24852,4
2663971,8174,1
2663971,39877,2
2663971,37646,3
2663971,5876,4
2663971,7969,5
2663971,49235,6
2663971,39275,7
2664546,5769,1
2664546,13259,2
2664546,7751,3
2665807,24852,1
2665807,34050,2
2665822,46061,1
2665822,196,2
2665822,19660,3
2666170,15902,1
2666170,21083,2
2666310,6184,1
2666310,27845,2
2666310,49235,3
2666634,21137,1
2666634,45200,2
2666634,42265,3
2667287,5479,1
2667287,28934,2
2667287,5876,3
2667287,24184,4
2667329,23543,1
2667329,24024,2
2667329,27845,3
2667329,38383,4
2667329,8518,5
2667329,31506,6
2667329,7781,7
2667961,10132,1
2667961,13740,2
2667961,17835,3
2667961,28465,4
2667961,36865,5
2667961,8309,6
2667961,45965,7
2668046,13424,1
2668046,20738,2
2668080,6182,1
2668080,5258,2
2668355,8021,1
2668355,12845,2
2668355,47766,3
2668355,24852,4
2668381,24852,1
2668381,44632,2
2668381,26620,3
2668381,28199,4
2668381,44375,5
2668381,4138,6
2668749,20574,1
2668749,41787,2
2668749,24852,3
2668749,38689,4
2668749,5025,5
2668942,11520,1
2668942,39984,2
2668942,18531,3
2669066,45051,1
2669066,38928,2
2669066,3298,3
2669066,31759,4
2669066,13032,5
2669446,13176,1
2669446,3957,2
2669774,38689,1
2669774,13249,2
2669774,49235,3
2670082,6184,1
2670082,43352,2
2670407,26604,1
2670407,21903,2
2670407,13176,3
2670407,17191,4
2670407,46979,5
2670407,47626,6
2670745,21137,1
2670745,35163,2
2670745,26620,3
2670745,20119,4
2672334,24852,1
2672334,30391,2
2672334,36070,3
2672334,9839,4
2672334,33352,5
2672334,43352,6
2672334,21137,7
2672334,11520,8
2672334,33120,9
2672755,19068,1
2672755,25588,2
2672755,39619,3
2673492,47977,1
2673492,42972,2
2673492,12576,3
2673542,13176,1
2673542,5479,2
2673542,5876,3
2673542,31717,4
2673542,47766,5
2673542,41950,6
2673542,21903,7
2673542,27521,8
2673542,26604,9
2673542,17948,10
2673542,27966,11
2673542,15872,12
2673542,18027,13
2673542,42585,14
2674493,45698,1
2674493,40709,2
2674752,14233,1
2674752,34243,2
2674752,22227,3
2675401,196,1
2675401,41400,2
2675430,3274,1
2675430,7361,2
2675430,30776,3
2675693,28985,1
2675693,46979,2
2675693,18234,3
2675693,45007,4
2675693,47209,5
2675693,43789,6
2675693,21137,7
2676088,13198,1
2676088,46906,2
2676088,10,3
2676103,43295,1
2676103,26384,2
2677009,12576,1
2677009,26620,2
2677009,39947,3
2677009,22556,4
2677009,35221,5
2677009,41682,6
2677009,44632,7
2677696,21903,1
2677696,2581,2
2677696,48679,3
2677696,22210,4
2677696,30450,5
2677696,28289,6
2677696,47209,7
2677696,27845,8
2677696,13176,9
2677696,27086,10
2677696,28156,11
2677696,27156,12
2677696,35951,13
2677696,45007,14
2677696,30391,15
2677763,41400,1
2677763,13176,2
2677763,37710,3
2677763,49235,4
2678150,25466,1
2678150,39877,2
2678150,35914,3
2678587,38928,1
2678587,37710,2
2678627,45066,1
2678627,38557,2
2678627,21709,3
2678627,39947,4
2678627,35989,5
2678692,38928,1
2678692,11266,2
2678692,33000,3
2678941,47766,1
2678941,27156,2
2678941,49683,3
2678941,21903,4
2678941,28842,5
2679333,40199,1
2679333,39993,2
2679333,47766,3
2679333,27730,4
2679333,20734,5
2679334,9076,1
2679334,43352,2
2679334,13176,3
2679334,21288,4
2679334,31651,5
2679334,13424,6
2679334,37710,7
2679792,14233,1
2679792,37710,2
2679881,47209,1
2679881,37646,2
2679881,13176,3
2679881,27464,4
2679881,17948,5
2679881,27966,6
2679881,18362,7
2680165,30450,1
2680165,4149,2
2680165,21137,3
2680422,4210,1
2680422,18531,2
2680422,24253,3
2680676,12341,1
2680676,37687,2
2680676,21903,3
2681037,6184,1
2681037,20940,2
2681037,38928,3
2681037,13575,4
2681266,26604,1
2681266,25767,2
2681281,19660,1
2681281,196,2
2681477,33198,1
2681477,38444,2
2681577,33000,1
2681577,4472,2
2681577,13176,3
2681577,16797,4
2681577,20947,5
2681577,26128,6
2681577,30391,7
2681690,16797,1
2681690,8193,2
2681690,21938,3
2681690,34969,4
2681690,17758,5
2681690,24964,6
2681690,46667,7
2682110,45007,1
2682110,24964,2
2682110,26209,3
2682110,31553,4
2682110,10017,5
2682110,31869,6
2682110,10749,7
2682110,2295,8
2682110,22935,9
2682110,26497,10
2682110,8518,11
2682110,40706,12
2682110,28849,13
2682110,3376,14
2682110,39475,15
2682208,13249,1
2682208,46820,2
2682208,18465,3
2682208,26604,4
2682208,27966,5
2682208,13176,6
2682208,32578,7
2682734,27104,1
2682734,13166,2
2682734,30233,3
2682734,31717,4
2682734,8518,5
2682734,41950,6
2682734,13517,7
2682788,10644,1
2682788,21903,2
2682788,49683,3
2682788,24852,4
2682788,34126,5
2682788,28278,6
2682788,47766,7
2683303,13914,1
2683303,46061,2
2683512,14715,1
2683512,18811,2
2683815,25588,1
2683815,32747,2
2683815,9327,3
2683815,37971,4
2683849,18465,1
2683849,13176,2
2683849,47209,3
2683849,25931,4
2683849,8277,5
2683849,25043,6
2684092,44359,1
2684092,32655,2
2684092,35939,3
2684092,14462,4
2684092,31717,5
2684092,26283,6
2684904,24852,1
2684904,16083,2
2684904,31964,3
2685132,13042,1
2685132,31759,2
2685132,46149,3
2685132,196,4
2685132,39275,5
2685132,16797,6
2685132,13424,7
2685132,20940,8
2685132,17122,9
2685132,13176,10
2685132,41400,11
2685132,48812,12
2685745,19660,1
2685745,48142,2
2686701,31651,1
2686701,46149,2
2686701,39657,3
2686701,40199,4
2686701,12427,5
2686701,11759,6
2686701,37687,7
2686701,12341,8
2686737,5258,1
2686737,35951,2
2687680,196,1
2687680,45051,2
2687680,30591,3
2687680,18023,4
2688001,44422,1
2688001,33120,2
2688001,20738,3
2688001,21614,4
2688001,7503,5
2688001,35782,6
2688312,33198,1
2688312,2086,2
2688312,8021,3
2688715,8193,1
2688715,21137,2
2688715,29987,3
2688715,13176,4
2688715,21019,5
2688715,41844,6
2688715,38777,7
2688988,24852,1
2688988,32403,2
2689584,47766,1
2689584,27104,2
2689584,33768,3
2689584,34126,4
2689584,21616,5
2689772,39275,1
2689772,47766,2
2690222,16797,1
2690222,42803,2
2690339,196,1
2690339,21292,2
2690339,8571,3
2690339,16797,4
2690339,26088,5
2690504,13042,1
2690504,12427,2
2690504,13032,3
2690545,21292,1
2690545,21137,2
2690545,8571,3
2690545,21288,4
2691459,27845,1
2691459,19508,2
2691459,39430,3
2691561,1463,1
2691561,2452,2
2691561,17794,3
2691561,26940,4
2692245,38490,1
2692245,27966,2
2692759,8518,1
2692759,47209,2
2692759,29662,3
2692759,17795,4
2692759,34243,5
2692759,44359,6
2692759,41290,7
2692759,8021,8
2692785,36695,1
2692785,21386,2
2692785,10749,3
2692785,37646,4
2692785,33198,5
2692785,8230,6
2692785,12456,7
2692785,24489,8
2692785,17948,9
2692785,1158,10
2692785,43352,11
2692785,35951,12
2692785,30489,13
2694321,4724,1
2694321,13032,2
2694729,41131,1
2694729,21572,2
2694729,9175,3
2694854,21295,1
2694854,19660,2
2694854,4920,3
2695064,31717,1
2695064,26209,2
2695456,45200,1
2695456,45007,2
2695641,329,1
2695641,28476,2
2695641,11422,3
2695641,27845,4
2695641,9421,5
2695641,48559,6
2695976,14947,1
2695976,21709,2
2695976,20119,3
2695976,35221,4
2695976,49191,5
2696036,13176,1
2696036,38739,2
2696036,34050,3
2696290,47209,1
2696290,2326,2
2696290,46654,3
2696290,24852,4
2696290,21137,5
2696290,33754,6
2696290,4957,7
2696290,605,8
2696559,13629,1
2696559,47144,2
2696559,18465,3
2696559,5785,4
2696559,41658,5
2696638,37276,1
2696638,8239,2
2696638,21376,3
2697085,19125,1
2697085,18382,2
2697085,43352,3
2697085,8174,4
2697085,23288,5
2697085,11777,6
2697250,41400,1
2697250,39657,2
2697250,43154,3
2697250,32455,4
2697324,12919,1
2697324,47977,2
2697324,42719,3
2697644,24852,1
2697644,39877,2
2697644,37646,3
2697644,36070,4
2697644,38456,5
2697644,47734,6
2697644,18656,7
2697644,38383,8
2697815,18918,1
2697815,26128,2
2697815,40545,3
2697815,34584,4
2697815,28553,5
2697815,42265,6
2697867,49235,1
2697867,432,2
2697867,40174,3
2698289,13176,1
2698289,2664,2
2698289,46906,3
2698993,27104,1
2698993,46979,2
2698993,45066,3
2698993,21137,4
2698993,45007,5
2698993,27086,6
2698993,24184,7
2698993,5450,8
2698993,47626,9
2698993,4562,10
2698993,43789,11
2698993,15937,12
2699021,26209,1
2699021,13176,2
2699214,26604,1
2699214,26384,2
2699292,5618,1
2699292,21405,2
2699292,8518,3
2699292,49683,4
2699292,48679,5
2699327,21573,1
2699327,20955,2
2699327,43352,3
2699327,13176,4
2699621,22802,1
2699621,43352,2
2699621,38928,3
2699621,18023,4
2699621,49235,5
2699621,16714,6
2699621,12341,7
2699797,49383,1
2699797,18234,2
2699797,7948,3
2699797,25138,4
2699797,23288,5
2700488,13176,1
2700488,6184,2
2700488,13575,3
2700576,35989,1
2700576,44632,2
2700576,8424,3
2700576,29987,4
2700576,44359,5
2700576,28836,6
2700691,4149,1
2700691,13176,2
2700691,10326,3
2700963,35221,1
2700963,44632,2
2700963,19677,3
2700963,4210,4
2701486,24852,1
2701486,46979,2
2701486,34243,3
2701486,4920,4
2702464,12206,1
2702464,21616,2
2702464,29487,3
2702464,31506,4
2702464,18761,5
2702464,26497,6
2702464,25890,7
2702500,27086,1
2702500,35108,2
2702500,34126,3
2702500,24964,4
2702500,46979,5
2702500,21616,6
2702549,19660,1
2702549,14715,2
2702549,46061,3
2702796,48679,1
2702796,9339,2
2702796,39408,3
2702796,47734,4
2702796,26604,5
2702796,43352,6
2703716,196,1
2703716,46149,2
2704392,27454,1
2704392,11352,2
2704505,30406,1
2704505,39275,2
2704876,27451,1
2704876,44683,2
2704876,12576,3
2704876,39947,4
2705159,31506,1
2705159,8390,2
2705159,25783,3
2705159,29363,4
2705159,34287,5
2705159,27796,6
2705537,27104,1
2705537,17794,2
2705537,32734,3
2705537,26604,4
2705537,25931,5
2705537,45,6
2706682,32403,1
2706682,5068,2
2706682,196,3
2706682,7751,4
2707059,196,1
2707059,19660,2
2707093,6184,1
2707093,17122,2
2707093,45051,3
2707350,432,1
2707350,8138,2
2707350,34262,3
2707350,42265,4
2707350,33120,5
2707350,6873,6
2707350,24830,7
2707350,39275,8
2707350,8518,9
2707350,33352,10
2707350,46979,11
2707350,8277,12
2707350,37067,13
2707350,46802,14
2707561,48523,1
2707561,18288,2
2707561,28204,3
2707561,29926,4
2707921,24852,1
2707921,30639,2
2707921,18811,3
2707921,11068,4
2707921,16185,5
2707921,27086,6
2707921,19660,7
2708514,21195,1
2708514,46473,2
2708722,44292,1
2708722,49683,2
2709325,47141,1
2709325,15424,2
2709946,40198,1
2709946,13176,2
2709946,27845,3
2709946,29311,4
2710445,3298,1
2710445,21573,2
2710445,6184,3
2710445,46149,4
2710445,196,5
2710445,13176,6
2710678,9138,1
2710678,42736,2
2710869,2480,1
2710869,41220,2
2710869,37067,3
2712090,35507,1
2712090,32650,2
2712090,20590,3
2712204,14086,1
2712204,10326,2
2712249,45149,1
2712249,1940,2
2712249,8615,3
2712249,41950,4
2713059,196,1
2713059,40199,2
2713595,9076,1
2713595,21137,2
2714104,34335,1
2714104,27845,2
2714145,5794,1
2714145,19660,2
2714145,35199,3
2714145,36076,4
2714145,7521,5
2714346,7485,1
2714346,17948,2
2714392,12845,1
2714392,23909,2
2714392,45013,3
2714392,7781,4
2714392,39984,5
2715555,45007,1
2715555,7628,2
2715555,48205,3
2715555,19068,4
2716624,5077,1
2716624,12206,2
2716624,21903,3
2716624,40604,4
2716624,5646,5
2716624,25890,6
2716887,5479,1
2716887,46676,2
2716996,39928,1
2716996,28199,2
2716996,38456,3
2716996,24852,4
2716996,8277,5
2716996,21137,6
2716996,41787,7
2716996,47209,8
2717219,26317,1
2717219,31759,2
2717265,27845,1
2717265,45948,2
2717265,12572,3
2717601,23594,1
2717601,8518,2
2717601,38739,3
2717601,34034,4
2717601,33731,5
2717601,11440,6
2717704,47626,1
2717704,35939,2
2717704,28985,3
2717704,26800,4
2717704,8518,5
2718357,651,1
2718357,49235,2
2718357,7948,3
2718696,48679,1
2718696,22825,2
2718696,41065,3
2718696,38159,4
2718696,7503,5
2718730,12341,1
2718730,32689,2
2718730,9020,3
2718992,46149,1
2718992,13575,2
2718992,46562,3
2719427,196,1
2719427,42500,2
2719601,46802,1
2719601,16797,2
2719601,43352,3
2719601,41787,4
2719601,24852,5
2719601,37646,6
2719752,7021,1
2719752,12797,2
2720495,1529,1
2720495,34358,2
2720495,21137,3
2720495,37646,4
2720495,24184,5
2720495,28601,6
2720495,25588,7
2720495,47766,8
2720495,27521,9
2720803,23288,1
2720803,31343,2
2720803,27744,3
2720803,18594,4
2720803,43295,5
2720803,5785,6
2720803,3952,7
2721516,20940,1
2721516,196,2
2721516,33000,3
2721516,12341,4
2721678,12341,1
2721678,42265,2
2721678,38928,3
2721678,12427,4
2721999,16797,1
2721999,31562,2
2721999,8670,3
2721999,27966,4
2721999,47626,5
2721999,47766,6
2721999,29487,7
2722107,8518,1
2722107,35939,2
2722107,24964,3
2722107,22935,4
2722107,10246,5
2722107,16759,6
2722107,13176,7
2722107,32655,8
2722322,33647,1
2722322,30305,2
2722322,11408,3
2722322,39812,4
2722322,43789,5
2722322,24184,6
2722322,2295,7
2722322,45007,8
2722322,41065,9
2722322,37524,10
2722322,19125,11
2722322,44375,12
2722322,48246,13
2722322,36929,14
2722322,38739,15
2722322,33731,16
2722322,18918,17
2722322,5025,18
2722387,17122,1
2722387,8048,2
2723929,196,1
2723929,19691,2
2724167,42719,1
2724167,20114,2
2724376,24838,1
2724376,28985,2
2724823,44359,1
2724823,19677,2
2724823,14947,3
2724835,31992,1
2724835,39275,2
2724863,37710,1
2724863,41400,2
2725240,4942,1
2725240,651,2
2725240,20114,3
2725566,13424,1
2725566,19660,2
2725566,31651,3
2725566,196,4
2726332,47766,1
2726332,8518,2
2726332,30391,3
2726332,24184,4
2726332,27344,5
2726332,24830,6
2726332,44632,7
2726545,38300,1
2726545,9358,2
2726791,13176,1
2726791,34448,2
2726791,43768,3
2726816,42768,1
2726816,27156,2
2727363,24964,1
2727363,8518,2
2727363,33000,3
2727363,22935,4
2727969,19348,1
2727969,13042,2
2727969,19691,3
2727969,21288,4
2727969,43352,5
2728236,28289,1
2728236,12614,2
2728236,40516,3
2728236,39558,4
2728236,44632,5
2728236,49520,6
2728624,20738,1
2728624,39275,2
2729074,26348,1
2729074,7131,2
2729198,24852,1
2729198,12606,2
2729198,14161,3
2729198,31553,4
2729198,20842,5
2729198,12341,6
2729198,46654,7
2729198,30391,8
2729852,13176,1
2729852,22935,2
2729861,30391,1
2729861,11777,2
2729861,11481,3
2730381,1158,1
2730381,8087,2
2730381,35221,3
2730381,24852,4
2730381,21903,5
2730673,26405,1
2730673,13575,2
2730673,35951,3
2730673,16953,4
2730964,11777,1
2730964,13176,2
2730964,26604,3
2730964,260,4
2731245,21386,1
2731245,41400,2
2731983,39275,1
2731983,5258,2
2731983,12341,3
2732283,13176,1
2732283,12341,2
2732344,14947,1
2732344,5077,2
2732344,27966,3
2732344,39275,4
2732344,37067,5
2732344,42445,6
2732344,44008,7
2733535,41950,1
2733535,43772,2
2733535,7021,3
2733535,8518,4
2733535,22935,5
2733535,34126,6
2733535,13629,7
2733535,14462,8
2733535,31717,9
2733535,26209,10
2733535,45007,11
2733535,34466,12
2733535,42356,13
2734140,36316,1
2734140,47977,2
2734335,13176,1
2734335,33754,2
2734445,21386,1
2734445,36534,2
2734580,4656,1
2734580,5818,2
2734825,40939,1
2734825,13176,2
2734825,5258,3
2734825,21137,4
2734825,5161,5
2734954,24852,1
2734954,26604,2
2734954,3376,3
2734954,44632,4
2735391,21903,1
2735391,20114,2
2735391,8518,3
2735391,31506,4
2735391,47626,5
2735589,8571,1
2735589,33768,2
2735589,22802,3
2736245,13176,1
2736245,31915,2
2736245,43713,3
2736245,40709,4
2736486,42736,1
2736486,42342,2
2736792,48679,1
2736792,2078,2
2736792,22935,3
2737504,27845,1
2737504,21137,2
2737504,7175,3
2737504,43352,4
2737588,44632,1
2737588,20842,2
2737588,7014,3
2737588,8230,4
2737588,33846,5
2737588,8021,6
2737588,40268,7
2737588,28204,8
2737588,27104,9
2737588,5818,10
2737588,34358,11
2737588,22849,12
2737588,47626,13
2737588,31717,14
2737588,7131,15
2738164,43154,1
2738164,39657,2
2738164,41400,3
2738164,10326,4
2738164,45051,5
2738164,13176,6
2738164,6184,7
2738402,22935,1
2738402,13176,2
2738402,10749,3
2738402,27966,4
2738402,35921,5
2738402,27521,6
2738402,23032,7
2738402,26209,8
2738402,24838,9
2738932,37029,1
2738932,47209,2
2739152,24852,1
2739152,1158,2
2741313,19660,1
2741313,34287,2
2741993,13176,1
2741993,21288,2
2741993,6184,3
2741993,16797,4
2741993,4920,5
2741993,17122,6
2741993,14161,7
2741993,42265,8
2741993,37687,9
2741993,21195,10
2742125,45007,1
2742125,34243,2
2742125,46979,3
2742125,27845,4
2742125,36127,5
2742125,39877,6
2742125,38164,7
2742437,33731,1
2742437,34358,2
2742437,47626,3
2742437,27966,4
2742437,2078,5
2742437,15613,6
2742604,27156,1
2742604,12341,2
2742604,44683,3
2744031,4656,1
2744031,4920,2
2744333,5258,1
2744333,6184,2
2744333,13575,3
2744333,41400,4
2744722,23288,1
2744722,40939,2
2745138,23909,1
2745138,46979,2
2745138,13176,3
2745138,26604,4
2745138,17461,5
2745138,33731,6
2745624,11005,1
2745624,42701,2
2745624,32655,3
2745624,14992,4
2745624,8424,5
2745624,48679,6
2745726,46802,1
2745726,44628,2
2746265,6348,1
2746265,24810,2
2746265,21137,3
2746265,24852,4
2747124,43789,1
2747124,13535,2
2747124,48679,3
2747124,27156,4
2747124,24964,5
2747124,27104,6
2747124,47766,7
2747124,42701,8
2747846,37646,1
2747846,13176,2
2747846,39275,3
2748578,329,1
2748578,18531,2
2748578,21847,3
2749091,44359,1
2749091,21543,2
2749091,17794,3
2749091,5025,4
2749091,38400,5
2749091,43961,6
2749091,45007,7
2749198,19057,1
2749198,14084,2
2749282,13176,1
2749282,4149,2
2750726,11712,1
2750726,432,2
2750726,24852,3
2750726,28745,4
2750726,21295,5
2750726,48679,6
2750726,16589,7
2750726,21903,8
2750726,28985,9
2750726,48364,10
2750726,15290,11
2750726,45007,12
2750726,28204,13
2750726,44359,14
2750754,39108,1
2750754,20955,2
2750754,41276,3
2751326,34243,1
2751326,5876,2
2751326,44987,3
2751326,9839,4
2751548,19660,1
2751548,35951,2
2751548,36011,3
2751548,21903,4
2751548,38739,5
2751579,6760,1
2751579,196,2
2751596,30489,1
2751596,46616,2
2752195,24852,1
2752195,49683,2
2752195,24830,3
2752195,46667,4
2752195,36216,5
2752195,31717,6
2752195,3376,7
2752195,28289,8
2752195,48775,9
2752195,28785,10
2752393,8615,1
2752393,31766,2
2752393,20345,3
2752612,33198,1
2752612,19894,2
2752612,34335,3
2752612,18352,4
2752612,38164,5
2752612,30489,6
2752612,13380,7
2753626,13263,1
2753626,28465,2
2754303,12427,1
2754303,12341,2
2754303,32478,3
2754303,5258,4
2754303,20955,5
2754303,37710,6
2754826,8571,1
2754826,8048,2
2754826,38768,3
2754826,46041,4
2754826,15680,5
2755671,43295,1
2755671,42356,2
2755671,21709,3
2755682,46149,1
2755682,13176,2
2755682,16797,3
2755682,38300,4
2755871,21292,1
2755871,4724,2
2756203,2086,1
2756203,43352,2
2756203,41950,3
2756203,39877,4
2756203,8021,5
2756203,18811,6
2756248,38768,1
2756248,8048,2
2756248,43352,3
2756248,21288,4
2756542,33043,1
2756542,49683,2
2756542,30489,3
2756542,18564,4
2756542,33198,5
2756643,13431,1
2756643,23375,2
2756754,35045,1
2756754,40396,2
2756754,5449,3
2756754,22124,4
2756836,48812,1
2756836,38300,2
2757217,196,1
2757217,6184,2
2757217,13176,3
2757307,39275,1
2757307,12427,2
2757307,38928,3
2757307,13176,4
2757307,43352,5
2757307,21137,6
2757307,21288,7
2757424,33198,1
2757424,1194,2
2757424,41290,3
2757424,44292,4
2757944,31506,1
2757944,26369,2
2757944,20114,3
2757944,26209,4
2757944,21709,5
2757944,25890,6
2757944,40604,7
2757944,44910,8
2758309,17794,1
2758309,26668,2
2759236,21405,1
2759236,40706,2
2759236,27104,3
2759236,14947,4
2759236,5876,5
2759818,21903,1
2759818,49683,2
2759818,24852,3
2759818,14218,4
2759818,16797,5
2759818,27966,6
2759818,38777,7
2759818,33754,8
2759818,33787,9
2759818,18523,10
2759818,16759,11
2759818,47766,12
2759818,45066,13
2759895,13176,1
2759895,45051,2
2759895,3298,3
2759895,35561,4
2759895,11266,5
2759895,32478,6
2759895,40199,7
2760080,24852,1
2760080,22959,2
2760080,16797,3
2760080,21938,4
2760427,46149,1
2760427,22802,2
2760427,6184,3
2760462,27730,1
2760462,49235,2
2760462,32939,3
2760965,46906,1
2760965,38159,2
2761552,24852,1
2761552,4920,2
2761552,27845,3
2761707,1463,1
2761707,27966,2
2761707,26604,3
2761707,21903,4
2761707,42244,5
2761707,49235,6
2762247,18382,1
2762247,43772,2
2763054,40604,1
2763054,44632,2
2763054,19370,3
2763054,28465,4
2763054,13263,5
2763054,36865,6
2763054,18531,7
2763054,4799,8
2763077,22035,1
2763077,28745,2
2763077,13166,3
2763077,5161,4
2763984,27845,1
2763984,432,2
2763984,24852,3
2763984,39408,4
2763984,30450,5
2764628,24852,1
2764628,13166,2
2765651,43739,1
2765651,18023,2
2765651,23288,3
2765731,30233,1
2765731,12456,2
2765731,24838,3
2765731,42110,4
2766337,47141,1
2766337,47877,2
2766908,32455,1
2766908,13176,2
2767201,32689,1
2767201,13575,2
2767201,1957,3
2768295,11182,1
2768295,47766,2
2768295,40706,3
2768295,8518,4
2768295,45063,5
2768496,29127,1
2768496,31506,2
2768834,24852,1
2768834,21903,2
2768834,19677,3
2768834,13629,4
2768834,40268,5
2769052,42803,1
2769052,35561,2
2769052,21137,3
2769052,31759,4
2769359,42110,1
2769359,27521,2
2769463,8859,1
2769463,19660,2
2769494,21709,1
2769494,47626,2
2769672,46061,1
2769672,11266,2
2769744,24964,1
2769744,24852,2
2770583,13176,1
2770583,13575,2
2770583,35951,3
2770583,32303,4
2771358,13176,1
2771358,27845,2
2771358,432,3
2771358,33120,4
2771358,46906,5
2771358,27966,6
2771358,3896,7
2771358,20794,8
2771358,22035,9
2771358,46584,10
2771358,6348,11
2771358,21137,12
2771358,11182,13
2771358,43961,14
2771358,34584,15
2771358,651,16
2771358,5134,17
2771358,36441,18
2771358,38777,19
2771358,27695,20
2771358,2452,21
2771613,21137,1
2771613,34551,2
2772089,27845,1
2772089,39275,2
2772089,21137,3
2773028,10644,1
2773028,47209,2
2773028,45066,3
2773663,3957,1
2773663,48697,2
2774413,49198,1
2774413,47877,2
2775065,31506,1
2775065,25890,2
2775065,12341,3
2775798,43352,1
2775798,10326,2
2775868,13176,1
2775868,38777,2
2776984,39275,1
2776984,29270,2
2776984,8424,3
2777068,5258,1
2777068,19660,2
2777068,13176,3
2777068,40199,4
2777069,28204,1
2777069,38456,2
2777451,20842,1
2777451,21903,2
2777451,4210,3
2777451,34,4
2777451,39216,5
2777451,33731,6
2779477,42828,1
2779477,27966,2
2779477,32734,3
2779477,26209,4
2779608,30391,1
2779608,40604,2
2779608,33401,3
2779608,10749,4
2779608,36070,5
2779608,33120,6
2779691,3599,1
2779691,38622,2
2779944,30450,1
2779944,45066,2
2779944,27845,3
2779944,5646,4
2779944,18465,5
2779944,32734,6
2779944,21955,7
2779944,21903,8
2779944,49235,9
2780316,33198,1
2780316,19660,2
2780321,32689,1
2780321,9839,2
2780321,14678,3
2780321,31869,4
2780321,42265,5
2780321,21573,6
2780321,35561,7
2780479,27966,1
2780479,33043,2
2780498,1957,1
2780498,46129,2
2780498,31422,3
2780498,38928,4
2781004,26165,1
2781004,5876,2
2781004,46667,3
2781680,47209,1
2781680,13176,2
2781680,10305,3
2781680,46654,4
2781680,45149,5
2781887,47209,1
2781887,5876,2
2782166,44632,1
2782166,26620,2
2782166,21709,3
2782166,17191,4
2782262,31717,1
2782262,12099,2
2782262,35221,3
2782690,196,1
2782690,46149,2
2783268,5258,1
2783268,43154,2
2784019,10749,1
2784019,45007,2
2784019,44359,3
2784019,40723,4
2784019,21137,5
2784019,27966,6
2784019,29926,7
2784219,30776,1
2784219,20794,2
2784338,31651,1
2784338,46061,2
2784338,6184,3
2784338,32403,4
2784338,23537,5
2784338,46149,6
2784338,196,7
2784338,13575,8
2784686,38768,1
2784686,34466,2
2784686,5068,3
2785039,37825,1
2785039,38159,2
2785039,9387,3
2785039,32052,4
2785039,24964,5
2785039,49683,6
2785039,8424,7
2785039,34969,8
2785039,35547,9
2785039,46979,10
2785039,46654,11
2785039,47766,12
2785163,19057,1
2785163,21295,2
2785163,23405,3
2785163,19048,4
2785817,12341,1
2785817,4920,2
2785817,43352,3
2785817,21288,4
2785817,16797,5
2785828,13176,1
2785828,31651,2
2785828,19660,3
2785828,196,4
2785828,12341,5
2786406,35221,1
2786406,45066,2
2786406,13176,3
2786406,39877,4
2786446,5068,1
2786446,21903,2
2786955,16797,1
2786955,32403,2
2786955,21137,3
2786955,35561,4
2788152,6184,1
2788152,13176,2
2788152,45051,3
2788352,10017,1
2788352,28985,2
2788352,46667,3
2788352,7898,4
2788365,26165,1
2788365,47626,2
2788627,9598,1
2788627,8555,2
2788627,49235,3
2788627,23579,4
2788627,13740,5
2788627,47766,6
2788728,26384,1
2788728,43122,2
2788908,13733,1
2788908,13176,2
2788908,26209,3
2788908,21386,4
2788910,8518,1
2788910,24184,2
2788910,43768,3
2788910,1244,4
2788910,35939,5
2788910,24964,6
2788910,21010,7
2788910,49175,8
2788910,33731,9
2789512,38650,1
2789512,28934,2
2789512,44910,3
2789512,49075,4
2789743,9755,1
2789743,21709,2
2789743,45066,3
2789743,45,4
2789743,8424,5
2789743,27695,6
2789743,20119,7
2789743,35221,8
2789743,42110,9
2789743,16797,10
2789743,26940,11
2789743,40706,12
2790083,8021,1
2790083,39190,2
2790083,8859,3
2790397,34969,1
2790397,26209,2
2790397,31717,3
2790397,8518,4
2790397,4799,5
2790397,28278,6
2791506,46562,1
2791506,41400,2
2791506,22362,3
2791506,30591,4
2791506,13914,5
2791506,26348,6
2792122,49235,1
2792122,40174,2
2792122,10132,3
2792122,27325,4
2792404,17948,1
2792404,47966,2
2792404,432,3
2792404,22035,4
2792404,25931,5
2792407,27344,1
2792407,12341,2
2792407,40593,3
2792407,40396,4
2792407,27104,5
2792407,25890,6
2792407,47672,7
2792407,22395,8
2792407,37065,9
2793241,21903,1
2793241,24852,2
2793241,25659,3
2793241,4942,4
2793241,45007,5
2793618,14947,1
2793618,26629,2
2793618,18288,3
2793618,47626,4
2793618,47209,5
2793618,21903,6
2793648,18288,1
2793648,31683,2
2793993,9020,1
2793993,44683,2
2793993,46979,3
2793993,12980,4
2793993,27845,5
2793993,22849,6
2793993,9387,7
2793993,13083,8
2793993,11068,9
2793993,46906,10
2794920,35221,1
2794920,12916,2
2794920,42972,3
2795252,43961,1
2795252,27845,2
2795252,42450,3
2795252,13176,4
2795519,27521,1
2795519,20345,2
2795519,21137,3
2795519,24852,4
2795519,47209,5
2795519,24964,6
2795519,11182,7
2795519,46667,8
2795519,44632,9
2795992,27845,1
2795992,31683,2
2795992,42828,3
2795992,16185,4
2795992,17949,5
2796926,25931,1
2796926,18918,2
2796926,13176,3
2796926,5250,4
2797182,23288,1
2797182,45066,2
2797182,24852,3
2797354,20345,1
2797354,40199,2
2797443,21195,1
2797443,46061,2
2797717,37067,1
2797717,47759,2
2797781,8277,1
2797781,10749,2
2797781,42736,3
2797781,26369,4
2797781,4812,5
2797781,39275,6
2798646,21903,1
2798646,27344,2
2798646,18465,3
2798928,38400,1
2798928,25890,2
2798928,34358,3
2798928,39190,4
2798928,8518,5
2798928,22124,6
2798928,24852,7
2798928,47766,8
2798928,26209,9
2798928,26369,10
2799612,28601,1
2799612,21137,2
2799612,37067,3
2799612,21903,4
2799612,5876,5
2799612,41950,6
2799612,47209,7
2799612,35535,8
2799612,30391,9
2799612,44359,10
2799612,19057,11
2799612,41220,12
2799612,6046,13
2799612,8518,14
2799612,8174,15
2799612,28985,16
2799612,43768,17
2799612,45007,18
2799612,17794,19
2799612,47734,20
2799870,38383,1
2799870,4472,2
2799870,890,3
2799870,49191,4
2800791,30776,1
2800791,39947,2
2800791,12576,3
2800791,27966,4
2800791,39475,5
2800791,35887,6
2800791,12341,7
2800791,17835,8
2801323,34126,1
2801323,5876,2
2801323,44910,3
2801425,42500,1
2801425,3298,2
2801425,22802,3
2802298,5134,1
2802298,42701,2
2802298,39928,3
2802298,7963,4
2802298,30639,5
2802298,3397,6
2802434,41290,1
2802434,21903,2
2802802,5077,1
2802802,40396,2
2802802,24852,3
2802836,17122,1
2802836,26604,2
2802964,31717,1
2802964,38383,2
2802964,42585,3
2802964,3952,4
2803053,29307,1
2803053,21405,2
2803296,24852,1
2803296,45066,2
2803296,21616,3
2803296,46906,4
2803296,35951,5
2803296,47766,6
2803296,14678,7
2803301,13176,1
2803301,9839,2
2803301,30391,3
2803301,10246,4
2803301,35898,5
2803474,21903,1
2803474,40377,2
2803869,13176,1
2803869,27156,2
2803869,42768,3
2803869,35951,4
2803869,26128,5
2804326,27344,1
2804326,27156,2
2804326,23288,3
2805087,27521,1
2805087,43789,2
2805087,5479,3
2805133,28985,1
2805133,24852,2
2805246,24852,1
2805246,43352,2
2805246,39275,3
2805246,21137,4
2805246,204,5
2805246,38557,6
2805246,8174,7
2805948,196,1
2805948,26348,2
2806949,27156,1
2806949,28842,2
2806949,13535,3
2806949,22935,4
2806949,9092,5
2806949,6104,6
2806949,3952,7
2806949,49683,8
2807293,21386,1
2807293,21195,2
2807607,32734,1
2807607,18027,2
2807607,24852,3
2807607,8424,4
2807607,46667,5
2807607,13733,6
2807607,21137,7
2807607,21903,8
2807607,8239,9
2807607,31927,10
2807607,8021,11
2807886,21386,1
2807886,19660,2
2808510,13176,1
2808510,32747,2
2808671,35547,1
2808671,37646,2
2808671,30391,3
2808671,21137,4
2808671,21903,5
2808671,3599,6
2808671,27966,7
2808671,24838,8
2808671,25072,9
2808671,24489,10
2808671,8174,11
2808671,17706,12
2808788,30450,1
2808788,23288,2
2808788,2086,3
2808788,13176,4
2809084,7693,1
2809084,30696,2
2809359,14678,1
2809359,25659,2
2809359,5161,3
2809359,44359,4
2809359,12845,5
2810241,46979,1
2810241,29487,2
2810241,18531,3
2810241,49383,4
2810241,31964,5
2810241,44632,6
2810999,6184,1
2810999,16797,2
2812087,47209,1
2812087,24852,2
2812087,30391,3
2812087,16349,4
2812721,21903,1
2812721,10246,2
2812876,17224,1
2812876,40706,2
2812876,45066,3
2812876,4920,4
2812876,47209,5
2812876,43192,6
2813331,10032,1
2813331,49235,2
2813331,17872,3
2813331,21376,4
2813738,3952,1
2813738,49235,2
2813738,22935,3
2813738,30406,4
2814603,16797,1
2814603,8571,2
2814603,21288,3
2814857,17747,1
2814857,49383,2
2814857,21137,3
2814857,13176,4
2814857,24830,5
2814857,32553,6
2815587,37687,1
2815587,40706,2
2815587,8518,3
2815587,40396,4
2815587,48171,5
2815587,32655,6
2815587,21137,7
2815587,27336,8
2818587,21709,1
2818587,27885,2
2818587,7632,3
2818785,6184,1
2818785,40199,2
2818785,39408,3
2819021,13176,1
2819021,39275,2
2819021,43352,3
2819021,16797,4
2819345,24964,1
2819345,8138,2
2819345,21295,3
2819345,40706,4
2819345,21903,5
2819345,33401,6
2819830,33731,1
2819830,28745,2
2819830,5212,3
2820114,16521,1
2820114,29363,2
2820114,8277,3
2820114,35221,4
2821181,22802,1
2821181,6182,2
2821181,14233,3
2821181,46149,4
2821181,196,5
2821374,30233,1
2821374,22935,2
2821374,49235,3
2821374,44632,4
2821374,26620,5
2821374,5450,6
2821374,11182,7
2821374,10070,8
2822047,13176,1
2822047,6184,2
2822047,196,3
2822299,46149,1
2822299,32478,2
2822299,13176,3
2822726,40939,1
2822726,13914,2
2823318,14891,1
2823318,39180,2
2823318,24852,3
2823318,28204,4
2823812,2537,1
2823812,24852,2
2824946,35108,1
2824946,48094,2
2824946,7412,3
2824946,47626,4
2824946,24838,5
2824946,37687,6
2825377,35561,1
2825377,38928,2
2827227,21903,1
2827227,4149,2
2827227,14715,3
2827227,13176,4
2827403,21573,1
2827403,11759,2
2827403,13535,3
2827403,40939,4
2827403,46061,5
2828134,44632,1
2828134,11688,2
2828134,22227,3
2828134,30776,4
2828134,48559,5
2828134,14462,6
2828134,26209,7
2828134,47626,8
2828134,25659,9
2828134,35898,10
2828134,46720,11
2828134,21903,12
2828264,8859,1
2828264,13176,2
2828264,35221,3
2828264,26317,4
2828264,47209,5
2828560,27156,1
2828560,16349,2
2828560,22935,3
2829385,24852,1
2829385,40545,2
2829385,1158,3
2829385,46802,4
2829385,432,5
2829385,40377,6
2829385,46654,7
2829699,28427,1
2829699,27744,2
2829699,32177,3
2830042,10749,1
2830042,19691,2
2830573,26604,1
2830573,47766,2
2830573,46584,3
2830573,30391,4
2831060,39877,1
2831060,30391,2
2831060,44359,3
2831272,43352,1
2831272,44008,2
2831272,21137,3
2831767,19508,1
2831767,17461,2
2831767,28373,3
2831767,21267,4
2831767,37067,5
2831767,38739,6
2831938,5068,1
2831938,41276,2
2831938,32689,3
2833316,19660,1
2833316,47209,2
2833316,8174,3
2833316,18389,4
2833316,22825,5
2833316,21137,6
2833316,22935,7
2833316,5652,8
2833316,48094,9
2833316,45007,10
2833436,8021,1
2833436,34243,2
2833436,17794,3
2833436,31553,4
2833581,35561,1
2833581,7751,2
2833754,26369,1
2833754,5785,2
2833754,21903,3
2834366,27086,1
2834366,35951,2
2834366,24852,3
2834366,37646,4
2834476,38928,1
2834476,6760,2
2834476,22802,3
2834529,35921,1
2834529,33120,2
2834529,10017,3
2834714,38768,1
2834714,4149,2
2835471,19660,1
2835471,44910,2
2835471,13166,3
2835742,30639,1
2835742,38689,2
2835742,4605,3
2837345,4724,1
2837345,8048,2
2838110,40939,1
2838110,196,2
2838310,36865,1
2838310,30489,2
2838310,5450,3
2838310,24852,4
2838310,39619,5
2838536,48142,1
2838536,14233,2
2838536,43352,3
2838536,21288,4
2838600,18023,1
2838600,41276,2
2839270,38928,1
2839270,46061,2
2839811,47990,1
2839811,27966,2
2840057,24852,1
2840057,9839,2
2840057,47626,3
2840057,16797,4
2840057,21903,5
2840057,8518,6
2840057,24830,7
2840057,44359,8
2840057,19678,9
2840057,9387,10
2840057,49683,11
2840057,47209,12
2840057,20580,13
2840057,19508,14
2841341,651,1
2841341,21195,2
2841356,3298,1
2841356,22362,2
2841356,32455,3
2841356,45051,4
2841677,31651,1
2841677,5161,2
2841677,39408,3
2842445,31964,1
2842445,7693,2
2842445,24852,3
2842445,44479,4
2843230,2452,1
2843230,31343,2
2845119,24852,1
2845119,45066,2
2845119,35004,3
2845119,43263,4
2845119,4374,5
2845119,18599,6
2845119,14852,7
2845276,38689,1
2845276,43789,2
2845276,16525,3
2845361,43352,1
2845361,21137,2
2845361,39275,3
2845433,39657,1
2845433,30591,2
2845433,17122,3
2845433,6184,4
2845969,47209,1
2845969,5450,2
2846016,33290,1
2846016,46979,2
2846016,1947,3
2847253,21137,1
2847253,39275,2
2848023,13535,1
2848023,35561,2
2848978,1957,1
2848978,30720,2
2849043,36534,1
2849043,17122,2
2849043,13176,3
2849043,43352,4
2849267,25890,1
2849267,21903,2
2849267,26209,3
2849267,14218,4
2849331,24830,1
2849331,16616,2
2849331,45007,3
2849430,21386,1
2849430,22802,2
2849613,44359,1
2849613,30391,2
2849613,13176,3
2849681,3007,1
2849681,21903,2
2849681,9076,3
2849681,43961,4
2849681,30391,5
2849681,32579,6
2851093,35951,1
2851093,44359,2
2851093,44632,3
2851093,4462,4
2851093,37646,5
2851273,42356,1
2851273,24852,2
2851273,39275,3
2851273,47766,4
2851273,46979,5
2851273,47626,6
2851273,35973,7
2851273,34126,8
2851273,49683,9
2851273,16185,10
2851575,45504,1
2851575,6104,2
2851575,13176,3
2851575,26604,4
2851575,8518,5
2852972,9076,1
2852972,47209,2
2852972,37646,3
2852972,16797,4
2853144,31651,1
2853144,37710,2
2853282,46149,1
2853282,196,2
2853476,24799,1
2853476,25890,2
2853476,28842,3
2853476,45535,4
2853476,49075,5
2854671,24838,1
2854671,30233,2
2854671,18362,3
2855018,47209,1
2855018,30391,2
2855018,34126,3
2855018,39984,4
2855018,21295,5
2855018,13984,6
2855018,2078,7
2855018,20995,8
2855018,24964,9
2855345,3957,1
2855345,3583,2
2855345,47144,3
2855580,33055,1
2855580,14553,2
2855580,21137,3
2855580,29418,4
2855857,21405,1
2855857,14553,2
2855857,40174,3
2855857,40199,4
2855894,6948,1
2855894,35503,2
2855894,28553,3
2855894,21903,4
2856219,8859,1
2856219,3298,2
2856397,24852,1
2856397,27845,2
2856397,18465,3
2856397,5450,4
2856397,17794,5
2856397,39928,6
2856397,47626,7
2856397,39275,8
2856397,21137,9
2856397,4920,10
2856397,44359,11
2856397,45007,12
2856397,34126,13
2856397,44422,14
2856400,48679,1
2856400,27521,2
2856596,5646,1
2856596,24852,2
2856596,47626,3
2856596,49683,4
2856596,21903,5
2856596,39877,6
2856596,47209,7
2856596,44359,8
2856596,28842,9
2857171,46979,1
2857171,40706,2
2857171,34969,3
2857279,35199,1
2857279,33000,2
2857279,32478,3
2857355,12341,1
2857355,9076,2
2857355,30827,3
2857355,43352,4
2857518,37687,1
2857518,20995,2
2857518,35561,3
2857596,9020,1
2857596,8021,2
2857596,41570,3
2857596,13733,4
2857596,26209,5
2857596,47766,6
2857596,24852,7
2857596,890,8
2857596,48697,9
2857596,5818,10
2857930,11520,1
2857930,11005,2
2858634,43352,1
2858634,38768,2
2858735,41950,1
2858735,29311,2
2858760,24852,1
2858760,26604,2
2858760,28204,3
2858760,11777,4
2858760,49235,5
2859460,21903,1
2859460,46709,2
2859460,25005,3
2859551,45066,1
2859551,24852,2
2859551,46676,3
2859551,4920,4
2859551,42265,5
2859551,16797,6
2859551,31683,7
2859760,15290,1
2859760,16953,2
2859760,432,3
2860565,20345,1
2860565,35633,2
2861296,26209,1
2861296,38456,2
2861296,13176,3
2861296,46820,4
2861296,39560,5
2861296,5428,6
2861476,8424,1
2861476,9689,2
2861865,24184,1
2861865,24852,2
2861865,43122,3
2861865,47209,4
2861865,16797,5
2861865,21903,6
2861865,4605,7
2863600,42244,1
2863600,39475,2
2863600,39275,3
2863600,27845,4
2863600,27966,5
2863600,5876,6
2863817,21903,1
2863817,13176,2
2863817,47209,3
2863817,35898,4
2863817,31717,5
2863817,14197,6
2863817,27104,7
2863817,22935,8
2863817,24964,9
2863817,18880,10
2863817,26209,11
2863817,9076,12
2863817,1158,13
2863817,28553,14
2863817,43129,15
2863817,38273,16
2863817,2295,17
2863893,2086,1
2863893,39275,2
2863893,22035,3
2863893,24561,4
2864383,13032,1
2864383,13042,2
2864436,24852,1
2864436,9387,2
2864436,39408,3
2864765,16797,1
2864765,43352,2
2864765,32478,3
2865799,8571,1
2865799,14233,2
2866685,38293,1
2866685,21903,2
2866685,47626,3
2866685,45007,4
2866685,40706,5
2866685,13176,6
2866685,21137,7
2866685,6873,8
2866685,47766,9
2866685,41238,10
2866685,23375,11
2866685,5612,12
2866685,4562,13
2866685,37524,14
2866687,196,1
2866687,13176,2
2866687,12341,3
2866687,890,4
2866687,20955,5
2866821,21903,1
2866821,24852,2
2866821,46979,3
2866821,3957,4
2866821,33055,5
2866821,44359,6
2866821,47209,7
2866821,31066,8
2866893,27903,1
2866893,24186,2
2866893,9623,3
2867107,24852,1
2867107,45066,2
2867107,44375,3
2867107,19660,4
2867107,46667,5
2867107,30290,6
2867107,8021,7
2867277,20754,1
2867277,21903,2
2867277,28985,3
2867277,47766,4
2867277,37065,5
2867277,31717,6
2867277,48679,7
2867997,46562,1
2867997,13032,2
2868191,21137,1
2868191,41220,2
2868191,4562,3
2868191,47209,4
2868191,26940,5
2868191,40706,6
2868945,13176,1
2868945,47630,2
2868945,5450,3
2868945,44632,4
2868945,16797,5
2869113,24852,1
2869113,45066,2
2869113,48395,3
2869997,43504,1
2869997,13176,2
2869997,27730,3
2869997,35221,4
2870090,24852,1
2870090,28204,2
2870090,47766,3
2870090,21903,4
2870090,45007,5
2870090,5134,6
2870561,6184,1
2870561,13176,2
2870561,39408,3
2870561,42265,4
2870588,196,1
2870588,43352,2
2870593,43739,1
2870593,32478,2
2870844,36011,1
2870844,24852,2
2870844,46676,3
2870844,19370,4
2871000,651,1
2871000,21288,2
2871000,19691,3
2871000,21292,4
2871447,25890,1
2871447,24964,2
2871496,196,1
2871496,42731,2
2871496,47141,3
2871496,29529,4
2871496,14252,5
2871716,41276,1
2871716,4920,2
2871716,196,3
2871716,19691,4
2872054,32478,1
2872054,13042,2
2872054,15680,3
2873069,16797,1
2873069,47766,2
2873069,26209,3
2873069,48679,4
2873069,13535,5
2873069,27156,6
2873069,21938,7
2873069,33352,8
2873069,42701,9
2873069,28842,10
2873069,16185,11
2873069,49683,12
2873498,13176,1
2873498,33768,2
2873498,14947,3
2873498,47766,4
2873498,37646,5
2873498,42265,6
2873498,30489,7
2873498,35140,8
2873498,39619,9
2873498,38164,10
2873498,13870,11
2873599,31422,1
2873599,13176,2
2873745,38768,1
2873745,21195,2
2873745,39275,3
2873745,5258,4
2873930,24852,1
2873930,46820,2
2873930,34358,3
2873930,28985,4
2874803,21903,1
2874803,9755,2
2875161,26620,1
2875161,14711,2
2875161,42828,3
2875161,33000,4
2875161,31506,5
2875333,43713,1
2875333,37220,2
2875333,22825,3
2875333,34050,4
2875333,23029,5
2875333,9839,6
2875333,35887,7
2875333,21903,8
2876091,30391,1
2876091,24852,2
2876280,46149,1
2876280,5586,2
2876280,9358,3
2876280,23288,4
2876280,14233,5
2876920,4562,1
2876920,5618,2
2876920,44359,3
2877112,30406,1
2877112,37524,2
2877112,34969,3
2877112,21616,4
2877112,16797,5
2877112,38557,6
2877507,4656,1
2877507,5450,2
2877507,39162,3
2877617,5428,1
2877617,5479,2
2877660,2272,1
2877660,2086,2
2878241,24852,1
2878241,47766,2
2878241,29987,3
2878241,4920,4
2878241,8239,5
2878241,42736,6
2878241,34466,7
2878241,34969,8
2878241,40396,9
2878241,27344,10
2878404,13176,1
2878404,6184,2
2878404,25146,3
2878404,21137,4
2878404,8048,5
2878404,39275,6
2878500,18656,1
2878500,33731,2
2878500,34358,3
2878500,21616,4
2878681,17794,1
2878681,15937,2
2878681,47000,3
2878950,8859,1
2878950,29628,2
2879035,28204,1
2879035,9387,2
2879934,8859,1
2879934,13176,2
2879934,43739,3
2880144,40709,1
2880144,47866,2
2881175,29270,1
2881175,20084,2
2881644,31651,1
2881644,37710,2
2881644,32455,3
2881644,45051,4
2881896,12872,1
2881896,47766,2
2881896,19660,3
2881896,28934,4
2881896,35108,5
2881896,35986,6
2882998,48679,1
2882998,44910,2
2882998,38293,3
2882998,4605,4
2882998,22034,5
2883045,20955,1
2883045,31343,2
2883116,49192,1
2883116,13176,2
2883116,12576,3
2883116,21709,4
2883116,45747,5
2883116,27548,6
2883116,42265,7
2883116,13646,8
2883116,45066,9
2883116,29370,10
2883270,32573,1
2883270,24852,2
2883626,16797,1
2883626,4920,2
2883626,28199,3
2883626,24852,4
2883626,30489,5
2883626,27086,6
2883626,43961,7
2884963,14419,1
2884963,19660,2
2885674,46979,1
2885674,4562,2
2886168,31981,1
2886168,37215,2
2886168,38739,3
2887052,13176,1
2887052,25931,2
2887052,34969,3
2887052,7503,4
2887052,3957,5
2887052,36735,6
2887464,43662,1
2887464,18918,2
2888072,44632,1
2888072,47209,2
2888072,41950,3
2888072,13852,4
2888083,22035,1
2888083,41220,2
2888083,21616,3
2888083,24852,4
2888083,37646,5
2888083,42450,6
2888083,2238,7
2888552,31066,1
2888552,13212,2
2888552,46041,3
2889751,31343,1
2889751,11759,2
2889838,4210,1
2889838,27966,2
2890413,196,1
2890413,21195,2
2891201,49235,1
2891201,6475,2
2891201,33198,3
2891364,43352,1
2891364,42265,2
2891364,21137,3
2891600,14233,1
2891600,19660,2
2891877,13535,1
2891877,30489,2
2891877,47626,3
2891877,26209,4
2891877,19051,5
2891877,33647,6
2892018,21137,1
2892018,21288,2
2892018,10246,3
2892018,260,4
2892018,36107,5
2892190,1194,1
2892190,47209,2
2892190,24852,3
2892190,35140,4
2892190,45066,5
2892190,17794,6
2892190,3464,7
2892190,43768,8
2892190,41950,9
2892190,45007,10
2892408,14233,1
2892408,5212,2
2892408,25305,3
2892408,28745,4
2892408,11140,5
2893401,17795,1
2893401,26369,2
2893401,38273,3
2893401,24852,4
2894408,13176,1
2894408,43352,2
2894408,21288,3
2894582,13176,1
2894582,17122,2
2894582,4920,3
2894811,48812,1
2894811,27845,2
2894811,12341,3
2894811,39275,4
2894844,24009,1
2894844,44910,2
2894844,8671,3
2894844,5818,4
2894844,34358,5
2894844,27243,6
2895817,39877,1
2895817,40706,2
2895817,15290,3
2895817,27966,4
2895817,27325,5
2896211,46061,1
2896211,37710,2
2896268,21938,1
2896268,7021,2
2896268,23288,3
2896350,43961,1
2896350,30391,2
2896350,44359,3
2896350,10749,4
2896350,30489,5
2896350,44560,6
2896350,47209,7
2896350,21267,8
2896350,27966,9
2896350,38944,10
2896565,35163,1
2896565,44359,2
2896565,24964,3
2896565,8424,4
2896565,33000,5
2896565,13176,6
2896593,43154,1
2896593,12427,2
2896898,27845,1
2896898,25138,2
2896898,14161,3
2896898,9839,4
2896923,5621,1
2896923,44449,2
2896923,24184,3
2896923,40706,4
2897167,38300,1
2897167,196,2
2897917,196,1
2897917,19660,2
2897917,40199,3
2897952,26317,1
2897952,35004,2
2897952,24852,3
2898089,43352,1
2898089,39275,2
2898089,21288,3
2898089,37687,4
2898950,21903,1
2898950,25824,2
2898950,21616,3
2898950,432,4
2898950,30450,5
2899046,27966,1
2899046,26604,2
2899046,39275,3
2899046,28204,4
2899046,22825,5
2899046,10,6
2899046,5240,7
2899046,26790,8
2899107,30233,1
2899107,12456,2
2899107,37067,3
2899107,44632,4
2899107,21709,5
2899919,47977,1
2899919,42972,2
2899919,49520,3
2899919,7693,4
2899919,1831,5
2900012,27086,1
2900012,27845,2
2900012,3376,3
2900012,21903,4
2900012,9839,5
2900012,41588,6
2900012,22035,7
2900012,42265,8
2900012,27243,9
2900281,5450,1
2900281,5876,2
2900281,41658,3
2900281,39947,4
2900281,25890,5
2900281,15613,6
2900281,2326,7
2900281,24184,8
2900281,49683,9
2900281,3464,10
2900281,21137,11
2900281,40706,12
2900281,34262,13
2900281,8138,14
2900595,35951,1
2900595,21019,2
2900595,43262,3
2900595,1194,4
2900779,11422,1
2900779,34243,2
2900779,49235,3
2900779,46667,4
2900779,27966,5
2900779,24852,6
2900779,21903,7
2901559,32478,1
2901559,18023,2
2901559,22802,3
2901559,38928,4
2901559,196,5
2901559,46149,6
2901559,3298,7
2901559,13042,8
2901559,31102,9
2901559,35951,10
2902472,31268,1
2902472,34658,2
2902472,49235,3
2902472,8479,4
2903389,34050,1
2903389,25691,2
2903443,15424,1
2903443,41290,2
2903443,18610,3
2903443,4138,4
2905210,5785,1
2905210,13176,2
2905210,5077,3
2905210,22935,4
2905210,32655,5
2905210,46667,6
2905210,8277,7
2905210,21938,8
2905210,15290,9
2905210,13212,10
2905210,28842,11
2905210,18234,12
2905478,47209,1
2905478,22935,2
2906223,5618,1
2906223,46667,2
2906223,24964,3
2906223,31717,4
2906223,41950,5
2906223,31343,6
2906223,42701,7
2906223,28985,8
2906223,21903,9
2906223,48679,10
2906223,27156,11
2906223,24184,12
2906223,26209,13
2906223,48775,14
2906440,22035,1
2906440,17948,2
2907836,9020,1
2907836,46979,2
2907836,581,3
2907836,5161,4
2907836,37053,5
2907880,25466,1
2907880,26209,2
2907880,42356,3
2907880,29307,4
2907880,21405,5
2907880,23540,6
2907880,47209,7
2907889,35951,1
2907889,33810,2
2907966,48812,1
2907966,7948,2
2907966,33000,3
2908201,39275,1
2908201,22362,2
2908201,41400,3
2908201,20955,4
2908201,46129,5
2908201,196,6
2908201,40199,7
2908246,40939,1
2908246,20940,2
2908402,21288,1
2908402,21137,2
2908402,39275,3
2909621,24852,1
2909621,47766,2
2909621,6475,3
2909621,34050,4
2909621,25890,5
2909621,35887,6
2909621,5646,7
2909621,44632,8
2909621,21709,9
2909621,35898,10
2910822,40174,1
2910822,11136,2
2910822,18618,3
2910822,37276,4
2911295,30233,1
2911295,6348,2
2911295,37011,3
2911295,44359,4
2911295,18918,5
2911530,27344,1
2911530,49075,2
2911530,5450,3
2911530,40706,4
2911530,23579,5
2911530,33716,6
2911530,5250,7
2911530,22035,8
2911878,13176,1
2911878,45007,2
2911878,8021,3
2911878,8518,4
2911878,47042,5
2911878,43122,6
2911878,26604,7
2911878,34358,8
2911878,31338,9
2912622,27521,1
2912622,5876,2
2912622,34126,3
2912622,26209,4
2912622,31717,5
2912622,34243,6
2912622,8021,7
2912759,25767,1
2912759,19478,2
2912759,5134,3
2912759,27845,4
2912759,29898,5
2912759,21137,6
2912759,43122,7
2912759,651,8
2912759,30290,9
2913208,5025,1
2913208,2078,2
2913288,24799,1
2913288,39275,2
2913288,23576,3
2913288,37029,4
2913288,24830,5
2913288,10385,6
2913644,13575,1
2913644,6184,2
2913850,19734,1
2913850,27652,2
2913870,35628,1
2913870,9515,2
2914275,19006,1
2914275,30489,2
2914275,24852,3
2914275,33768,4
2914422,46676,1
2914422,28373,2
2915584,3957,1
2915584,43295,2
2915584,19677,3
2915584,16521,4
2915584,4462,5
2915584,23029,6
2915584,21903,7
2915584,33120,8
2915584,16616,9
2916044,13176,1
2916044,21137,2
2916044,18465,3
2916044,19678,4
2916044,14462,5
2916044,47209,6
2916351,1940,1
2916351,27548,2
2916351,24852,3
2917051,5479,1
2917051,21903,2
2917164,27966,1
2917164,21137,2
2917243,13176,1
2917243,16797,2
2919189,21616,1
2919189,27845,2
2919592,38768,1
2919592,39275,2
2919655,8048,1
2919655,43352,2
2919655,4920,3
2919655,43154,4
2919937,21195,1
2919937,1957,2
2919992,47144,1
2919992,32740,2
2919992,7781,3
2920608,26348,1
2920608,40939,2
2920875,32734,1
2920875,5994,2
2920875,37220,3
2920875,18362,4
2920875,21137,5
2920875,27845,6
2920875,45066,7
2921237,2078,1
2921237,9515,2
2921237,14947,3
2921237,44987,4
2921570,23375,1
2921570,45007,2
2921570,4799,3
2921570,33731,4
2921570,9076,5
2921570,39475,6
2921570,16965,7
2921943,41220,1
2921943,42244,2
2921943,14778,3
2921943,38622,4
2922449,13424,1
2922449,21195,2
2922449,31759,3
2922449,41400,4
2922449,13176,5
2922621,14852,1
2922621,13176,2
2922621,47766,3
2922621,45603,4
2922800,33647,1
2922800,11461,2
2923932,26209,1
2923932,5876,2
2923932,30391,3
2923932,21903,4
2924406,24852,1
2924406,33754,2
2924406,23734,3
2924406,33787,4
2926993,8859,1
2926993,33198,2
2927327,9387,1
2927327,37646,2
2927418,5876,1
2927418,9839,2
2927418,46979,3
2927418,4920,4
2927418,9076,5
2927744,11281,1
2927744,48946,2
2927744,16965,3
2927876,39275,1
2927876,21137,2
2927969,28601,1
2927969,22825,2
2927969,30391,3
2927969,37766,4
2928493,13176,1
2928493,8571,2
2928493,17924,3
2928493,19660,4
2928493,12341,5
2928493,19691,6
2929079,4920,1
2929079,6184,2
2929161,22935,1
2929161,1244,2
2929161,45007,3
2929161,47209,4
2929161,47042,5
2929161,13176,6
2929749,5612,1
2929749,27086,2
2930133,37687,1
2930133,24852,2
2930321,12206,1
2930321,13176,2
2930321,14999,3
2930321,19677,4
2930321,34969,5
2930321,43772,6
2930321,45,7
2930321,44142,8
2930321,24184,9
2930321,21938,10
2930321,9092,11
2930321,19348,12
2930321,9018,13
2930321,9076,14
2930475,22035,1
2930475,32864,2
2930475,37067,3
2930475,37646,4
2930475,49683,5
2930475,30489,6
2930475,11422,7
2930482,21137,1
2930482,4920,2
2930509,37215,1
2930509,14999,2
2930942,5450,1
2930942,45066,2
2930942,34584,3
2930942,27966,4
2930942,9421,5
2930942,23029,6
2930942,24852,7
2930942,21137,8
2930942,24964,9
2930942,5652,10
2930942,46979,11
2931336,196,1
2931336,26348,2
2931336,37710,3
2931643,37687,1
2931643,5450,2
2931738,24852,1
2931738,16797,2
2931738,42244,3
2931738,34590,4
2932985,8859,1
2932985,27729,2
2932985,8174,3
2933113,2536,1
2933113,31231,2
2933113,11123,3
2933215,24852,1
2933215,47626,2
2933215,39180,3
2933215,23650,4
2933215,28985,5
2933215,26209,6
2933215,8424,7
2933215,29675,8
2933215,41787,9
2933215,21903,10
2933215,41290,11
2933215,31683,12
2933215,38273,13
2933861,19660,1
2933861,5258,2
2933861,7781,3
2933973,19057,1
2933973,13431,2
2934091,605,1
2934091,38739,2
2934091,37067,3
2934091,16349,4
2934091,8193,5
2934091,47042,6
2934091,7948,7
2934091,41273,8
2934091,5068,9
2934124,48812,1
2934124,21137,2
2934205,20940,1
2934205,42265,2
2934641,44632,1
2934641,28934,2
2934641,16185,3
2934641,20114,4
2934974,36051,1
2934974,33198,2
2934974,46149,3
2934974,18023,4
2934974,14233,5
2935069,35951,1
2935069,8048,2
2935069,33120,3
2935455,21137,1
2935455,27966,2
2935523,13176,1
2935523,12341,2
2935697,27966,1
2935697,12341,2
2935697,39275,3
2935883,28985,1
2935883,9076,2
2935883,47144,3
2935898,44632,1
2935898,35221,2
2935898,21709,3
2935898,26620,4
2935898,49191,5
2935898,14947,6
2935898,49520,7
2935898,35989,8
2935898,22556,9
2935898,31964,10
2936134,39993,1
2936134,26604,2
2936134,44987,3
2936134,45290,4
2936241,35221,1
2936241,47766,2
2936241,27845,3
2936241,14084,4
2936241,16797,5
2936241,26209,6
2936241,3896,7
2936241,4920,8
2936241,43961,9
2936241,21376,10
2936241,17652,11
2936241,18200,12
2936241,33000,13
2936368,21195,1
2936368,4149,2
2936368,21903,3
2936470,25753,1
2936470,20512,2
2936470,24024,3
2936470,23734,4
2936470,22802,5
2936907,8277,1
2936907,24852,2
2937353,25890,1
2937353,25146,2
2937353,47626,3
2937353,27845,4
2937353,42736,5
2937353,44570,6
2937353,45007,7
2937353,4605,8
2937353,8006,9
2937550,43961,1
2937550,2825,2
2937550,26629,3
2937550,24838,4
2937550,17872,5
2937550,18337,6
2937550,37067,7
2937550,44570,8
2937550,24184,9
2937550,21938,10
2937550,16965,11
2937913,20995,1
2937913,18918,2
2937913,13870,3
2937913,18479,4
2938191,11520,1
2938191,45066,2
2938191,4472,3
2938191,22556,4
2938191,27663,5
2938470,42265,1
2938470,38777,2
2938470,10385,3
2938470,30489,4
2938470,19051,5
2938470,39877,6
2938470,37646,7
2938470,43122,8
2938470,26317,9
2938707,40706,1
2938707,4920,2
2938707,24852,3
2938707,24838,4
2938707,25466,5
2938707,46969,6
2938707,31964,7
2938707,14218,8
2938707,9076,9
2939375,47209,1
2939375,2078,2
2939375,14233,3
2939539,46979,1
2939539,21616,2
2939539,21903,3
2939539,15290,4
2939539,15261,5
2939563,27104,1
2939563,21137,2
2939563,13176,3
2939563,11182,4
2939563,6046,5
2939563,33120,6
2939563,2450,7
2939563,28289,8
2939563,48745,9
2939563,43295,10
2939836,24838,1
2939836,24852,2
2939836,8277,3
2939836,47630,4
2939836,19348,5
2939836,32429,6
2939927,42803,1
2939927,39922,2
2940377,44570,1
2940377,3464,2
2941563,8955,1
2941563,47626,2
2941563,34126,3
2941563,11182,4
2941563,5652,5
2941654,5612,1
2941654,22849,2
2941654,27104,3
2941654,24852,4
2941654,42244,5
2941654,28204,6
2941654,40571,7
2941654,33787,8
2941654,4957,9
2941654,19019,10
2941840,13176,1
2941840,47626,2
2941840,26209,3
2941840,27086,4
2941840,45007,5
2941840,5450,6
2941840,43789,7
2941849,23288,1
2941849,21195,2
2942284,13259,1
2942284,16797,2
2942284,13575,3
2942284,26088,4
2942284,42265,5
2943385,44292,1
2943385,3873,2
2943385,3957,3
2943449,35561,1
2943449,196,2
2943602,21709,1
2943602,39491,2
2943602,20114,3
2943800,14233,1
2943800,14947,2
2945008,48370,1
2945008,13176,2
2945008,859,3
2945282,22935,1
2945282,27521,2
2945282,47626,3
2945282,24852,4
2945282,45007,5
2945282,40706,6
2945282,40604,7
2945282,30450,8
2945282,40545,9
2945282,24838,10
2945282,44632,11
2945282,35221,12
2945282,36550,13
2945282,19370,14
2945282,19508,15
2945282,42768,16
2945282,48745,17
2945375,37710,1
2945375,12427,2
2945467,30720,1
2945467,21573,2
2945467,21903,3
2945467,31506,4
2945601,45066,1
2945601,8174,2
2945601,24852,3
2945601,39928,4
2945601,13829,5
2945601,35221,6
2945720,18465,1
2945720,4920,2
2945720,47626,3
2945720,21903,4
2945720,28745,5
2945748,43352,1
2945748,21288,2
2945748,39275,3
2945748,38768,4
2945748,20955,5
2945748,42265,6
2946032,38928,1
2946032,32455,2
2946032,3298,3
2946032,8571,4
2946214,21903,1
2946214,48679,2
2946214,13212,3
2946214,42736,4
2946214,47626,5
2946436,24852,1
2946436,47766,2
2946436,47626,3
2946436,11777,4
2946436,25931,5
2946555,21195,1
2946555,40939,2
2946555,43352,3
2946555,39275,4
2946607,15424,1
2946607,25146,2
2946607,42719,3
2946607,33439,4
2947499,44910,1
2947499,47209,2
2947707,6184,1
2947707,31651,2
2947707,46149,3
2947707,11266,4
2947707,40063,5
2947707,21572,6
2948951,47912,1
2948951,24852,2
2948951,20082,3
2948951,49235,4
2948967,38768,1
2948967,13535,2
2949953,42240,1
2949953,9076,2
2950792,21137,1
2950792,39275,2
2950792,13176,3
2950792,21903,4
2950792,12341,5
2950792,8048,6
2951827,20995,1
2951827,42265,2
2951827,47766,3
2952215,47766,1
2952215,24184,2
2952215,41220,3
2952215,4799,4
2952215,46667,5
2952215,35939,6
2952215,49683,7
2952215,26209,8
2952215,4605,9
2952215,22849,10
2952623,9515,1
2952623,21137,2
2952623,47626,3
2952623,49683,4
2952623,8424,5
2952623,34126,6
2952623,47766,7
2952623,16185,8
2952623,39430,9
2952623,35887,10
2952623,26317,11
2952804,25659,1
2952804,20995,2
2952804,11182,3
2952804,9020,4
2952804,11520,5
2952804,13176,6
2952805,41950,1
2952805,47209,2
2952805,3464,3
2953904,32141,1
2953904,15424,2
2953904,44375,3
2953904,48015,4
2954032,3583,1
2954032,25466,2
2954032,21709,3
2954032,26620,4
2954032,35221,5
2954172,36735,1
2954172,44292,2
2954172,22849,3
2956310,20114,1
2956310,46667,2
2956310,4086,3
2956359,22935,1
2956359,41950,2
2956359,44471,3
2956359,18465,4
2956359,30391,5
2956359,42768,6
2956444,41400,1
2956444,32455,2
2957035,24852,1
2957035,9387,2
2957035,4210,3
2957035,6104,4
2958000,10644,1
2958000,23375,2
2958000,38383,3
2958000,21938,4
2958125,21903,1
2958125,9598,2
2958125,23165,3
2958125,21405,4
2958125,21137,5
2958125,37067,6
2958125,44632,7
2958125,42701,8
2958125,27845,9
2958125,5876,10
2958125,26209,11
2958125,18465,12
2958190,4462,1
2958190,28849,2
2958190,34658,3
2958190,3098,4
2958598,196,1
2958598,4724,2
2959049,30021,1
2959049,36316,2
2959754,25890,1
2959754,31506,2
2959754,40396,3
2959754,26209,4
2959754,33731,5
2959754,24852,6
2959754,21137,7
2959754,47672,8
2959960,19660,1
2959960,18963,2
2960217,5194,1
2960217,21709,2
2960217,49520,3
2960217,13176,4
2960334,34969,1
2960334,24838,2
2961187,8859,1
2961187,24852,2
2961187,5876,3
2961187,12312,4
2961235,13176,1
2961235,22802,2
2961500,34862,1
2961500,38185,2
2961500,33651,3
2961689,30233,1
2961689,5876,2
2962218,48679,1
2962218,46979,2
2962218,10749,3
2962517,37067,1
2962517,7781,2
2962517,43961,3
2962517,40706,4
2963112,12341,1
2963112,16797,2
2963112,43352,3
2963112,21288,4
2963112,13176,5
2963112,39275,6
2963112,21292,7
2963175,45603,1
2963175,27966,2
2963175,13819,3
2963175,38456,4
2963231,26165,1
2963231,31964,2
2963273,14947,1
2963273,14233,2
2963273,43713,3
2963273,17758,4
2963353,39180,1
2963353,35108,2
2963353,37646,3
2963353,21137,4
2963353,27966,5
2963353,27104,6
2963353,19048,7
2963353,38739,8
2963353,3896,9
2963353,13431,10
2963540,1999,1
2963540,9092,2
2963827,22935,1
2963827,13733,2
2963827,39275,3
2963827,16797,4
2963827,30406,5
2963827,46979,6
2963827,23909,7
2963827,24009,8
2963872,24852,1
2963872,23543,2
2963872,5450,3
2963872,19048,4
2963937,13198,1
2963937,4367,2
2964782,45007,1
2964782,42585,2
2964782,26209,3
2964782,31717,4
2964782,43961,5
2964782,12576,6
2964782,45645,7
2964782,27845,8
2964873,24024,1
2964873,49235,2
2964886,21938,1
2964886,8518,2
2964886,24964,3
2964886,38889,4
2965003,30827,1
2965003,12606,2
2965233,260,1
2965233,13176,2
2965233,22035,3
2965233,33407,4
2965304,3957,1
2965304,36036,2
2965517,21903,1
2965517,329,2
2965517,38689,3
2965517,24852,4
2965517,18891,5
2965517,12341,6
2965517,28535,7
2965517,44449,8
2965517,19678,9
2965517,22395,10
2965589,4658,1
2965589,34335,2
2965589,30391,3
2965621,34050,1
2965621,25890,2
2965621,5212,3
2965875,15424,1
2965875,5794,2
2965875,47977,3
2965875,39947,4
2965875,1831,5
2965875,47877,6
2965978,34584,1
2965978,21903,2
2965978,44632,3
2966197,38656,1
2966197,5322,2
2966197,17224,3
2966392,35921,1
2966392,44014,2
2966392,38400,3
2966392,39993,4
2966392,17795,5
2966392,24852,6
2966789,10017,1
2966789,27845,2
2966789,21137,3
2966789,45007,4
2966789,43122,5
2966789,1700,6
2966789,9839,7
2966789,27104,8
2966789,39275,9
2966789,22935,10
2966789,37103,11
2966789,38650,12
2966789,39475,13
2966789,26604,14
2966789,16525,15
2966789,46654,16
2966789,43961,17
2966816,3957,1
2966816,38159,2
2966816,19660,3
2966890,13176,1
2966890,8571,2
2966923,38928,1
2966923,41276,2
2967234,5479,1
2967234,35547,2
2967234,34969,3
2967234,29077,4
2967234,49683,5
2967234,41787,6
2967234,8021,7
2967234,39877,8
2967234,45066,9
2967284,40199,1
2967284,11266,2
2967284,12427,3
2967553,24852,1
2967553,45066,2
2967553,28985,3
2967553,30720,4
2967553,34243,5
2967611,17122,1
2967611,34466,2
2967802,7781,1
2967802,42193,2
2968135,36051,1
2968135,48532,2
2968373,42244,1
2968373,5612,2
2968373,33846,3
2968373,16797,4
2968373,8174,5
2968373,6046,6
2968373,37687,7
2968512,19348,1
2968512,16797,2
2968512,30391,3
2968512,25513,4
2968512,34565,5
2968512,7559,6
2968512,6187,7
2968512,41844,8
2968512,11777,9
2968512,22825,10
2968512,13517,11
2968512,25753,12
2968512,8424,13
2968512,22935,14
2968512,24184,15
2968838,19660,1
2968838,16953,2
2969509,12456,1
2969509,19048,2
2969509,18918,3
2970270,11520,1
2970270,21903,2
2970270,37067,3
2970270,27845,4
2970270,24964,5
2970270,28156,6
2970270,21010,7
2970270,15872,8
2970880,44683,1
2970880,46979,2
2970880,45200,3
2970880,45007,4
2970880,41065,5
2970880,17794,6
2970880,28985,7
2970880,11182,8
2970880,29127,9
2971181,8571,1
2971181,35336,2
2971181,30720,3
2971406,6046,1
2971406,8518,2
2971406,32864,3
2971919,27104,1
2971919,4605,2
2971919,13176,3
2971919,27845,4
2971919,31683,5
2972142,28204,1
2972142,46676,2
2972643,21376,1
2972643,19068,2
2972643,5077,3
2972643,24852,4
2972643,28204,5
2972643,39581,6
2972643,21616,7
2973029,44142,1
2973029,26209,2
2973029,28842,3
2973029,38739,4
2973029,39993,5
2973240,44987,1
2973240,3298,2
2973240,21137,3
2973353,26405,1
2973353,21288,2
2973471,24852,1
2973471,6948,2
2973471,43961,3
2973471,49533,4
2973562,17122,1
2973562,37687,2
2973810,21137,1
2973810,39275,2
2973810,27966,3
2973810,38739,4
2973810,26604,5
2973810,5876,6
2973810,31717,7
2973810,31553,8
2973810,47734,9
2973810,34126,10
2973810,49383,11
2973810,13176,12
2974527,12427,1
2974527,37710,2
2974527,39657,3
2974905,34358,1
2974905,35217,2
2974905,12206,3
2974905,40706,4
2974905,43789,5
2974905,21616,6
2974905,2295,7
2974905,24184,8
2974905,47766,9
2975100,1891,1
2975100,26384,2
2975100,27325,3
2975100,5479,4
2975100,44910,5
2975100,4210,6
2975549,42803,1
2975549,40878,2
2975549,5212,3
2975549,26790,4
2976143,21903,1
2976143,33768,2
2976143,21288,3
2976143,43352,4
2976143,39275,5
2976192,9138,1
2976192,15261,2
2976192,39812,3
2976192,29662,4
2976192,13733,5
2976192,2228,6
2976192,29603,7
2976192,13984,8
2976192,27966,9
2976192,28842,10
2976192,30391,11
2976192,22935,12
2976192,40604,13
2976332,19348,1
2976332,27086,2
2976346,21267,1
2976346,17862,2
2976346,35108,3
2976346,44910,4
2976346,28289,5
2976346,21872,6
2976346,4799,7
2976531,14127,1
2976531,33198,2
2976531,8518,3
2976931,49683,1
2976931,26369,2
2976931,13176,3
2976931,26209,4
2976931,28204,5
2976931,22825,6
2976931,4920,7
2976931,42736,8
2976931,23734,9
2976931,35951,10
2976931,16185,11
2976931,17600,12
2976931,6187,13
2976931,45603,14
2976931,28934,15
2978655,39275,1
2978655,2326,2
2978655,21137,3
2978723,15424,1
2978723,14233,2
2978723,45599,3
2978723,34969,4
2978723,26209,5
2979311,21137,1
2979311,27966,2
2979311,13176,3
2979311,15290,4
2979311,43768,5
2979311,33754,6
2979311,4957,7
2979311,34358,8
2979311,25890,9
2979311,26604,10
2979342,42768,1
2979342,5258,2
2979838,5876,1
2979838,12456,2
2979838,27845,3
2979838,30391,4
2979838,42828,5
2980150,27243,1
2980150,17794,2
2980150,27845,3
2980150,31927,4
2980271,31683,1
2980271,34969,2
2980460,44359,1
2980460,30391,2
2980460,27521,3
2980460,31717,4
2980460,41950,5
2980460,19678,6
2980460,23165,7
2980460,34243,8
2980652,31915,1
2980652,6489,2
2980713,42500,1
2980713,18023,2
2981425,38273,1
2981425,49533,2
2981425,46667,3
2983483,1160,1
2983483,42110,2
2984009,34466,1
2984009,44683,2
2984239,24964,1
2984239,9327,2
2984239,23165,3
2984239,8955,4
2984239,13212,5
2984239,28785,6
2984239,44628,7
2984239,40516,8
2984239,35547,9
2984239,47766,10
2984239,24852,11
2984239,19048,12
2984449,48697,1
2984449,14992,2
2984449,46720,3
2984449,14947,4
2984449,11520,5
2984449,27086,6
2985098,24852,1
2985098,43961,2
2985098,4210,3
2985579,6184,1
2985579,43154,2
2986068,47766,1
2986068,42504,2
2986068,21938,3
2986068,8424,4
2986068,24852,5
2986068,45007,6
2986068,42585,7
2986068,12872,8
2986068,25890,9
2986068,49075,10
2986068,30489,11
2986068,42265,12
2986358,32655,1
2986358,48628,2
2986358,2326,3
2986358,24852,4
2986428,23288,1
2986428,24852,2
2986428,27086,3
2986428,32578,4
2986428,24489,5
2986428,2228,6
2986428,46802,7
2987001,30391,1
2987001,40706,2
2987159,14678,1
2987159,14129,2
2987159,27966,3
2987640,13176,1
2987640,44422,2
2987640,44632,3
2987640,31506,4
2987640,27156,5
2987640,5818,6
2987640,21938,7
2987640,47766,8
2987640,16349,9
2989412,42265,1
2989412,8277,2
2989412,26800,3
2989412,21903,4
2989412,47209,5
2989412,5785,6
2989412,33000,7
2989412,13852,8
2989412,11520,9
2989412,40706,10
2989592,19173,1
2989592,24852,2
2989592,4920,3
2989592,45104,4
2989592,13829,5
2989592,47766,6
2989592,21903,7
2989592,40706,8
2990348,13535,1
2990348,35004,2
2990348,8277,3
2990348,5785,4
2990348,18523,5
2990348,30391,6
2990348,21903,7
2990348,26209,8
2990348,21137,9
2990348,47209,10
2990348,32655,11
2991153,13629,1
2991153,45504,2
2991153,11520,3
2991153,22504,4
2991153,18382,5
2991153,34358,6
2991153,8518,7
2991153,29662,8
2991153,30391,9
2991153,33636,10
2991153,46667,11
2991153,45063,12
2991181,19660,1
2991181,196,2
2991181,5258,3
2991805,26209,1
2991805,20114,2
2992167,30233,1
2992167,7963,2
2992167,13176,3
2992167,47209,4
2992167,22825,5
2992167,34688,6
2992549,16797,1
2992549,34969,2
2992851,43154,1
2992851,13176,2
2992851,25146,3
2992851,43352,4
2994584,24852,1
2994584,16797,2
2994602,23516,1
2994602,35108,2
2994602,39812,3
2994602,43192,4
2994602,46616,5
2994761,35108,1
2994761,24852,2
2994761,29447,3
2994761,21903,4
2994761,32734,5
2994761,31927,6
2994761,32655,7
2994761,11422,8
2994850,45066,1
2994850,24852,2
2994850,15613,3
2994850,19660,4
2994850,21709,5
2994850,28476,6
2995860,16797,1
2995860,12341,2
2996720,13176,1
2996720,31651,2
2997029,21903,1
2997029,9387,2
2997029,21137,3
2997029,432,4
2997029,24852,5
2997029,21616,6
2997164,5876,1
2997164,41665,2
2997164,26165,3
2997399,24852,1
2997399,42265,2
2997399,16797,3
2997399,44479,4
2997399,44765,5
2997804,13176,1
2997804,24489,2
2997804,46969,3
2997804,5479,4
2997903,42265,1
2997903,16797,2
2997903,4920,3
2997903,45537,4
2997903,24852,5
2997903,28204,6
2997903,49683,7
2997903,11068,8
2997903,38622,9
2997903,21009,10
2998300,28535,1
2998300,8138,2
2998300,30391,3
2998300,37220,4
2999524,31651,1
2999524,22802,2
3000158,24964,1
3000158,15261,2
3000158,47626,3
3000709,14233,1
3000709,8859,2
3000709,14419,3
3001028,37158,1
3001028,27966,2
3001028,31992,3
3001028,26604,4
3001028,36772,5
3001028,31231,6
3002329,27548,1
3002329,45066,2
3002329,42265,3
3002329,30489,4
3002465,21386,1
3002465,35140,2
3002465,25931,3
3002470,2086,1
3002470,29801,2
3002720,6046,1
3002720,27156,2
3002720,44422,3
3002720,14553,4
3003856,24009,1
3003856,14678,2
3003964,47766,1
3003964,15290,2
3004396,13176,1
3004396,35951,2
3004396,21137,3
3004396,22963,4
3004396,37646,5
3004396,46584,6
3004396,16759,7
3004396,41950,8
3004396,42828,9
3004396,25753,10
3004396,21903,11
3004396,14462,12
3004396,45007,13
3004396,47209,14
3004396,46979,15
3005348,22362,1
3005348,8571,2
3005348,30827,3
3005348,16797,4
3005348,13176,5
3005439,20955,1
3005439,4149,2
3005513,12341,1
3005513,37710,2
3006320,14715,1
3006320,23288,2
3006320,21573,3
3006617,29503,1
3006617,21131,2
3006898,32655,1
3006898,33000,2
3007039,49030,1
3007039,33768,2
3008002,14233,1
3008002,1194,2
3008002,13245,3
3008049,21137,1
3008049,4149,2
3008058,25890,1
3008058,45007,2
3008058,40706,3
3008058,26940,4
3008058,47626,5
3008058,47766,6
3008062,196,1
3008062,21573,2
3008062,11759,3
3008062,46562,4
3008659,19660,1
3008659,44375,2
3008659,39108,3
3008964,16521,1
3008964,12845,2
3008964,18441,3
3008964,42768,4
3009121,581,1
3009121,24852,2
3009121,5450,3
3009121,38288,4
3009121,39619,5
3009121,26620,6
3009226,890,1
3009226,48812,2
3009312,1158,1
3009312,890,2
3009312,44359,3
3009312,42736,4
3009312,23516,5
3009588,27652,1
3009588,13176,2
3009751,12341,1
3009751,8048,2
3009751,21292,3
3009751,21903,4
3009751,25659,5
3009870,16797,1
3009870,32303,2
3009870,651,3
3010112,44632,1
3010112,26620,2
3010112,22556,3
3011347,36534,1
3011347,6184,2
3011701,42265,1
3011701,25931,2
3011701,35951,3
3011701,38739,4
3011701,6489,5
3012071,19660,1
3012071,35561,2
3012071,39581,3
3012321,46676,1
3012321,47626,2
3012321,9076,3
3012321,21938,4
3012321,45066,5
3012321,21137,6
3012321,29307,7
3012321,45063,8
3012321,7628,9
3012480,21903,1
3012480,4149,2
3012515,32689,1
3012515,21292,2
3012857,47766,1
3012857,1194,2
3012857,6182,3
3012857,47042,4
3012857,28985,5
3012857,44359,6
3012857,22849,7
3012857,39877,8
3012857,13176,9
3012857,21903,10
3012857,30391,11
3012857,19057,12
3012857,1529,13
3013581,38650,1
3013581,26620,2
3013581,31964,3
3013581,2086,4
3015332,27652,1
3015332,47209,2
3015332,19125,3
3015410,47877,1
3015410,49520,2
3015410,49191,3
3015410,20119,4
3015490,13424,1
3015490,9387,2
3015490,21288,3
3016010,24852,1
3016010,4605,2
3016010,21616,3
3016010,21903,4
3016010,14129,5
3016010,34126,6
3016010,26209,7
3016321,13176,1
3016321,28204,2
3016321,19057,3
3016321,38557,4
3016557,5612,1
3016557,5212,2
3017049,34423,1
3017049,6631,2
3017639,43352,1
3017639,4605,2
3017648,5785,1
3017648,49235,2
3017648,7014,3
3017648,17355,4
3018167,13176,1
3018167,35951,2
3018167,27156,3
3018167,12341,4
3019607,33768,1
3019607,21903,2
3019607,6184,3
3019764,196,1
3019764,18441,2
3019933,8859,1
3019933,32650,2
3019933,3957,3
3020182,4920,1
3020182,18465,2
3020182,34262,3
3020182,18471,4
3020182,8230,5
3020628,25890,1
3020628,27104,2
3020628,39812,3
3020628,37067,4
3020628,14992,5
3020911,3952,1
3020911,21137,2
3020911,27966,3
3020911,5785,4
3021224,26165,1
3021224,5479,2
3021224,18389,3
3021224,31801,4
3021786,5479,1
3021786,35221,2
3021786,29926,3
3022798,47209,1
3022798,46906,2
3023149,43154,1
3023149,43631,2
3023149,10032,3
3023149,34024,4
3023149,15424,5
3023376,35199,1
3023376,44987,2
3023376,11422,3
3023376,45123,4
3023376,28745,5
3023376,28199,6
3023376,38650,7
3023376,49683,8
3023609,45066,1
3023609,4605,2
3023609,34466,3
3025582,47209,1
3025582,13176,2
3025582,24489,3
3025582,42110,4
3025582,48642,5
3025582,39561,6
3025582,17652,7
3025582,22556,8
3025582,42265,9
3025582,15872,10
3025582,5876,11
3025582,39928,12
3026891,45066,1
3026891,27966,2
3026891,7781,3
3028122,16797,1
3028122,6184,2
3028122,21572,3
3028657,46979,1
3028657,13176,2
3028749,37229,1
3028749,21849,2
3028869,49235,1
3028869,21137,2
3028869,8277,3
3028869,26940,4
3028869,30169,5
3028869,26209,6
3028869,27156,7
3029137,31215,1
3029137,22935,2
3029137,49175,3
3029137,43961,4
3030409,35628,1
3030409,33055,2
3030409,24852,3
3030409,37276,4
3030409,21137,5
3031133,16797,1
3031133,43352,2
3031133,41290,3
3031133,43967,4
3031133,22959,5
3031716,39408,1
3031716,29487,2
3031716,24852,3
3031923,29987,1
3031923,15290,2
3031923,21938,3
3031923,8424,4
3031923,5818,5
3031923,29487,6
3032557,39275,1
3032557,37067,2
3032557,15872,3
3032557,27966,4
3033246,9411,1
3033246,3873,2
3033548,24852,1
3033548,33401,2
3033548,18811,3
3033591,11182,1
3033591,24852,2
3033591,44359,3
3033591,22935,4
3033591,23165,5
3033591,39558,6
3033591,24964,7
3034338,13176,1
3034338,29447,2
3034338,42265,3
3034338,27156,4
3034338,14678,5
3034338,21137,6
3034429,13424,1
3034429,46149,2
3034429,196,3
3034429,43352,4
3035277,14715,1
3035277,21195,2
3036094,41950,1
3036094,31915,2
3036094,37646,3
3036192,31102,1
3036192,41276,2
3036220,6184,1
3036220,13176,2
3036220,16797,3
3036220,196,4
3036220,39408,5
3036423,46149,1
3036423,22802,2
3036423,13575,3
3036423,37710,4
3036776,21137,1
3036776,43352,2
3036776,21288,3
3036835,24964,1
3036835,47626,2
3036835,35951,3
3036835,22963,4
3037271,43739,1
3037271,13259,2
3037727,21903,1
3037727,4149,2
3037727,46802,3
3037727,10326,4
3037820,18811,1
3037820,43744,2
3038695,21137,1
3038695,39275,2
3038695,27966,3
3038695,31992,4
3038695,3007,5
3038695,20955,6
3038695,23405,7
3039542,24852,1
3039542,41787,2
3039542,29987,3
3039542,39180,4
3039542,17461,5
3039542,30489,6
3039542,38890,7
3039542,26317,8
3039542,34448,9
3039542,45537,10
3039542,42828,11
3039580,26369,1
3039580,47042,2
3039580,34358,3
3039580,45535,4
3039580,42736,5
3039580,43789,6
3039580,27086,7
3039818,27845,1
3039818,31504,2
3039818,46807,3
3039818,13176,4
3039818,19678,5
3039818,24024,6
3039818,37646,7
3040006,24964,1
3040006,27086,2
3040006,21903,3
3040143,34551,1
3040143,43295,2
3040373,49235,1
3040373,36011,2
3040373,5785,3
3040373,39276,4
3040525,24852,1
3040525,38689,2
3040525,24799,3
3040525,28465,4
3040525,36865,5
3040525,13263,6
3040525,43662,7
3040525,8309,8
3040525,42828,9
3040525,40063,10
3040549,24852,1
3040549,27845,2
3040549,16589,3
3040549,16797,4
3040549,39928,5
3040725,196,1
3040725,48812,2
3040725,5258,3
3040862,26940,1
3040862,48679,2
3040862,19678,3
3040862,16759,4
3041867,37317,1
3041867,30591,2
3041867,32303,3
3041867,32689,4
3041867,33000,5
3041867,32403,6
3041894,12341,1
3041894,13176,2
3041894,4724,3
3042498,37687,1
3042498,33401,2
3042498,47626,3
3042498,38164,4
3042498,15290,5
3042538,31102,1
3042538,47141,2
3042538,24852,3
3042538,432,4
3042538,21709,5
3042538,34862,6
3042538,34160,7
3044063,44449,1
3044063,21938,2
3044063,34658,3
3044209,13176,1
3044209,21137,2
3044209,22935,3
3044209,44422,4
3044209,48679,5
3044209,12341,6
3044260,43352,1
3044260,21288,2
3044301,47626,1
3044301,4605,2
3044301,24964,3
3045532,38739,1
3045532,20955,2
3045532,18721,3
3045999,20940,1
3045999,13042,2
3046170,14127,1
3046170,28204,2
3046170,37646,3
3047004,23909,1
3047004,4210,2
3047004,45948,3
3047740,15680,1
3047740,46149,2
3047814,6182,1
3047814,13176,2
3047814,46906,3
3047814,5876,4
3047814,1999,5
3047845,45051,1
3047845,39657,2
3047845,37710,3
3047962,45603,1
3047962,45007,2
3047962,21616,3
3047962,8955,4
3047962,21903,5
3047962,40604,6
3047962,29077,7
3047962,47626,8
3047962,30480,9
3047962,42768,10
3047962,13535,11
3048700,5769,1
3048700,890,2
3048999,21137,1
3048999,260,2
3048999,14233,3
3048999,16823,4
3049047,44632,1
3049047,4605,2
3049143,44910,1
3049143,21872,2
3049143,11440,3
3049143,23543,4
3049143,17878,5
3049143,19057,6
3049143,1700,7
3049745,27548,1
3049745,10132,2
3050056,21462,1
3050056,34466,2
3050056,15386,3
3050271,42460,1
3050271,24852,2
3050271,12481,3
3050271,23341,4
3050580,28842,1
3050580,21903,2
3050580,21174,3
3050580,45007,4
3050580,48679,5
3050580,25890,6
3050580,27104,7
3050580,24852,8
3050580,29370,9
3050580,16589,10
3050842,47209,1
3050842,26209,2
3050842,35939,3
3050842,31717,4
3050842,45747,5
3050842,12576,6
3050842,24009,7
3050842,35561,8
3050968,24852,1
3050968,49683,2
3050968,11543,3
3050968,21137,4
3050968,8277,5
3050968,16254,6
3050968,37524,7
3050968,16290,8
3050968,19173,9
3050968,27690,10
3050968,2295,11
3050968,4799,12
3050968,42265,13
3050968,39928,14
3050968,11512,15
3050968,18337,16
3051350,33120,1
3051350,13176,2
3051350,5077,3
3051350,5194,4
3051350,38622,5
3051477,21267,1
3051477,46820,2
3051477,5134,3
3051477,24852,4
3051477,13263,5
3051477,36865,6
3051477,43662,7
3052175,46906,1
3052175,28199,2
3052253,37646,1
3052253,27156,2
3052449,44683,1
3052449,35951,2
3052449,34466,3
3052640,40939,1
3052640,16953,2
3053359,33452,1
3053359,24852,2
3054875,19660,1
3054875,30169,2
3054875,28985,3
3054875,21903,4
3054875,31915,5
3054875,43789,6
3054926,27730,1
3054926,27325,2
3055403,8048,1
3055403,4149,2
3055403,13575,3
3055403,42265,4
3056193,19173,1
3056193,37923,2
3056551,44632,1
3056551,20082,2
3056551,13629,3
3056619,42803,1
3056619,8048,2
3057212,22935,1
3057212,29898,2
3057212,15261,3
3057212,5876,4
3058421,25890,1
3058421,4472,2
3058421,21405,3
3059120,21292,1
3059120,37687,2
3059590,41844,1
3059590,27548,2
3059590,40174,3
3059590,13176,4
3059590,47766,5
3059590,21137,6
3059590,26790,7
3059590,40706,8
3059590,37646,9
3059590,22825,10
3059590,20082,11
3059604,11777,1
3059604,44987,2
3060108,21137,1
3060108,19057,2
3060108,22935,3
3060108,3583,4
3060108,13535,5
3060108,46667,6
3060108,36695,7
3060108,44359,8
3060108,49383,9
3060108,39984,10
3060182,14947,1
3060182,48642,2
3060205,651,1
3060205,43352,2
3060205,21288,3
3060205,9076,4
3060807,36127,1
3060807,21137,2
3060807,39408,3
3061148,14715,1
3061148,31651,2
3061246,4562,1
3061246,22035,2
3061246,49683,3
3061246,13263,4
3061412,22935,1
3061412,24184,2
3061412,40706,3
3061412,13629,4
3061412,47766,5
3061412,10017,6
3061412,47626,7
3061998,9138,1
3061998,45066,2
3061998,45603,3
3061998,38730,4
3062747,45066,1
3062747,25890,2
3062747,5258,3
3063278,196,1
3063278,20955,2
3063278,13914,3
3064270,40939,1
3064270,196,2
3064270,42500,3
3064270,37215,4
3064270,25146,5
3065290,16696,1
3065290,10957,2
3066200,23288,1
3066200,44683,2
3066200,38768,3
3067091,45445,1
3067091,13245,2
3067269,20114,1
3067269,40396,2
3067269,48094,3
3067269,33401,4
3067269,37158,5
3067269,5456,6
3067269,42342,7
3067269,6873,8
3067269,43772,9
3067393,12456,1
3067393,21872,2
3067664,39275,1
3067664,14715,2
3068478,13176,1
3068478,49235,2
3068478,4472,3
3069072,13176,1
3069072,39275,2
3069072,18023,3
3069072,5161,4
3069072,196,5
3069072,39657,6
3069072,45051,7
3069072,42500,8
3069072,32455,9
3069072,20955,10
3069231,35951,1
3069231,29127,2
3069436,20940,1
3069436,31651,2
3069553,26369,1
3069553,45646,2
3069553,30391,3
3069569,13176,1
3069569,4149,2
3069628,24852,1
3069628,432,2
3070178,28204,1
3070178,47626,2
3070178,47141,3
3070264,28204,1
3070264,22963,2
3070264,21903,3
3070264,27845,4
3070264,24024,5
3070264,1158,6
3070264,5646,7
3070264,39275,8
3070264,18370,9
3070264,22395,10
3070264,35140,11
3070271,605,1
3070271,26369,2
3070271,24964,3
3070271,48364,4
3070271,31717,5
3070271,47734,6
3070271,26177,7
3070584,6489,1
3070584,14084,2
3070584,38490,3
3070726,41844,1
3070726,46654,2
3070726,31766,3
3071502,5769,1
3071502,44449,2
3071502,21195,3
3071658,14419,1
3071658,9358,2
3072607,24852,1
3072607,33120,2
3072607,11520,3
3072607,47766,4
3072607,4472,5
3072607,30489,6
3072607,33000,7
3072800,6760,1
3072800,19660,2
3073354,28199,1
3073354,28204,2
3073354,24852,3
3073354,27966,4
3073354,12341,5
3073354,26604,6
3073742,25890,1
3073742,49131,2
3073742,24852,3
3073742,27104,4
3074781,27845,1
3074781,11005,2
3074781,25146,3
3074962,22035,1
3074962,42450,2
3074962,6046,3
3075346,13083,1
3075346,13870,2
3075534,27966,1
3075534,18465,2
3075534,22035,3
3075592,38293,1
3075592,45007,2
3075592,16759,3
3075592,21903,4
3075592,21709,5
3075592,39947,6
3075592,8021,7
3075592,35163,8
3075592,30391,9
3075592,34243,10
3075592,24009,11
3075610,26717,1
3075610,19678,2
3075709,16759,1
3075709,31553,2
3076001,44683,1
3076001,9623,2
3076001,4920,3
3076978,36929,1
3076978,21137,2
3077064,24964,1
3077064,33731,2
3077211,280,1
3077211,13575,2
3077211,19660,3
3077211,38300,4
3077211,1957,5
3078669,44142,1
3078669,44632,2
3079443,21195,1
3079443,27156,2
3079443,33198,3
3079630,19125,1
3079630,27966,2
3079630,44375,3
3079630,21137,4
3079630,15872,5
3079630,44570,6
3079630,24852,7
3079630,4920,8
3079630,24954,9
3079630,27344,10
3079630,14399,11
3079630,18200,12
3081327,18531,1
3081327,14678,2
3081327,4656,3
3081327,19691,4
3081899,29447,1
3081899,22825,2
3081899,24852,3
3081899,21903,4
3081899,21137,5
3081899,17794,6
3081942,13176,1
3081942,12341,2
3082128,12341,1
3082128,37687,2
3082128,21903,3
3083003,21292,1
3083003,32689,2
3083003,9358,3
3083072,31102,1
3083072,12606,2
3083102,42265,1
3083102,24852,2
3083102,44632,3
3083102,16185,4
3083102,30450,5
3083102,35951,6
3083102,31506,7
3083102,27344,8
3083102,28985,9
3083102,22142,10
3083102,47766,11
3083102,40604,12
3083493,21903,1
3083493,41950,2
3083493,32655,3
3083493,48364,4
3083493,24852,5
3084242,43295,1
3084242,21872,2
3084242,16797,3
3084299,21174,1
3084299,4799,2
3084299,33120,3
3084299,24830,4
3084564,43352,1
3084564,32478,2
3084564,15200,3
3085155,21709,1
3085155,15200,2
3085155,35108,3
3085155,39560,4
3085155,38164,5
3085754,21292,1
3085754,37317,2
3085804,33065,1
3085804,35842,2
3085804,2120,3
3086834,38890,1
3086834,36070,2
3086890,41319,1
3086890,4605,2
3086890,20114,3
3087386,47042,1
3087386,31717,2
3087386,26209,3
3087658,25890,1
3087658,14992,2
3087658,39619,3
3087658,13198,4
3087658,45646,5
3087864,2295,1
3087864,29487,2
3087864,17600,3
3087864,16797,4
3087864,29675,5
3087864,24830,6
3087864,20114,7
3088592,16647,1
3088592,3873,2
3088721,47766,1
3088721,21616,2
3088721,47626,3
3089045,28476,1
3089045,24852,2
3090250,42736,1
3090250,27966,2
3090250,28842,3
3091225,24852,1
3091225,35108,2
3091225,20512,3
3091225,30720,4
3091225,35163,5
3091225,35535,6
3091225,24009,7
3092095,40706,1
3092095,23288,2
3092095,19660,3
3092401,33731,1
3092401,46979,2
3092401,34126,3
3092401,24964,4
3092401,38164,5
3092401,10644,6
3092830,16797,1
3092830,35951,2
3092830,23909,3
3092830,42244,4
3092830,24852,5
3092830,8174,6
3092987,13629,1
3092987,21903,2
3092987,45104,3
3092987,2078,4
3093364,22959,1
3093364,21616,2
3093364,38557,3
3093364,12206,4
3093364,9839,5
3094065,43713,1
3094065,7963,2
3094093,8048,1
3094093,6184,2
3094093,16797,3
3094242,22802,1
3094242,5258,2
3094848,42265,1
3094848,13176,2
3094848,39877,3
3094848,28199,4
3094869,46616,1
3094869,4461,2
3094869,26165,3
3095532,39275,1
3095532,21903,2
3095827,10957,1
3095827,41406,2
3095827,16696,3
3096412,32303,1
3096412,26348,2
3096412,22362,3
3096734,47141,1
3096734,16696,2
3096734,10957,3
3096734,21131,4
3096734,13944,5
3096976,18926,1
3096976,13176,2
3096976,39408,3
3096976,1940,4
3097658,24852,1
3097658,38739,2
3097658,38456,3
3098331,24852,1
3098331,7736,2
3098642,12427,1
3098642,196,2
3098642,39275,3
3098654,18023,1
3098654,7131,2
3098883,13176,1
3098883,248,2
3098883,35535,3
3098883,35951,4
3098883,27451,5
3099048,16797,1
3099048,43352,2
3099048,21288,3
3099048,38300,4
3099048,21573,5
3099048,39657,6
3100372,12341,1
3100372,30827,2
3100562,24852,1
3100562,45603,2
3100562,48559,3
3100562,1710,4
3100562,16398,5
3100562,45007,6
3100562,8736,7
3100562,38739,8
3100562,33120,9
3100562,30776,10
3100562,43768,11
3100562,43961,12
3100838,22935,1
3100838,34126,2
3100838,26940,3
3101076,32655,1
3101076,13176,2
3101076,8277,3
3101076,30489,4
3101076,27845,5
3101076,5785,6
3101221,43352,1
3101221,26604,2
3101221,24852,3
3101942,3957,1
3101942,31343,2
3101942,13176,3
3101942,2314,4
3101942,47766,5
3101942,47042,6
3101942,33000,7
3101942,18880,8
3101942,27336,9
3101942,22935,10
3102824,31040,1
3102824,48094,2
3102824,4605,3
3102824,29987,4
3102824,12872,5
3102824,22260,6
3102824,21019,7
3103051,19660,1
3103051,9358,2
3103051,43352,3
3103051,39275,4
3103051,48812,5
3103082,37552,1
3103082,14766,2
3103082,8424,3
3103082,24964,4
3103082,8955,5
3103082,7746,6
3103414,21288,1
3103414,44987,2
3103719,28199,1
3103719,13176,2
3103941,47977,1
3103941,10957,2
3105871,3298,1
3105871,13259,2
3105930,32403,1
3105930,20345,2
3105930,21573,3
3105930,42265,4
3105930,48142,5
3105931,1360,1
3105931,29447,2
3106023,38689,1
3106023,46584,2
3106023,4920,3
3106023,6873,4
3106023,12099,5
3106023,33731,6
3106036,13198,1
3106036,27845,2
3106036,21903,3
3106036,25138,4
3106036,27086,5
3106036,5456,6
3106036,42265,7
3106036,40706,8
3106036,47626,9
3106036,45,10
3106036,28535,11
3106036,25890,12
3106036,4920,13
3106036,36772,14
3106036,8424,15
3106036,48775,16
3106036,31717,17
3106036,27521,18
3106036,29987,19
3106036,39619,20
3106036,1158,21
3106036,17948,22
3106036,24489,23
3106036,24852,24
3106036,33731,25
3106036,7485,26
3106036,34584,27
3106066,33754,1
3106066,18523,2
3106066,47766,3
3106066,432,4
3106402,22825,1
3106402,19660,2
3106416,22802,1
3106416,196,2
3106428,16759,1
3106428,45007,2
3106428,8021,3
3106428,31506,4
3106428,35217,5
3106428,24964,6
3106684,8048,1
3106684,21903,2
3106684,13575,3
3106684,6184,4
3107159,13176,1
3107159,20940,2
3107508,36724,1
3107508,30489,2
3107508,22963,3
3107508,33043,4
3107508,29370,5
3107508,4799,6
3107508,33438,7
3107705,32478,1
3107705,6184,2
3107705,39275,3
3107705,15200,4
3107705,42450,5
3108449,717,1
3108449,1217,2
3108721,11759,1
3108721,49235,2
3108721,31651,3
3108721,37710,4
3109381,27521,1
3109381,33731,2
3109381,26165,3
3109381,35951,4
3109381,29127,5
3109406,47042,1
3109406,5025,2
3109406,16083,3
3110556,36127,1
3110556,5450,2
3110556,25513,3
3110556,31487,4
3110556,26209,5
3111029,40939,1
3111029,19660,2
3111029,22802,3
3111029,196,4
3111046,13176,1
3111046,27845,2
3111046,27086,3
3111046,48364,4
3111430,31717,1
3111430,16616,2
3111530,11140,1
3111530,2966,2
3111530,5621,3
3111646,34270,1
3111646,47766,2
3111646,24852,3
3111646,39877,4
3111646,40706,5
3111646,49683,6
3111646,16797,7
3111810,44632,1
3111810,8424,2
3111810,38772,3
3111810,47626,4
3111810,24964,5
3111810,4799,6
3111810,45747,7
3111810,1090,8
3112043,47626,1
3112043,24964,2
3112169,47209,1
3112169,30391,2
3112169,27521,3
3112169,47626,4
3112169,9825,5
3112169,46616,6
3112269,30827,1
3112269,4724,2
3112269,21288,3
3112675,38444,1
3112675,46088,2
3112675,44799,3
3113346,21903,1
3113346,44632,2
3113346,24852,3
3113346,37646,4
3113382,8859,1
3113382,196,2
3115118,25890,1
3115118,24830,2
3115118,2361,3
3116210,23029,1
3116210,5785,2
3116210,34134,3
3116210,3020,4
3116210,30233,5
3116210,8277,6
3116210,13176,7
3116210,30489,8
3116210,8021,9
3116344,21903,1
3116344,28601,2
3116344,49383,3
3116656,28985,1
3116656,42244,2
3116656,46667,3
3116656,42557,4
3116656,26209,5
3116656,27086,6
3116656,5612,7
3116656,47766,8
3116656,28842,9
3116876,13944,1
3116876,14161,2
3117126,24964,1
3117126,47626,2
3117126,28985,3
3117126,21903,4
3117126,8518,5
3117126,46667,6
3117126,40411,7
3117853,16953,1
3117853,13042,2
3118458,47766,1
3118458,24561,2
3118458,16083,3
3118878,16797,1
3118878,13176,2
3118878,21288,3
3118986,47626,1
3118986,34969,2
3118986,18465,3
3118986,17872,4
3118986,16797,5
3118986,14233,6
3118986,11068,7
3119436,14233,1
3119436,37687,2
3119436,36534,3
3119436,13259,4
3119831,5258,1
3119831,38768,2
3119865,46676,1
3119865,49111,2
3119865,41950,3
3119865,47209,4
3119888,44987,1
3119888,24852,2
3119888,33198,3
3119916,16797,1
3119916,43352,2
3121234,6184,1
3121234,13176,2
3121234,49235,3
3121234,10326,4
3121412,10957,1
3121412,12916,2
3121412,16696,3
3122240,46709,1
3122240,45948,2
3122304,14947,1
3122304,44632,2
3122304,17191,3
3122304,47877,4
3122304,10957,5
3122803,13176,1
3122803,47209,2
3124570,26405,1
3124570,7948,2
3124570,39657,3
3124570,32455,4
3124972,5479,1
3124972,39877,2
3124972,26620,3
3124972,25890,4
3124972,45007,5
3124972,25931,6
3124972,24838,7
3124972,8518,8
3124972,7485,9
3124972,47766,10
3124972,27548,11
3124972,47626,12
3125305,21903,1
3125305,35561,2
3125305,8048,3
3125305,16797,4
3125305,46129,5
3125305,32689,6
3125493,35951,1
3125493,8277,2
3125493,47734,3
3125780,10243,1
3125780,39812,2
3125780,5876,3
3125780,46979,4
3126181,13176,1
3126181,14218,2
3126181,4210,3
3126181,39877,4
3126181,40396,5
3126337,28204,1
3126337,12099,2
3126337,44632,3
3126451,196,1
3126451,37710,2
3126451,31651,3
3126462,43352,1
3126462,21137,2
3127756,27086,1
3127756,24852,2
3127756,14267,3
3127756,11440,4
3127756,44912,5
3127756,23405,6
3127756,42701,7
3127756,28204,8
3128469,41065,1
3128469,8138,2
3128469,44570,3
3128469,34358,4
3128469,9387,5
3128469,26384,6
3128469,21938,7
3128498,44359,1
3128498,36695,2
3128498,39877,3
3129129,27104,1
3129129,31717,2
3129129,21174,3
3129129,45007,4
3129129,17794,5
3129129,23165,6
3129129,23400,7
3129129,17948,8
3129143,8193,1
3129143,40198,2
3129143,25466,3
3129143,31215,4
3129191,20940,1
3129191,16797,2
3129505,17794,1
3129505,22935,2
3129505,39040,3
3129505,16525,4
3129505,10246,5
3129505,28278,6
3129505,27845,7
3130040,1695,1
3130040,27845,2
3130040,35383,3
3130040,11068,4
3130040,4920,5
3130260,196,1
3130260,14084,2
3130847,6184,1
3130847,45051,2
3130847,41400,3
3130847,43154,4
3130847,21572,5
3131012,13176,1
3131012,21616,2
3131012,10385,3
3131012,40706,4
3131012,45007,5
3131012,39877,6
3131012,19660,7
3131012,20608,8
3131157,196,1
3131157,12427,2
3131157,13176,3
3131175,20876,1
3131175,4799,2
3131754,24964,1
3131754,13176,2
3131754,30639,3
3131754,27544,4
3131754,17600,5
3131754,47734,6
3131754,22849,7
3131754,31717,8
3131754,34126,9
3131860,1090,1
3131860,28204,2
3131860,26209,3
3131860,5450,4
3132213,210,1
3132213,8955,2
3132213,6101,3
3132424,49683,1
3132424,24852,2
3132424,21174,3
3132424,14897,4
3133158,12341,1
3133158,38768,2
3133431,47766,1
3133431,16797,2
3133431,5618,3
3133431,24964,4
3133431,29987,5
3133431,38293,6
3133431,40706,7
3133431,34466,8
3133431,35167,9
3133431,38383,10
3133431,13176,11
3133630,8277,1
3133630,43961,2
3133630,30489,3
3133630,24852,4
3133630,22935,5
3133630,8021,6
3133841,27243,1
3133841,33000,2
3133916,30776,1
3133916,42265,2
3134942,41950,1
3134942,27845,2
3134942,43122,3
3134942,19057,4
3135209,28985,1
3135209,13176,2
3135209,25588,3
3135209,35951,4
3135267,21903,1
3135267,16797,2
3135267,6184,3
3135336,8859,1
3135336,13176,2
3135336,3957,3
3135336,47209,4
3135336,47626,5
3135336,26209,6
3135336,8174,7
3135336,6475,8
3135336,24759,9
3135336,30391,10
3135336,21543,11
3135336,39275,12
3135694,20082,1
3135694,45603,2
3135779,19048,1
3135779,12341,2
3135779,4086,3
3135779,20842,4
3136028,22802,1
3136028,43154,2
3136028,12427,3
3136028,46149,4
3136028,40199,5
3136166,31683,1
3136166,35504,2
3136166,24852,3
3136166,47877,4
3136258,5450,1
3136258,24852,2
3136258,49215,3
3136258,2611,4
3136258,40604,5
3136258,44910,6
3136258,25890,7
3136903,27966,1
3136903,39275,2
3137021,19019,1
3137021,49683,2
3137021,45066,3
3137021,24852,4
3137021,1940,5
3137614,39275,1
3137614,6184,2
3138567,13176,1
3138567,47788,2
3138567,5161,3
3138674,8859,1
3138674,49111,2
3138674,7175,3
3139125,19173,1
3139125,20995,2
3139532,29487,1
3139532,45007,2
3139532,14780,3
3139532,21288,4
3139657,44632,1
3139657,30233,2
3139657,20995,3
3139657,13176,4
3139657,29447,5
3139657,45007,6
3139657,43129,7
3139657,27104,8
3139657,22922,9
3139657,44683,10
3139873,46088,1
3139873,36316,2
3139873,4920,3
3141059,18023,1
3141059,13259,2
3141399,37067,1
3141399,22825,2
3141399,39928,3
3141399,38456,4
3141399,14084,5
3141399,16521,6
3141532,39877,1
3141532,24964,2
3141532,39190,3
3141532,24852,4
3141532,8518,5
3141532,48679,6
3141535,13176,1
3141535,28571,2
3141535,39275,3
3141535,44422,4
3141600,47766,1
3141600,24852,2
3141600,49235,3
3141600,33754,4
3142226,38689,1
3142226,13176,2
3142226,35887,3
3142226,14891,4
3142226,28934,5
3142226,14678,6
3142226,24964,7
3142226,22935,8
3142272,8571,1
3142272,38300,2
3142272,39275,3
3142272,1957,4
3142272,42803,5
3142272,19660,6
3142272,48812,7
3142303,41198,1
3142303,18441,2
3142303,21137,3
3142303,36724,4
3142303,34551,5
3142303,39275,6
3142303,36036,7
3142389,46886,1
3142389,11512,2
3142389,27104,3
3142389,4799,4
3142389,47209,5
3142592,13733,1
3142592,39162,2
3142592,14678,3
3142592,47042,4
3142592,13176,5
3142877,35561,1
3142877,13176,2
3142877,1700,3
3142877,31651,4
3142877,280,5
3143182,27845,1
3143182,38689,2
3143313,1511,1
3143313,42736,2
3143681,13259,1
3143681,38300,2
3143681,280,3
3143929,3957,1
3143929,36695,2
3143929,27966,3
3143929,39475,4
3143929,26209,5
3143929,24852,6
3143929,5450,7
3143929,20995,8
3143929,47912,9
3143929,19057,10
3143999,32689,1
3143999,21292,2
3143999,30827,3
3143999,12341,4
3143999,21137,5
3143999,21903,6
3144016,6184,1
3144016,13176,2
3144243,43352,1
3144243,16797,2
3144632,196,1
3144632,46149,2
3144632,38300,3
3145627,32303,1
3145627,47672,2
3145627,40268,3
3145627,48527,4
3145627,16797,5
3145627,16953,6
3145627,2519,7
3145667,1463,1
3145667,27966,2
3145667,18594,3
3145667,45123,4
3146520,17122,1
3146520,42240,2
3146535,32655,1
3146535,45007,2
3146535,20738,3
3146535,21903,4
3146535,40706,5
3146535,11005,6
3147013,27966,1
3147013,21137,2
3147013,5876,3
3147318,13176,1
3147318,27845,2
3147318,6184,3
3147318,8571,4
3147318,49235,5
3147318,30720,6
3147318,12341,7
3147443,42625,1
3147443,22935,2
3147443,10749,3
3147443,33198,4
3147765,7131,1
3147765,19691,2
3147765,43352,3
3147765,14086,4
3147765,38928,5
3147765,21386,6
3147765,21288,7
3147765,22802,8
3147858,39275,1
3147858,27966,2
3147858,8571,3
3148057,23650,1
3148057,3957,2
3148057,37067,3
3149609,27966,1
3149609,24852,2
3149609,5450,3
3149609,39275,4
3149609,47626,5
3149609,30450,6
3149609,45840,7
3149609,27104,8
3149609,4792,9
3149784,36550,1
3149784,27966,2
3149784,22035,3
3149784,15392,4
3151212,21903,1
3151212,11068,2
3151237,26604,1
3151237,27966,2
3151237,39877,3
3151237,39275,4
3151237,21137,5
3151237,43086,6
3151659,37687,1
3151659,26317,2
3151659,6184,3
3152244,44632,1
3152244,35221,2
3152244,21709,3
3152244,22556,4
3152471,20955,1
3152471,39275,2
3152889,16797,1
3152889,46061,2
3152944,46654,1
3152944,27423,2
3152944,17316,3
3153660,18721,1
3153660,4210,2
3153660,23341,3
3154048,21573,1
3154048,11759,2
3154048,8571,3
3154048,4724,4
3154048,20955,5
3154048,13535,6
3154048,43352,7
3154048,25588,8
3154048,26088,9
3154344,13575,1
3154344,26348,2
3154344,13914,3
3154344,41400,4
3154344,46562,5
3154344,22362,6
3154520,38928,1
3154520,28918,2
3155229,30406,1
3155229,19660,2
3155229,23288,3
3155605,26369,1
3155605,21903,2
3155605,29447,3
3155605,8518,4
3158721,44570,1
3158721,13176,2
3158721,47144,3
3159163,11123,1
3159163,27325,2
3159163,42240,3
3159163,32691,4
3159163,20955,5
3159398,24489,1
3159398,21903,2
3159398,34584,3
3159398,39275,4
3160455,33352,1
3160455,16759,2
3160455,43789,3
3160455,2314,4
3161233,41400,1
3161233,21572,2
3161884,12341,1
3161884,18027,2
3162252,4920,1
3162252,39275,2
3162395,33000,1
3162395,5258,2
3162556,8424,1
3162556,27156,2
3162556,49075,3
3162556,42701,4
3162556,26497,5
3162556,40706,6
3162638,43352,1
3162638,16797,2
3162638,21288,3
3162638,21137,4
3162638,9358,5
3162697,46802,1
3162697,11182,2
3162759,39275,1
3162759,26209,2
3162759,4086,3
3162759,45,4
3162759,20114,5
3162759,19125,6
3162759,24759,7
3162759,31553,8
3163377,40706,1
3163377,22935,2
3163377,40604,3
3163377,46676,4
3163377,43789,5
3163434,19057,1
3163434,11777,2
3163434,47209,3
3163434,27521,4
3163434,44632,5
3163434,44375,6
3163434,40706,7
3163797,31215,1
3163797,21137,2
3163797,27104,3
3163797,19660,4
3163983,13176,1
3163983,28204,2
3163983,34270,3
3163983,36735,4
3163983,23029,5
3163983,1947,6
3163985,196,1
3163985,19660,2
3163985,38768,3
3164338,21288,1
3164338,23288,2
3164725,12099,1
3164725,24489,2
3164725,17948,3
3164725,27966,4
3164725,27156,5
3164725,38689,6
3164725,35108,7
3164725,42585,8
3164725,22035,9
3164725,45066,10
3164725,21267,11
3164725,25931,12
3164725,30720,13
3164725,34243,14
3164725,23516,15
3164725,25659,16
3164725,8193,17
3164725,8239,18
3164725,35140,19
3164725,31717,20
3164725,4656,21
3164725,14633,22
3164725,10960,23
3164849,21903,1
3164849,41950,2
3164849,31717,3
3164849,30290,4
3164849,32655,5
3164849,24838,6
3164849,4605,7
3164849,20114,8
3164849,7751,9
3164849,13838,10
3164849,6210,11
3164849,13176,12
3164849,21019,13
3164849,43961,14
3164911,21903,1
3164911,45007,2
3165557,24830,1
3165557,47209,2
3165557,28985,3
3165557,21903,4
3165649,9387,1
3165649,13176,2
3165649,46906,3
3165680,21709,1
3165680,35221,2
3165680,33198,3
3165969,47788,1
3165969,24253,2
3165969,13176,3
3165969,40706,4
3165969,46979,5
3165969,39984,6
3165991,33768,1
3165991,26604,2
3166056,40199,1
3166056,40063,2
3166871,24852,1
3166871,32303,2
3167025,23288,1
3167025,30827,2
3167025,13176,3
3167458,27845,1
3167458,30489,2
3167458,47626,3
3167458,44359,4
3167610,3896,1
3167610,21137,2
3167610,29487,3
3168616,14715,1
3168616,5258,2
3168616,12427,3
3168688,13176,1
3168688,47209,2
3168688,28985,3
3168688,8518,4
3168688,19678,5
3168688,21616,6
3168688,34423,7
3168688,17795,8
3168688,30391,9
3168688,39040,10
3168688,16759,11
3168688,5876,12
3168875,39430,1
3168875,19370,2
3168875,31717,3
3168875,26209,4
3168875,29662,5
3168875,22935,6
3169185,47141,1
3169185,20876,2
3169200,49235,1
3169200,196,2
3169200,30720,3
3169393,24024,1
3169393,9689,2
3169393,40516,3
3169393,28199,4
3169393,36735,5
3169393,16797,6
3169393,27966,7
3169393,21903,8
3170111,24830,1
3170111,14129,2
3170111,10749,3
3170174,27086,1
3170174,24852,2
3170174,28204,3
3170174,33754,4
3170174,24954,5
3170319,196,1
3170319,46061,2
3170319,41400,3
3170341,15290,1
3170341,24184,2
3170341,21938,3
3170828,13176,1
3170828,49111,2
3170828,8193,3
3170839,21938,1
3170839,39475,2
3170839,8424,3
3170839,27104,4
3170839,45007,5
3170839,17794,6
3170839,27845,7
3170839,21137,8
3170839,47734,9
3170839,38383,10
3170839,34448,11
3171098,31717,1
3171098,49075,2
3171098,19660,3
3171098,13176,4
3171098,41658,5
3171379,38730,1
3171379,28204,2
3171379,23029,3
3171379,32465,4
3171379,28842,5
3171379,21938,6
3171379,10749,7
3171379,47209,8
3171624,8518,1
3171624,581,2
3171624,40604,3
3171624,37687,4
3171624,11520,5
3171624,38772,6
3171624,44683,7
3171690,5025,1
3171690,40386,2
3172296,49235,1
3172296,27845,2
3172296,31717,3
3172296,26209,4
3172296,44359,5
3172676,13166,1
3172676,26177,2
3172676,6187,3
3172676,8087,4
3172676,48628,5
3172676,35383,6
3174140,13198,1
3174140,14462,2
3174140,13431,3
3174140,24830,4
3174193,44628,1
3174193,28289,2
3174193,49683,3
3174193,5077,4
3174193,4920,5
3174193,44910,6
3174610,35914,1
3174610,24852,2
3174610,26369,3
3174610,47630,4
3174610,8518,5
3174819,43154,1
3174819,196,2
3174956,44799,1
3174956,30850,2
3174956,4210,3
3174956,4605,4
3175619,23516,1
3175619,41259,2
3175619,39275,3
3175619,39928,4
3175619,27966,5
3175627,79,1
3175627,22963,2
3176275,19660,1
3176275,46802,2
3176275,21903,3
3176275,13176,4
3176275,10326,5
3176938,36854,1
3176938,43262,2
3176938,22275,3
3177712,17461,1
3177712,27966,2
3177712,22825,3
3177712,4920,4
3178710,18523,1
3178710,15424,2
3178710,24838,3
3178710,32650,4
3178710,2238,5
3179015,49235,1
3179015,5785,2
3179424,16797,1
3179424,21288,2
3179424,12341,3
3179424,35561,4
3179424,13176,5
3179424,13042,6
3179424,45051,7
3179531,21195,1
3179531,7948,2
3179531,5068,3
3179531,39408,4
3179531,31651,5
3179531,18023,6
3179536,37687,1
3179536,30391,2
3179536,43961,3
3179536,20082,4
3179865,16797,1
3179865,39657,2
3180910,21174,1
3180910,5450,2
3180910,46969,3
3180910,4920,4
3180910,8174,5
3181277,31553,1
3181277,29487,2
3181277,47766,3
3181439,25659,1
3181439,26209,2
3181439,33352,3
3181439,16823,4
3181439,33000,5
3181439,33768,6
3181439,49520,7
3181439,11520,8
3181439,38383,9
3181691,28985,1
3181691,19508,2
3181691,35167,3
3181691,24852,4
3181691,25890,5
3181691,28465,6
3182266,48679,1
3182266,47209,2
3182266,39877,3
3182266,44359,4
3182266,22935,5
3182312,7693,1
3182312,24850,2
3182312,44116,3
3182312,33894,4
3182834,10957,1
3182834,16696,2
3182969,17924,1
3182969,19660,2
3183010,27275,1
3183010,2717,2
3183010,47977,3
3183134,4605,1
3183134,5025,2
3183189,4137,1
3183189,19348,2
3183189,37067,3
3183189,19057,4
3183189,18288,5
3183605,31651,1
3183605,14086,2
3183605,5258,3
3184056,196,1
3184056,46149,2
3184056,13259,3
3184148,5258,1
3184148,27796,2
3184148,26405,3
3184148,21195,4
3184160,13176,1
3184160,23543,2
3184160,23288,3
3184160,40706,4
3184160,34126,5
3184160,5652,6
3184310,46667,1
3184310,27521,2
3184310,44359,3
3184310,17794,4
3184310,22935,5
3184310,29662,6
3184310,10070,7
3184446,26800,1
3184446,47766,2
3184446,9421,3
3184446,21709,4
3184737,4920,1
3184737,10326,2
3184737,21903,3
3184737,38768,4
3185638,31717,1
3185638,36956,2
3185638,4799,3
3185829,41658,1
3185829,7628,2
3187309,30233,1
3187309,32747,2
3187309,44479,3
3187865,11777,1
3187865,32478,2
3189272,47626,1
3189272,34969,2
3189272,47766,3
3189272,26209,4
3189272,28842,5
3189272,42701,6
3189272,28373,7
3189272,40396,8
3189498,24852,1
3189498,44422,2
3189498,43352,3
3189498,27845,4
3189498,32403,5
3189498,35951,6
3189498,47766,7
3190672,9839,1
3190672,5212,2
3190881,39040,1
3190881,35535,2
3190951,32650,1
3190951,40411,2
3190951,10312,3
3190985,24852,1
3190985,25138,2
3191740,13176,1
3191740,16349,2
3191740,46616,3
3192004,40310,1
3192004,42265,2
3192004,37687,3
3192004,47766,4
3192004,22935,5
3192004,49683,6
3192004,13176,7
3192004,13984,8
3192004,45007,9
3192004,33120,10
3192347,24852,1
3192347,46676,2
3192347,34969,3
3192347,42265,4
3192347,5450,5
3192347,21616,6
3192347,5876,7
3192347,3376,8
3192347,4920,9
3192347,21417,10
3192347,10644,11
3192347,7632,12
3192347,6348,13
3192593,24852,1
3192593,9387,2
3192593,46969,3
3192593,22825,4
3192593,6348,5
3192593,7131,6
3192593,33198,7
3192593,33787,8
3192593,46676,9
3192593,39408,10
3192681,10032,1
3192681,196,2
3192893,6846,1
3192893,25466,2
3193559,13424,1
3193559,27156,2
3193559,21195,3
3193559,12341,4
3193619,24852,1
3193619,23909,2
3193619,28993,3
3193619,29487,4
3193619,15424,5
3193841,46906,1
3193841,47209,2
3193841,37646,3
3193841,30391,4
3193841,28199,5
3193841,36011,6
3193841,43961,7
3194155,196,1
3194155,31651,2
3194155,46149,3
3194155,39408,4
3194597,47144,1
3194597,4605,2
3194844,21903,1
3194844,13176,2
3195432,4724,1
3195432,16797,2
3195433,43961,1
3195433,13176,2
3195433,30489,3
3195433,46906,4
3195433,36011,5
3195433,8424,6
3195433,37687,7
3195433,47209,8
3195438,35221,1
3195438,14947,2
3195438,24852,3
3195438,27966,4
3198153,19348,1
3198153,4724,2
3198153,4149,3
3198333,44683,1
3198333,36534,2
3198352,9076,1
3198352,16797,2
3198352,4724,3
3198531,22935,1
3198531,25890,2
3198531,26209,3
3198531,31717,4
3198531,12341,5
3198531,27086,6
3198531,260,7
3198531,39275,8
3198777,13424,1
3198777,22362,2
3198777,26348,3
3198777,46149,4
3198777,41276,5
3198777,31102,6
3198941,19660,1
3198941,8859,2
3198987,39858,1
3198987,26405,2
3198987,22362,3
3200983,34126,1
3200983,29487,2
3201065,13176,1
3201065,2825,2
3201211,41400,1
3201211,46149,2
3201211,11759,3
3201395,4210,1
3201395,43295,2
3201395,27629,3
3201842,35221,1
3201842,20119,2
3201842,20842,3
3201842,21903,4
3202085,35221,1
3202085,33000,2
3202085,15937,3
3202425,6184,1
3202425,17122,2
3202425,41787,3
3202578,500,1
3202578,26405,2
3203528,11422,1
3203528,18288,2
3203797,47766,1
3203797,19660,2
3203797,5479,3
3203797,35108,4
3203797,24852,5
3203797,26209,6
3203807,47209,1
3203807,22935,2
3203807,25931,3
3204565,35221,1
3204565,44632,2
3204565,27086,3
3205102,34969,1
3205102,7021,2
3205102,5373,3
3205102,21267,4
3205102,3464,5
3205102,21616,6
3205102,24964,7
3205102,20345,8
3205102,19660,9
3205344,16797,1
3205344,47672,2
3205344,45948,3
3205398,37067,1
3205398,19057,2
3205398,39928,3
3205398,8174,4
3205398,13819,5
3205641,196,1
3205641,32403,2
3205641,17122,3
3205651,19057,1
3205651,27966,2
3205651,41950,3
3205682,15392,1
3205682,46149,2
3205779,18465,1
3205779,16759,2
3205779,30391,3
3205779,44359,4
3205779,21526,5
3205936,1947,1
3205936,22825,2
3205936,46979,3
3205936,37687,4
3205936,33316,5
3205936,24852,6
3205936,24184,7
3205936,1244,8
3205936,45007,9
3205971,28204,1
3205971,24852,2
3206095,34358,1
3206095,4799,2
3206095,31553,3
3206095,26209,4
3206170,4605,1
3206170,5025,2
3206596,12427,1
3206596,31102,2
3206596,31651,3
3206628,18027,1
3206628,45007,2
3206628,21903,3
3206628,24852,4
3207045,34024,1
3207045,32156,2
3207045,35948,3
3207045,29529,4
3207045,43967,5
3207045,35507,6
3208165,28199,1
3208165,40593,2
3208165,45948,3
3208165,9839,4
3208165,24852,5
3208165,40571,6
3208198,29447,1
3208198,19057,2
3208198,24850,3
3208198,14852,4
3208198,12456,5
3208198,23645,6
3209642,4210,1
3209642,27086,2
3209642,45948,3
3209642,5025,4
3211181,46802,1
3211181,21903,2
3211181,13176,3
3211181,44683,4
3211181,27156,5
3211181,9839,6
3211477,3696,1
3211477,32429,2
3211477,25544,3
3211477,25783,4
3211578,196,1
3211578,37710,2
3211578,26348,3
3211578,40199,4
3211578,46061,5
3212046,48812,1
3212046,6184,2
3212046,32478,3
3212046,37710,4
3213083,8424,1
3213083,30353,2
3213101,29307,1
3213101,17706,2
3213101,29447,3
3213101,11422,4
3213101,30776,5
3213101,48775,6
3213101,21137,7
3213101,13176,8
3213101,11182,9
3213101,28476,10
3213575,3599,1
3213575,21376,2
3213575,2825,3
3213575,20082,4
3213575,40199,5
3213575,44910,6
3214589,24852,1
3214589,3896,2
3214589,8277,3
3214589,47626,4
3214589,4920,5
3214589,43961,6
3214589,2086,7
3214589,39947,8
3214697,14999,1
3214697,6184,2
3214883,40706,1
3214883,24964,2
3214883,27086,3
3214883,28985,4
3215162,48205,1
3215162,46667,2
3215769,11759,1
3215769,21195,2
3215769,21137,3
3216268,23341,1
3216268,43154,2
3216268,28199,3
3216360,13176,1
3216360,32478,2
3216360,5258,3
3216420,38928,1
3216420,12427,2
3216420,6184,3
3216420,9387,4
3216420,13176,5
3216420,46149,6
3216420,196,7
3216420,42500,8
3216558,21137,1
3216558,11777,2
3216558,13984,3
3216558,25146,4
3216617,45066,1
3216617,22035,2
3216617,13176,3
3216617,31683,4
3216617,24024,5
3217006,21903,1
3217006,28199,2
3217006,27845,3
3217006,3142,4
3217006,17794,5
3217006,16797,6
3217006,42445,7
3217008,5769,1
3217008,12341,2
3217418,17615,1
3217418,28836,2
3217426,41276,1
3217426,12341,2
3217519,20345,1
3217519,32403,2
3218160,46654,1
3218160,46802,2
3218160,34243,3
3218160,30406,4
3218160,36865,5
3218160,8309,6
3218438,49683,1
3218438,28535,2
3218438,39993,3
3218438,39475,4
3218438,25659,5
3218438,18523,6
3218438,25890,7
3218438,8518,8
3218448,37710,1
3218448,48812,2
3219465,13259,1
3219465,42500,2
3219465,37710,3
3219837,39877,1
3219837,14901,2
3219837,23909,3
3219837,12845,4
3219837,48142,5
3219837,16696,6
3219837,21131,7
3219837,196,8
3219837,10957,9
3220367,5782,1
3220367,29345,2
3220367,24852,3
3220666,1957,1
3220666,43154,2
3221400,30489,1
3221400,44422,2
3221400,13176,3
3221400,46979,4
3221400,11182,5
3221759,21295,1
3221759,24852,2
3221759,1463,3
3221759,25146,4
3221759,20392,5
3221759,49175,6
3221951,35221,1
3221951,27966,2
3221951,23630,3
3221951,4920,4
3221951,43713,5
3221951,18362,6
3221951,27344,7
3221951,24852,8
3221951,42356,9
3221951,21137,10
3221953,21386,1
3221953,27086,2
3221953,29987,3
3221953,46979,4
3221953,18465,5
3221953,40396,6
3221953,22035,7
3221953,33401,8
3222001,30776,1
3222001,49610,2
3222860,12916,1
3222860,49441,2
3223092,28289,1
3223092,13176,2
3223092,10749,3
3223092,8518,4
3223092,23734,5
3223092,42585,6
3223092,28993,7
3223092,2450,8
3223092,40396,9
3223092,31717,10
3223092,7969,11
3223092,28465,12
3223092,36865,13
3223092,13263,14
3223092,39877,15
3223474,34448,1
3223474,36107,2
3223474,21070,3
3223515,13380,1
3223515,8859,2
3223515,8138,3
3223515,28204,4
3223515,10305,5
3223695,7751,1
3223695,49481,2
3223695,44632,3
3223695,35221,4
3223892,26405,1
3223892,12341,2
3224034,8239,1
3224034,37220,2
3224189,41276,1
3224189,196,2
3224620,49610,1
3224620,39928,2
3224620,27966,3
3225177,13176,1
3225177,1695,2
3225303,42244,1
3225303,24852,2
3225540,7781,1
3225540,34160,2
3225619,13176,1
3225619,196,2
3225825,35221,1
3225825,21709,2
3225825,14947,3
3225895,31562,1
3225895,39812,2
3225895,15261,3
3225895,22034,4
3227079,17122,1
3227079,12341,2
3227079,37687,3
3227079,11759,4
3227079,30720,5
3227079,42265,6
3227162,47977,1
3227162,12919,2
3227162,49520,3
3227162,31102,4
3227506,14947,1
3227506,27521,2
3227506,29987,3
3227506,42265,4
3228661,12341,1
3228661,21903,2
3228696,5876,1
3228696,41950,2
3228696,43789,3
3228696,10644,4
3228696,42736,5
3228696,5450,6
3228696,39928,7
3228696,48364,8
3228696,47672,9
3228696,45007,10
3228696,39812,11
3228696,26209,12
3228696,24184,13
3228696,21938,14
3228696,13984,15
3228696,30480,16
3228696,48559,17
3228696,45603,18
3228696,20947,19
3228696,19894,20
3229000,30639,1
3229000,21137,2
3229000,39275,3
3229331,8174,1
3229331,15613,2
3229331,33198,3
3229331,27683,4
3229581,27086,1
3229581,22802,2
3229581,31040,3
3230168,38293,1
3230168,38739,2
3230168,19678,3
3230693,26165,1
3230693,8021,2
3230693,4812,3
3230693,49044,4
3230693,31504,5
3230693,30192,6
3230919,6184,1
3230919,43352,2
3231625,6104,1
3231625,27845,2
3231625,21903,3
3231625,8277,4
3231672,19660,1
3231672,196,2
3232069,6184,1
3232069,4724,2
3232232,37646,1
3232232,24852,2
3232691,14715,1
3232691,5068,2
3233654,42193,1
3233654,46049,2
3233654,18564,3
3234118,13176,1
3234118,21137,2
3234118,27966,3
3234118,35163,4
3234118,30391,5
3234118,43295,6
3234817,1999,1
3234817,25753,2
3234817,25466,3
3234817,19660,4
3234947,48679,1
3234947,4605,2
3234947,13176,3
3234947,3957,4
3235741,30827,1
3235741,40939,2
3235975,9839,1
3235975,27104,2
3235975,29307,3
3235975,18362,4
3235975,13176,5
3235975,21137,6
3236059,40706,1
3236059,20734,2
3236059,20574,3
3236059,23909,4
3236131,24852,1
3236131,15902,2
3236131,45066,3
3236131,41787,4
3236131,31040,5
3236131,33846,6
3236131,21903,7
3236131,17600,8
3236131,32478,9
3236131,24184,10
3236131,8424,11
3236131,10385,12
3236190,22935,1
3236190,47766,2
3236190,40706,3
3236190,25890,4
3236733,15386,1
3236733,13176,2
3236733,30489,3
3236802,8518,1
3236802,19057,2
3236802,32747,3
3236802,18963,4
3236802,3397,5
3236802,24964,6
3236964,4210,1
3236964,24852,2
3237035,32939,1
3237035,39190,2
3237035,432,3
3237583,41259,1
3237583,34126,2
3237583,22935,3
3237583,46505,4
3237583,42701,5
3237583,13984,6
3237583,15261,7
3237583,43789,8
3237722,46654,1
3237722,47209,2
3237722,35951,3
3237722,27966,4
3238086,13575,1
3238086,41787,2
3238086,6184,3
3238086,196,4
3238086,40939,5
3238086,32455,6
3239157,39984,1
3239157,27336,2
3239207,37766,1
3239207,16797,2
3239207,15386,3
3239541,41276,1
3239541,15700,2
3239541,26088,3
3239858,32403,1
3239858,49235,2
3239858,17122,3
3239994,44632,1
3239994,14947,2
3239994,31640,3
3239994,39216,4
3240047,31651,1
3240047,21195,2
3240047,40199,3
3240047,46061,4
3240047,8859,5
3241353,8859,1
3241353,32939,2
3241353,48812,3
3241568,19677,1
3241568,5876,2
3241568,14992,3
3241568,25890,4
3241568,38689,5
3241568,18465,6
3241568,44910,7
3242336,21903,1
3242336,46149,2
3242336,8571,3
3242855,20876,1
3242855,19821,2
3243475,890,1
3243475,5258,2
3243770,41787,1
3243770,27845,2
3243984,44632,1
3243984,14947,2
3244301,21573,1
3244301,16797,2
3244329,25466,1
3244329,6475,2
3244329,4138,3
3246237,37710,1
3246237,26348,2
3246237,41400,3
3246296,38293,1
3246296,43129,2
3246296,4605,3
3246296,14168,4
3246296,29675,5
3246296,14992,6
3246960,8174,1
3246960,13176,2
3246960,22935,3
3247215,196,1
3247215,33198,2
3247215,16797,3
3247248,39275,1
3247248,20670,2
3247248,651,3
3247253,40516,1
3247253,33065,2
3247700,14897,1
3247700,24184,2
3248479,7185,1
3248479,32747,2
3248479,46802,3
3248479,4920,4
3248479,13176,5
3248479,36127,6
3248479,32655,7
3248479,42265,8
3248479,40706,9
3248479,24184,10
3248479,2452,11
3248479,21616,12
3248479,13984,13
3248479,28553,14
3248479,18918,15
3248598,5876,1
3248598,39812,2
3248598,22935,3
3248598,8193,4
3248598,46979,5
3248598,33768,6
3248598,28535,7
3248598,43961,8
3248709,21137,1
3248709,20995,2
3248709,29447,3
3248813,29345,1
3248813,18288,2
3248813,25670,3
3248813,24852,4
3248813,45066,5
3248813,16797,6
3248948,27548,1
3248948,44765,2
3248948,40396,3
3248948,4920,4
3248948,5479,5
3248948,25824,6
3248948,16290,7
3248948,37103,8
3249291,4605,1
3249291,24852,2
3249560,47626,1
3249560,13646,2
3249560,14084,3
3249679,42265,1
3249679,22504,2
3249679,22963,3
3251470,19019,1
3251470,17191,2
3251470,22935,3
3251485,33731,1
3251485,41950,2
3251485,16525,3
3251485,8021,4
3251485,38383,5
3251485,34126,6
3251485,39619,7
3251485,32734,8
3251485,18465,9
3251578,13176,1
3251578,24964,2
3251630,24852,1
3251630,34969,2
3251630,32478,3
3251630,47766,4
3252084,27845,1
3252084,8277,2
3252084,21137,3
3252084,26209,4
3252084,6046,5
3252084,3952,6
3252084,46979,7
3252084,21903,8
3252084,34126,9
3252117,5077,1
3252117,4957,2
3252117,33787,3
3252117,33754,4
3252117,18523,5
3252117,30169,6
3252117,8277,7
3252117,37646,8
3252117,39877,9
3252117,19057,10
3252117,38557,11
3252117,31683,12
3253369,13176,1
3253369,21137,2
3253369,8048,3
3253369,21573,4
3253369,11759,5
3253369,21903,6
3253369,20940,7
3253890,38768,1
3253890,12341,2
3254465,21137,1
3254465,38557,2
3254465,20580,3
3254465,12409,4
3255069,36316,1
3255069,47977,2
3255069,12919,3
3255069,14233,4
3255911,39581,1
3255911,4724,2
3255911,21573,3
3255936,31506,1
3255936,14168,2
3256044,19660,1
3256044,17122,2
3256057,24964,1
3256057,37065,2
3256057,28465,3
3256057,24799,4
3256057,36865,5
3256057,13263,6
3256057,8309,7
3256057,48745,8
3256057,46667,9
3256057,28842,10
3256057,2966,11
3256057,24852,12
3256617,16797,1
3256617,14419,2
3256741,13176,1
3256741,890,2
3256840,26209,1
3256840,17191,2
3256840,30489,3
3256840,29307,4
3256840,43772,5
3256925,31506,1
3256925,21137,2
3257154,37158,1
3257154,44449,2
3257194,6489,1
3257194,6297,2
3257194,3599,3
3257194,4367,4
3257261,37215,1
3257261,12341,2
3257318,30391,1
3257318,17794,2
3257318,47626,3
3257318,47280,4
3257318,39877,5
3257318,47209,6
3257318,13176,7
3257318,18382,8
3257318,21903,9
3257318,28985,10
3257318,23576,11
3257318,9839,12
3257318,46667,13
3257754,20734,1
3257754,47626,2
3257754,44632,3
3257875,12916,1
3257875,17924,2
3258339,8736,1
3258339,26165,2
3258923,44632,1
3258923,20345,2
3259379,260,1
3259379,9839,2
3259379,21903,3
3259379,3896,4
3259654,39190,1
3259654,21137,2
3259654,44142,3
3259654,44632,4
3259654,26620,5
3259654,22556,6
3259654,17872,7
3259654,45,8
3259654,4461,9
3260281,26209,1
3260281,5876,2
3260281,44359,3
3260281,43961,4
3260281,16797,5
3260281,46979,6
3260619,32177,1
3260619,37646,2
3260619,24852,3
3260619,22825,4
3261207,17191,1
3261207,33754,2
3261207,22124,3
3261207,9839,4
3261207,34358,5
3261207,34126,6
3261207,37646,7
3261207,44683,8
3261207,48679,9
3261207,44449,10
3261207,4605,11
3261207,5240,12
3261207,29370,13
3261714,26604,1
3261714,24852,2
3261714,47766,3
3261714,15290,4
3261714,30391,5
3261714,34466,6
3261714,16759,7
3261714,10749,8
3261714,29370,9
3261714,16797,10
3261776,500,1
3261776,43352,2
3261905,14084,1
3261905,31506,2
3261905,16797,3
3263194,35221,1
3263194,44632,2
3263907,34658,1
3263907,35951,2
3263907,5876,3
3263907,46667,4
3263907,8230,5
3263907,13838,6
3264135,24852,1
3264135,41220,2
3264151,12341,1
3264151,13176,2
3264151,39657,3
3264151,38928,4
3264151,3298,5
3264151,18023,6
3264151,22802,7
3264151,41400,8
3265159,28156,1
3265159,16823,2
3265440,26209,1
3265440,43086,2
3265546,40939,1
3265546,14419,2
3266920,18880,1
3266920,16759,2
3266920,19003,3
3266920,42736,4
3266920,18465,5
3266920,43076,6
3266920,42625,7
3266954,37646,1
3266954,1511,2
3266954,30776,3
3266954,20794,4
3267554,47766,1
3267554,26209,2
3267554,47626,3
3267554,33198,4
3267554,22142,5
3267554,20794,6
3267583,31683,1
3267583,29345,2
3267794,43352,1
3267794,16797,2
3267816,30489,1
3267816,44570,2
3268340,29487,1
3268340,23734,2
3268518,4605,1
3268518,28842,2
3268518,890,3
3268518,41665,4
3268518,5818,5
3269851,47626,1
3269851,21137,2
3269851,39275,3
3271095,27845,1
3271095,46979,2
3271607,43352,1
3271607,26604,2
3271607,39275,3
3272859,21616,1
3272859,22959,2
3272859,47209,3
3273160,21137,1
3273160,13042,2
3273160,14715,3
3273160,27845,4
3273160,33768,5
3273466,28204,1
3273466,43961,2
3273466,13176,3
3273714,31102,1
3273714,35951,2
3273969,13176,1
3273969,37011,2
3273969,5450,3
3273969,26165,4
3274976,23291,1
3274976,24852,2
3274976,9076,3
3274976,21137,4
3274976,48679,5
3274976,25890,6
3274976,37646,7
3274976,47766,8
3274976,21903,9
3274976,45664,10
3274976,34243,11
3274976,16145,12
3275158,47672,1
3275158,21903,2
3275158,6046,3
3275158,32655,4
3275158,27845,5
3275158,1695,6
3275306,30391,1
3275306,19057,2
3275306,4799,3
3275306,5876,4
3275306,27104,5
3275890,20608,1
3275890,8859,2
3275890,14715,3
3276174,24852,1
3276174,45066,2
3276174,47626,3
3276174,44632,4
3276468,8230,1
3276468,42719,2
3276468,48364,3
3276468,46616,4
3276468,43961,5
3276468,30489,6
3277470,1529,1
3277470,27104,2
3277470,35042,3
3277470,11182,4
3277470,42265,5
3277470,33846,6
3277470,17341,7
3277470,21333,8
3277812,32478,1
3277812,14419,2
3277875,11777,1
3277875,8174,2
3277875,24852,3
3277875,9076,4
3278296,4210,1
3278296,24852,2
3278296,40332,3
3279702,43154,1
3279702,5258,2
3280425,432,1
3280425,16696,2
3280521,27104,1
3280521,27845,2
3280616,33768,1
3280616,37687,2
3280628,10326,1
3280628,42265,2
3280628,4149,3
3280628,14678,4
3280849,21137,1
3280849,49383,2
3281751,44449,1
3281751,890,2
3281751,4605,3
3281751,13176,4
3281751,40604,5
3281751,20842,6
3281937,8048,1
3281937,21292,2
3281937,12341,3
3281937,42504,4
3281937,20940,5
3281937,8571,6
3281937,16797,7
3282738,196,1
3282738,8859,2
3284105,4605,1
3284105,47766,2
3284105,49683,3
3284105,24964,4
3284105,21938,5
3284105,2295,6
3284105,34969,7
3284105,47626,8
3284105,21137,9
3284105,43352,10
3284105,6046,11
3284105,35951,12
3284105,1360,13
3284105,37220,14
3284118,13176,1
3284118,19057,2
3284195,6046,1
3284195,38400,2
3284195,14897,3
3284195,29487,4
3284195,5618,5
3284195,28842,6
3284195,25588,7
3284209,13176,1
3284209,28985,2
3284209,30391,3
3284209,46667,4
3284209,44359,5
3284209,1194,6
3284209,3957,7
3284245,12606,1
3284245,8859,2
3284249,14650,1
3284249,1529,2
3284249,33120,3
3284249,31717,4
3284249,27521,5
3284249,32433,6
3284249,46979,7
3284249,41950,8
3284249,44683,9
3285069,48118,1
3285069,21137,2
3285069,9076,3
3285069,28476,4
3285660,37646,1
3285660,8277,2
3285660,47209,3
3285660,47626,4
3285660,37687,5
3285660,21903,6
3286140,24852,1
3286140,25305,2
3286187,26283,1
3286187,40706,2
3286187,26209,3
3286187,31717,4
3286187,28535,5
3286187,21019,6
3286521,47144,1
3286521,5621,2
3286521,22504,3
3286521,45445,4
3286742,40199,1
3286742,13176,2
3288080,43961,1
3288080,49683,2
3288080,36316,3
3288080,27117,4
3288080,48946,5
3288080,40706,6
3288080,28535,7
3288080,24382,8
3288080,44632,9
3288128,49683,1
3288128,30169,2
3288128,42265,3
3288128,31981,4
3288128,22142,5
3288128,31562,6
3288309,27845,1
3288309,45066,2
3288309,28849,3
3288309,30489,4
3288309,18027,5
3288309,16965,6
3288755,21137,1
3288755,27966,2
3288755,3957,3
3288755,20995,4
3288755,33000,5
3288854,35221,1
3288854,21709,2
3289072,40706,1
3289072,36735,2
3289072,46654,3
3289072,13176,4
3289072,21295,5
3289072,18441,6
3289412,46979,1
3289412,36550,2
3289412,21903,3
3289412,6046,4
3289412,31215,5
3289412,24852,6
3289412,19057,7
3289460,27845,1
3289460,13176,2
3289460,24561,3
3289460,20995,4
3289460,37646,5
3289460,19048,6
3289633,24852,1
3289633,28204,2
3289633,47141,3
3289633,33452,4
3289633,49030,5
3290099,5876,1
3290099,47209,2
3290099,8021,3
3290099,13176,4
3290442,10246,1
3290442,20995,2
3290442,13176,3
3290442,21903,4
3290442,9839,5
3290468,24852,1
3290468,44683,2
3290485,6184,1
3290485,19691,2
3291649,17924,1
3291649,46149,2
3291649,7131,3
3291797,13424,1
3291797,5161,2
3292066,46562,1
3292066,31651,2
3292066,12427,3
3292066,32403,4
3293839,14419,1
3293839,22849,2
3293896,21019,1
3293896,49683,2
3293896,21137,3
3293896,21903,4
3293896,8424,5
3293916,14233,1
3293916,23288,2
3294069,38689,1
3294069,13176,2
3294279,46906,1
3294279,7503,2
3294279,30489,3
3294536,14715,1
3294536,4149,2
3295221,49191,1
3295221,44632,2
3295221,24852,3
3295221,20608,4
3295637,46969,1
3295637,21137,2
3295637,42557,3
3295637,9825,4
3295637,31915,5
3295637,23622,6
3295637,21903,7
3295637,37067,8
3296204,28842,1
3296204,16797,2
3296204,24852,3
3296204,47626,4
3296638,49585,1
3296638,24964,2
3296638,31553,3
3296638,17794,4
3296638,9092,5
3296638,38650,6
3296638,25659,7
3296638,44142,8
3296638,28842,9
3296638,3142,10
3296638,30169,11
3296638,21137,12
3296638,39275,13
3296638,31663,14
3296638,34217,15
3297212,13042,1
3297212,32478,2
3297822,11777,1
3297822,39877,2
3297822,30391,3
3297822,41950,4
3297822,26604,5
3297822,31717,6
3297822,8424,7
3297822,32655,8
3297822,10246,9
3297822,47734,10
3297822,44422,11
3297822,5646,12
3298127,19660,1
3298127,196,2
3298127,46061,3
3298163,19660,1
3298163,6184,2
3298640,49235,1
3298640,196,2
3298640,46149,3
3298991,38689,1
3298991,24852,2
3298991,48679,3
3298991,28849,4
3298991,14267,5
3298991,29487,6
3298991,28842,7
3298991,26209,8
3298991,25890,9
3299120,35898,1
3299120,44632,2
3300543,21137,1
3300543,38768,2
3300543,4920,3
3300729,11136,1
3300729,47626,2
3300894,19660,1
3300894,13176,2
3301453,28427,1
3301453,49235,2
3301888,36051,1
3301888,21195,2
3302145,8021,1
3302145,21137,2
3302145,18811,3
3302145,27845,4
3302271,35163,1
3302271,38293,2
3302372,24852,1
3302372,28204,2
3302372,21137,3
3303427,19660,1
3303427,13914,2
3305005,13176,1
3305005,27845,2
3305005,16083,3
3305005,44632,4
3305005,49235,5
3305005,27104,6
3305005,41177,7
3305286,24964,1
3305286,13984,2
3305286,29662,3
3305286,24852,4
3305286,35065,5
3305286,21137,6
3305484,32691,1
3305484,47977,2
3305623,13176,1
3305623,34270,2
3305623,6287,3
3305850,38444,1
3305850,27885,2
3306561,4724,1
3306561,19691,2
3307296,24964,1
3307296,37687,2
3307296,24852,3
3307296,46906,4
3307296,4799,5
3307296,4605,6
3307296,47766,7
3307296,24184,8
3307296,27966,9
3307296,48109,10
3307296,29077,11
3307296,47626,12
3307611,47766,1
3307611,20734,2
3307611,6287,3
3307611,46979,4
3307611,21137,5
3307611,34466,6
3308020,19660,1
3308020,5258,2
3308020,13176,3
3308183,13176,1
3308183,41065,2
3308183,45007,3
3308183,27521,4
3308636,28842,1
3308636,37065,2
3309039,4461,1
3309039,31506,2
3309039,10749,3
3309039,41220,4
3309039,47766,5
3309039,3376,6
3309039,13176,7
3309039,27156,8
3309039,33352,9
3310556,21938,1
3310556,48205,2
3310953,40174,1
3310953,21137,2
3310953,49683,3
3310953,10246,4
3311019,16797,1
3311019,5068,2
3312249,47626,1
3312249,38400,2
3312249,43076,3
3312249,25890,4
3312249,12872,5
3312562,11759,1
3312562,21292,2
3312562,13176,3
3312789,41950,1
3312789,27966,2
3312789,19057,3
3312789,5450,4
3312789,40706,5
3312789,39877,6
3312789,21174,7
3312789,37067,8
3312789,36082,9
3312789,38456,10
3312789,8518,11
3312789,46667,12
3312905,46906,1
3312905,47759,2
3312905,24852,3
3312905,45066,4
3312905,10305,5
3312905,14947,6
3313105,35473,1
3313105,2974,2
3313142,27086,1
3313142,47766,2
3313142,5479,3
3313142,5456,4
3313142,5077,5
3313142,25630,6
3313142,40706,7
3313142,42244,8
3313144,47626,1
3313144,10749,2
3313144,15290,3
3313144,34126,4
3313144,24964,5
3313144,22935,6
3314349,22802,1
3314349,46149,2
3314349,32455,3
3314349,26348,4
3314349,37710,5
3314439,47626,1
3314439,24852,2
3315498,22935,1
3315498,21903,2
3315498,329,3
3315498,45007,4
3315498,41065,5
3315682,44628,1
3315682,26209,2
3315682,19731,3
3315963,31506,1
3315963,39928,2
3315963,2078,3
3315963,13176,4
3315963,39877,5
3315963,5077,6
3315963,31663,7
3315963,13166,8
3315984,27966,1
3315984,43352,2
3315984,8174,3
3318107,46906,1
3318107,13176,2
3318107,35951,3
3318107,8193,4
3318107,18531,5
3318107,8424,6
3318107,40706,7
3318107,5025,8
3318107,30391,9
3318240,21903,1
3318240,42803,2
3318304,42585,1
3318304,24184,2
3318304,27086,3
3318304,37067,4
3318304,47766,5
3318304,21903,6
3318304,45007,7
3318304,8087,8
3318304,29675,9
3318304,48679,10
3318304,35217,11
3318304,19508,12
3318304,18362,13
3318840,28199,1
3318840,47626,2
3318840,24852,3
3318840,4920,4
3318840,47766,5
3318840,27548,6
3319199,4920,1
3319199,16797,2
3319199,12341,3
3319199,9076,4
3319760,13176,1
3319760,31651,2
3319760,6184,3
3319785,38928,1
3319785,41400,2
3319785,16797,3
3319785,21288,4
3319820,7628,1
3319820,17794,2
3319820,24184,3
3319820,22395,4
3319820,14197,5
3320256,33493,1
3320256,19660,2
3320256,12341,3
3320780,27156,1
3320780,35951,2
3320780,24852,3
3320780,19057,4
3320869,31640,1
3320869,33754,2
3320869,18523,3
3320869,22124,4
3320869,49235,5
3320869,24852,6
3320869,23909,7
3321399,48109,1
3321399,29447,2
3321399,24852,3
3322637,8048,1
3322637,21288,2
3322637,17862,3
3322637,6184,4
3323129,8670,1
3323129,34969,2
3323129,49683,3
3323129,34126,4
3323129,44910,5
3323129,44142,6
3323383,39108,1
3323383,196,2
3323577,12614,1
3323577,45066,2
3323898,20940,1
3323898,16797,2
3323976,13176,1
3323976,27845,2
3324437,196,1
3324437,21386,2
3324483,13176,1
3324483,14715,2
3324483,33768,3
3324508,24964,1
3324508,41065,2
3324508,13176,3
3324682,27845,1
3324682,24838,2
3324682,41220,3
3324682,44098,4
3325087,21573,1
3325087,38768,2
3325087,16797,3
3325736,13176,1
3325736,11759,2
3325736,27845,3
3325736,37687,4
3325853,16185,1
3325853,42356,2
3325853,4920,3
3327210,25466,1
3327210,3376,2
3327210,20114,3
3327210,7969,4
3327210,40604,5
3327210,33731,6
3327210,22952,7
3327210,47766,8
3327210,5876,9
3327340,42585,1
3327340,41588,2
3327340,28993,3
3327669,27086,1
3327669,39984,2
3327669,3957,3
3328888,45007,1
3328888,39619,2
3328888,45646,3
3329220,44475,1
3329220,5785,2
3329349,25890,1
3329349,48679,2
3329869,13646,1
3329869,42342,2
3329869,16797,3
3331190,19691,1
3331190,16953,2
3331190,38768,3
3331190,32303,4
3331220,27985,1
3331220,36107,2
3331220,25783,3
3331220,33452,4
3331220,12672,5
3331523,46676,1
3331523,39041,2
3332285,33065,1
3332285,38444,2
3333248,22802,1
3333248,38768,2
3333248,11759,3
3333248,48812,4
3333605,16953,1
3333605,18721,2
3333804,9358,1
3333804,14419,2
3333878,38200,1
3333878,432,2
3333878,14084,3
3333878,11520,4
3333941,46667,1
3333941,18362,2
3333941,27464,3
3334134,29675,1
3334134,18564,2
3334134,44632,3
3334134,39877,4
3334195,13914,1
3334195,38300,2
3334216,27845,1
3334216,26209,2
3334216,24964,3
3334286,27652,1
3334286,27885,2
3334370,9358,1
3334370,35951,2
3334370,39275,3
3334370,26405,4
3335161,26940,1
3335161,39947,2
3335161,47156,3
3335161,21137,4
3335276,35547,1
3335276,45664,2
3335276,37642,3
3335276,44014,4
3335276,31717,5
3335276,20114,6
3335278,16797,1
3335278,23288,2
3335278,13259,3
3335278,43352,4
3335278,21288,5
3335278,25588,6
3335318,43352,1
3335318,21137,2
3335318,5258,3
3335809,30639,1
3335809,41290,2
3335809,21386,3
3335809,5212,4
3336188,13176,1
3336188,15872,2
3336659,13646,1
3336659,4920,2
3336659,38622,3
3336659,9092,4
3336659,39877,5
3336659,17794,6
3336718,43154,1
3336718,18023,2
3337260,37552,1
3337260,48109,2
3337260,45599,3
3337260,23288,4
3338267,33120,1
3338267,5785,2
3338592,4920,1
3338592,9839,2
3339035,25146,1
3339035,22142,2
3339284,6184,1
3339284,12341,2
3339284,19660,3
3339284,28918,4
3339284,21573,5
3339284,21292,6
3339284,21903,7
3339284,4149,8
3339787,15290,1
3339787,41787,2
3339787,24852,3
3339787,39928,4
3339787,26604,5
3339787,10305,6
3339787,5785,7
3339854,13176,1
3339854,28918,2
3339854,43352,3
3339854,18023,4
3339854,39275,5
3339877,28373,1
3339877,27086,2
3339977,9076,1
3339977,43352,2
3339977,38739,3
3339977,37524,4
3339977,5612,5
3339977,47042,6
3339977,46886,7
3339977,40198,8
3339977,11512,9
3339991,44570,1
3339991,15290,2
3339991,20114,3
3339991,44683,4
3339991,36316,5
3339991,46667,6
3339991,13733,7
3339991,20127,8
3339991,17634,9
3339991,34126,10
3339991,17794,11
3339991,47626,12
3339991,49683,13
3340145,35561,1
3340145,13176,2
3340154,21137,1
3340154,26604,2
3340154,40332,3
3340575,46906,1
3340575,46820,2
3340575,24852,3
3340575,40174,4
3340575,45066,5
3340737,17122,1
3340737,31066,2
3340737,19660,3
3341025,21137,1
3341025,49235,2
3341360,43352,1
3341360,30406,2
3341371,18523,1
3341371,24852,2
3341371,45066,3
3341371,43352,4
3341371,26177,5
3341371,42110,6
3341371,5212,7
3341472,48812,1
3341472,13176,2
3341654,12341,1
3341654,38768,2
3342361,22825,1
3342361,41787,2
3342678,27845,1
3342678,9825,2
3342678,47209,3
3342678,42244,4
3342678,27966,5
3342678,21903,6
3342678,46906,7
3342678,38557,8
3342678,36695,9
3342678,21137,10
3342902,39275,1
3342902,32455,2
3342902,3298,3
3342902,20940,4
3342902,5586,5
3343338,33198,1
3343338,26317,2
3343338,3599,3
3343338,21376,4
3343338,13829,5
3343338,30489,6
3343670,39928,1
3343670,33120,2
3344367,35221,1
3344367,30489,2
3344367,39275,3
3344367,20127,4
3344367,1463,5
3344367,47766,6
3344519,23165,1
3344519,27744,2
3344519,27521,3
3344519,30391,4
3344519,44359,5
3344984,13249,1
3344984,4799,2
3345126,22802,1
3345126,20955,2
3345244,37646,1
3345244,22124,2
3345244,38557,3
3345244,8424,4
3345244,10749,5
3345551,12916,1
3345551,48142,2
3345551,196,3
3345597,21137,1
3345597,38768,2
3345597,47788,3
3345597,21903,4
3346132,26177,1
3346132,31433,2
3346132,20995,3
3346132,36956,4
3346132,19678,5
3346132,49075,6
3346132,48679,7
3346187,2966,1
3346187,24852,2
3346187,25588,3
3346187,24838,4
3346187,38456,5
3347803,33198,1
3347803,196,2
3347893,25146,1
3347893,19057,2
3347893,13176,3
3347893,39180,4
3347893,16521,5
3348099,39657,1
3348099,37710,2
3348099,3298,3
3348784,43739,1
3348784,196,2
3348784,46061,3
3348784,31422,4
3348784,41400,5
3348784,16953,6
3348784,37710,7
3348784,22362,8
3348784,38928,9
3349334,11068,1
3349334,27845,2
3349362,20711,1
3349362,5748,2
3349629,31717,1
3349629,15613,2
3349629,13829,3
3349629,20114,4
3349629,37971,5
3350081,36534,1
3350081,16797,2
3350368,35887,1
3350368,9020,2
3350452,8859,1
3350452,21137,2
3350643,19660,1
3350643,38490,2
3350643,30776,3
3350643,27966,4
3350643,47626,5
3350643,34126,6
3350643,27521,7
3350643,31717,8
3350643,35535,9
3350936,30776,1
3350936,7751,2
3350936,44628,3
3352721,13176,1
3352721,42803,2
3352721,21903,3
3352916,28156,1
3352916,41844,2
3352916,8424,3
3352916,21616,4
3352916,8518,5
3352916,22935,6
3352916,37011,7
3352916,33198,8
3352929,31506,1
3352929,43352,2
3352996,7559,1
3352996,9076,2
3352996,43352,3
3353012,46061,1
3353012,39408,2
3353012,41400,3
3353377,13176,1
3353377,27966,2
3353377,21903,3
3353377,42803,4
3353518,41276,1
3353518,16714,2
3353518,45051,3
3353555,38768,1
3353555,46061,2
3354259,13176,1
3354259,26604,2
3354259,30639,3
3354437,34551,1
3354437,30591,2
3354811,25146,1
3354811,19003,2
3354811,14992,3
3354811,45535,4
3354811,33731,5
3354811,45007,6
3354811,19006,7
3355042,7963,1
3355042,39475,2
3355152,47209,1
3355152,27845,2
3355152,18465,3
3355152,47626,4
3355152,10644,5
3355152,49683,6
3355229,13176,1
3355229,38890,2
3355229,14084,3
3355229,18441,4
3355229,13829,5
3355473,196,1
3355473,43154,2
3356993,26348,1
3356993,37710,2
3357009,46149,1
3357009,196,2
3358344,34448,1
3358344,24852,2
3358344,16083,3
3358344,23236,4
3358995,7021,1
3358995,9358,2
3359235,8048,1
3359235,5068,2
3359235,12341,3
3359235,30827,4
3359814,24852,1
3359814,21903,2
3359814,35951,3
3359814,16797,4
3359814,23622,5
3360119,19057,1
3360119,13176,2
3360119,5450,3
3360119,8174,4
3360119,40516,5
3360119,30391,6
3360652,21288,1
3360652,4086,2
3361532,9366,1
3361532,31640,2
3361532,31040,3
3361532,23029,4
3361532,46906,5
3361532,13176,6
3361532,16797,7
3361532,14947,8
3363529,29662,1
3363529,19048,2
3363529,28156,3
3363529,24852,4
3363529,2966,5
3364091,24852,1
3364091,5077,2
3364207,13176,1
3364207,18352,2
3364207,29127,3
3364207,14891,4
3364207,19691,5
3364207,27336,6
3364207,31915,7
3364298,44632,1
3364298,47766,2
3364387,1090,1
3364387,33065,2
3364387,5818,3
3364387,18339,4
3364387,19348,5
3364391,23909,1
3364391,24852,2
3366073,5769,1
3366073,35561,2
3366073,31506,3
3366631,3298,1
3366631,39657,2
3366631,40199,3
3366668,31651,1
3366668,32403,2
3366954,9020,1
3366954,1940,2
3367125,32691,1
3367125,47766,2
3367125,7559,3
3367142,9020,1
3367142,21137,2
3367142,14715,3
3367182,10673,1
3367182,43631,2
3367205,24852,1
3367205,33754,2
3367205,4957,3
3367205,4920,4
3367205,37103,5
3367205,14086,6
3367205,9366,7
3367205,5114,8
3367205,38192,9
3367205,8670,10
3367205,16797,11
3367205,40723,12
3367205,41665,13
3367205,36956,14
3367205,46979,15
3367205,5769,16
3367205,45007,17
3367205,16616,18
3367371,8580,1
3367371,29103,2
3368187,47626,1
3368187,8424,2
3368187,28934,3
3368187,30489,4
3368187,49683,5
3368828,14852,1
3368828,38293,2
3368828,47626,3
3369002,24799,1
3369002,19057,2
3369002,21543,3
3370355,43352,1
3370355,4724,2
3370355,16797,3
3370523,39275,1
3370523,43352,2
3370523,17122,3
3370523,42265,4
3370649,32689,1
3370649,23288,2
3371105,24852,1
3371105,24964,2
3371563,13424,1
3371563,28204,2
3371563,48364,3
3371592,196,1
3371592,5258,2
3371592,46149,3
3372151,20940,1
3372151,9076,2
3372464,20670,1
3372464,6184,2
3372464,35561,3
3372464,21573,4
3372464,13535,5
3372838,37710,1
3372838,46562,2
3372838,6184,3
3372838,40939,4
3372838,13259,5
3373013,43262,1
3373013,35939,2
3373013,27966,3
3373534,27966,1
3373534,5612,2
3373534,45445,3
3373534,24799,4
3373534,27086,5
3373534,27845,6
3373534,17758,7
3373534,46886,8
3373534,40198,9
3373534,6948,10
3373534,21903,11
3373534,46802,12
3374121,43352,1
3374121,33768,2
3374887,2120,1
3374887,12481,2
3374887,40396,3
3375310,49235,1
3375310,28204,2
3375310,45066,3
3375310,39877,4
3375534,19057,1
3375534,12606,2
3375659,24852,1
3375659,42768,2
3375659,28289,3
3375659,38383,4
3375659,24964,5
3375659,21903,6
3375659,13198,7
3375659,45007,8
3375659,38689,9
3375659,27845,10
3375659,26790,11
3376264,37646,1
3376264,46969,2
3377126,47209,1
3377126,22825,2
3377126,39928,3
3377126,43961,4
3377126,26604,5
3377126,29662,6
3377126,10749,7
3377126,23165,8
3377126,47042,9
3377126,48745,10
3377126,5876,11
3377126,27336,12
3377126,24838,13
3377126,7781,14
3377703,44142,1
3377703,11777,2
3377703,40706,3
3377703,39275,4
3377703,47626,5
3377703,16797,6
3377703,12099,7
3377703,34969,8
3377703,24852,9
3377703,19691,10
3377703,10749,11
3377703,21288,12
3378225,33198,1
3378225,16696,2
3378225,12916,3
3378225,10032,4
3378329,34024,1
3378329,39921,2
3378424,4920,1
3378424,19348,2
3378813,16714,1
3378813,35561,2
3378813,13535,3
3379240,17634,1
3379240,12341,2
3379240,8048,3
3379303,8859,1
3379303,23543,2
3379834,26369,1
3379834,26209,2
3379834,47766,3
3380609,35948,1
3380609,26209,2
3380609,12572,3
3380821,3957,1
3380821,40396,2
3380821,15386,3
3381209,24852,1
3381209,15860,2
3381209,1940,3
3381209,5077,4
3381209,19488,5
3381209,38371,6
3381209,35473,7
3382015,34358,1
3382015,21137,2
3382015,4920,3
3382015,47626,4
3382015,45,5
3382467,24184,1
3382467,15290,2
3382467,47766,3
3382467,27156,4
3382467,16616,5
3382467,45007,6
3382467,20995,7
3382631,38928,1
3382631,16797,2
3382631,38768,3
3382727,13176,1
3382727,24838,2
3382727,38739,3
3382727,37065,4
3382727,47626,5
3382727,8277,6
3383188,8021,1
3383188,41950,2
3383188,47209,3
3383188,2078,4
3383188,21616,5
3383188,34126,6
3383188,5258,7
3383188,19660,8
3383188,22935,9
3383452,16797,1
3383452,39275,2
3383452,39408,3
3383818,12341,1
3383818,12606,2
3383818,9358,3
3383818,1957,4
3383977,40939,1
3383977,32689,2
3383977,38768,3
3384110,890,1
3384110,5769,2
3384282,14233,1
3384282,1194,2
3384282,47042,3
3384282,7179,4
3384338,5450,1
3384338,20114,2
3384338,4605,3
3384338,44142,4
3384338,26940,5
3384338,40706,6
3384338,12099,7
3384338,24964,8
3384338,33401,9
3384338,31717,10
3384753,21903,1
3384753,16797,2
3384753,8048,3
3384753,38928,4
3386620,24852,1
3386620,4605,2
3386620,35951,3
3386620,22963,4
3386620,26497,5
3386874,35989,1
3386874,44632,2
3386874,47766,3
3386874,35951,4
3386874,12409,5
3386874,24964,6
3386874,39812,7
3387089,5212,1
3387089,46900,2
3387299,15290,1
3387299,46906,2
3387299,16797,3
3387299,39928,4
3387299,38456,5
3387299,36082,6
3387299,45007,7
3387299,22395,8
3387299,28849,9
3387299,35898,10
3387299,34565,11
3387299,25072,12
3387374,24852,1
3387374,27845,2
3387374,43967,3
3387374,41259,4
3387374,40706,5
3387374,8424,6
3387374,26604,7
3387374,9076,8
3387374,21376,9
3387374,32177,10
3387374,47626,11
3387374,21019,12
3387378,5258,1
3387378,16797,2
3387577,21267,1
3387577,18811,2
3387577,22935,3
3387577,21616,4
3387577,24964,5
3387577,37158,6
3387577,11440,7
3387577,43352,8
3387771,47144,1
3387771,8021,2
3387771,9387,3
3387771,14996,4
3387771,46049,5
3388053,21573,1
3388053,42265,2
3388053,45149,3
3388210,19660,1
3388210,196,2
3389029,39922,1
3389029,32689,2
3389106,24852,1
3389106,26177,2
3389106,31433,3
3389106,27663,4
3389106,34,5
3389106,34335,6
3389106,47325,7
3389289,24852,1
3389289,32478,2
3389289,16797,3
3389289,4920,4
3389289,11777,5
3389289,26604,6
3389289,35547,7
3389289,47766,8
3389289,5134,9
3389289,8174,10
3389609,18023,1
3389609,280,2
3390005,41131,1
3390005,27629,2
3390005,39162,3
3390378,9839,1
3390378,10749,2
3390378,44359,3
3390378,49235,4
3391126,42972,1
3391126,2717,2
3391126,7693,3
3391126,36316,4
3391126,47977,5
3391134,13176,1
3391134,18465,2
3391134,22035,3
3391134,19660,4
3391839,49235,1
3391839,27845,2
3393288,17122,1
3393288,46061,2
3393288,12427,3
3393291,13176,1
3393291,39275,2
3393337,44422,1
3393337,15290,2
3393337,2295,3
3393337,45,4
3393337,21019,5
3393337,4920,6
3393337,16185,7
3393337,46107,8
3393582,11759,1
3393582,44683,2
3394373,44632,1
3394373,21709,2
3395371,210,1
3395371,47766,2
3395371,20734,3
3395371,24852,4
3395721,19660,1
3395721,196,2
3395721,14419,3
3396425,13176,1
3396425,48142,2
3396425,16797,3
3396425,27156,4
3396786,35221,1
3396786,14947,2
3396786,30391,3
3396786,34243,4
3396786,35167,5
3396786,41220,6
3396786,9076,7
3397056,37317,1
3397056,3957,2
3397056,34590,3
3397056,23288,4
3397370,20738,1
3397370,21903,2
3397370,18811,3
3397408,15613,1
3397408,42356,2
3397408,46900,3
3397408,27845,4
3397408,36011,5
3397680,35121,1
3397680,35842,2
3397680,37642,3
3397680,13176,4
3397680,40377,5
3398948,26209,1
3398948,20114,2
3398948,12456,3
3398948,49683,4
3398948,45007,5
3398948,45200,6
3398948,11520,7
3398948,48205,8
3398948,43086,9
3398948,44632,10
3398948,24838,11
3398948,47156,12
3398948,32740,13
3399883,48142,1
3399883,23288,2
3400973,20738,1
3400973,13575,2
3400973,4149,3
3400973,30450,4
3401892,41165,1
3401892,18564,2
3402057,28204,1
3402057,10957,2
3402180,31651,1
3402180,31759,2
3402180,20955,3
3403421,9339,1
3403421,24852,2
3404287,19057,1
3404287,4210,2
3404287,44142,3
3404287,24852,4
3404287,11182,5
3404287,24184,6
3404287,30696,7
3404313,28985,1
3404313,38293,2
3404313,47144,3
3404313,31683,4
3404313,38890,5
3404313,24964,6
3404313,10246,7
3404313,29675,8
3404313,10644,9
3404378,13176,1
3404378,21903,2
3404378,39984,3
3404378,8424,4
3404378,40706,5
3404378,5479,6
3404648,11520,1
3404648,18531,2
3404648,4472,3
3404663,24852,1
3404663,26620,2
3404663,5212,3
3404663,2326,4
3404663,41844,5
3404663,18362,6
3405142,23032,1
3405142,47479,2
3405142,21131,3
3405943,34126,1
3405943,33000,2
3406478,11777,1
3406478,33731,2
3406478,47626,3
3406478,31506,4
3406478,45007,5
3406478,46979,6
3406478,21903,7
3406478,40706,8
3406478,43122,9
3406834,5258,1
3406834,12341,2
3407203,19660,1
3407203,13042,2
3407694,5067,1
3407694,21137,2
3407694,6184,3
3408111,43154,1
3408111,38928,2
3408266,17461,1
3408266,46979,2
3408266,21137,3
3408266,47042,4
3408266,37687,5
3408286,29447,1
3408286,13166,2
3408286,5460,3
3408286,19173,4
3408493,32303,1
3408493,43352,2
3408493,42265,3
3408493,37687,4
3408493,8571,5
3408493,8048,6
3408493,40199,7
3408493,6184,8
3408536,24838,1
3408536,13176,2
3408577,39877,1
3408577,21137,2
3408651,13575,1
3408651,6184,2
3409467,30827,1
3409467,196,2
3409467,19660,3
3409467,11266,4
3409467,8048,5
3409528,13176,1
3409528,25466,2
3409528,11140,3
3409528,35561,4
3409528,2450,5
3409528,13829,6
3409528,27683,7
3409528,39475,8
3409528,22935,9
3409528,26209,10
3409528,16616,11
3409528,30391,12
3409528,43768,13
3409528,4472,14
3409605,15290,1
3409605,19468,2
3409605,38739,3
3410485,21288,1
3410485,21292,2
3410603,20995,1
3410603,12341,2
3410603,38768,3
3410803,33198,1
3410803,19660,2
3411173,21903,1
3411173,24489,2
3411173,31727,3
3411173,13176,4
3411173,29662,5
3411173,16349,6
3411173,26369,7
3411173,44359,8
3411173,9839,9
3411173,38159,10
3411173,32429,11
3411434,21195,1
3411434,33000,2
3411484,3957,1
3411484,25659,2
3412281,13575,1
3412281,16797,2
3412480,47209,1
3412480,45007,2
3412480,43961,3
3412480,42768,4
3412480,45200,5
3412480,1529,6
3412480,13380,7
3413100,17461,1
3413100,19508,2
3413100,43772,3
3413100,10385,4
3413100,40604,5
3413100,38200,6
3413100,32156,7
3413100,38689,8
3413135,43352,1
3413135,10326,2
3413196,7628,1
3413196,46667,2
3413611,44632,1
3413611,35221,2
3413611,2717,3
3414010,13517,1
3414010,13984,2
3414010,19348,3
3414010,44098,4
3414010,39877,5
3414010,38739,6
3414010,34584,7
3414010,26209,8
3415079,2966,1
3415079,10017,2
3415079,37067,3
3415079,260,4
3415079,43789,5
3415079,34126,6
3415079,15200,7
3415079,24830,8
3415079,5240,9
3415079,12341,10
3415079,48679,11
3415124,4605,1
3415124,8518,2
3415124,21938,3
3415124,30391,4
3415124,47626,5
3415124,47766,6
3415124,26604,7
3415124,25890,8
3415124,4462,9
3415124,48559,10
3415124,45603,11
3415124,40310,12
3415184,37710,1
3415184,39657,2
3415782,31651,1
3415782,21572,2
3415782,39657,3
3415782,45051,4
3416017,41400,1
3416017,32478,2
3416017,30591,3
3416017,31759,4
3416846,29987,1
3416846,25718,2
3416846,22260,3
3417696,13176,1
3417696,47766,2
3418027,12341,1
3418027,16797,2
3418027,8571,3
3418027,21903,4
3418027,8859,5
3418783,49235,1
3418783,30720,2
3418783,9839,3
3418783,25890,4
3418929,47977,1
3418929,9411,2
3419435,16589,1
3419435,44422,2
3419435,27845,3
3419435,24852,4
3419435,35782,5
3419482,40174,1
3419482,44142,2
3419482,13733,3
3419482,32689,4
3419829,30233,1
3419829,47209,2
3419829,13176,3
3419829,29127,4
3419829,37646,5
3420008,9839,1
3420008,19677,2
3420008,11520,3
3420008,19678,4
3420008,21174,5
3420090,22362,1
3420090,40939,2
3420090,41400,3
3420090,26348,4
3420909,35221,1
3420909,5194,2
3420909,28204,3
3420909,33754,4
3420909,4957,5
3420909,25146,6
3420909,21938,7
3420909,24184,8
3420909,21137,9
3420909,19660,10
3421070,35951,1
3421070,16953,2
3421070,4724,3
